method,target_assurance,sla_name,split,pred_x,pred_y,true_x,true_y,euclidean_error_mm,base_radius_mm,qhat_mm,final_radius_mm,covered
CQR-OneSided,0.9,0p9,test,-1428.775390625,1157.1007080078125,-1437.0,1170.0,15.298233032226562,15.92607307434082,-0.6296977996826172,15.296375274658203,0.0
CQR-OneSided,0.9,0p9,test,-1429.815673828125,1157.9451904296875,-1437.0,1170.0,14.033281326293945,15.95877456665039,-0.6296977996826172,15.329076766967773,1.0
CQR-OneSided,0.9,0p9,test,-1436.151123046875,1162.9871826171875,-1437.0,1165.0,2.1844966411590576,14.442455291748047,-0.6296977996826172,13.81275749206543,1.0
CQR-OneSided,0.9,0p9,test,-1428.134521484375,1156.552490234375,-1437.0,1170.0,16.106901168823242,15.355555534362793,-0.6296977996826172,14.725857734680176,0.0
CQR-OneSided,0.9,0p9,test,-1431.7080078125,1159.3851318359375,-1437.0,1165.0,7.715693473815918,14.324462890625,-0.6296977996826172,13.694765090942383,1.0
CQR-OneSided,0.9,0p9,test,-1431.6357421875,1159.4044189453125,-1437.0,1170.0,11.876093864440918,15.680597305297852,-0.6296977996826172,15.050899505615234,1.0
CQR-OneSided,0.9,0p9,test,-1410.1640625,1139.066650390625,-1437.0,1160.0,34.034873962402344,48.4490966796875,-0.6296977996826172,47.81939697265625,1.0
CQR-OneSided,0.9,0p9,test,-1428.695556640625,1156.9761962890625,-1437.0,1155.0,8.536341667175293,14.792778015136719,-0.6296977996826172,14.163080215454102,1.0
CQR-OneSided,0.9,0p9,test,-1430.935791015625,1158.8646240234375,-1437.0,1170.0,12.679559707641602,16.17909049987793,-0.6296977996826172,15.549392700195312,1.0
CQR-OneSided,0.9,0p9,test,-1424.042236328125,1153.2493896484375,-1437.0,1170.0,21.177501678466797,15.521665573120117,-0.6296977996826172,14.8919677734375,0.0
CQR-OneSided,0.9,0p9,test,-1429.8165283203125,1157.8912353515625,-1437.0,1155.0,7.743481636047363,14.952129364013672,-0.6296977996826172,14.322431564331055,1.0
CQR-OneSided,0.9,0p9,test,-1458.2274169921875,1177.8717041015625,-1437.0,1160.0,27.748891830444336,33.41797637939453,-0.6296977996826172,32.78827667236328,1.0
CQR-OneSided,0.9,0p9,test,-1432.377197265625,1159.9676513671875,-1437.0,1155.0,6.785857677459717,15.021357536315918,-0.6296977996826172,14.3916597366333,1.0
CQR-OneSided,0.9,0p9,test,-1443.624267578125,1169.0716552734375,-1437.0,1165.0,7.775557518005371,15.021594047546387,-0.6296977996826172,14.39189624786377,1.0
CQR-OneSided,0.9,0p9,test,-1428.970947265625,1157.186279296875,-1437.0,1155.0,8.321388244628906,14.587666511535645,-0.6296977996826172,13.957968711853027,1.0
CQR-OneSided,0.9,0p9,test,-1433.4090576171875,1160.8544921875,-1437.0,1170.0,9.825231552124023,15.978920936584473,-0.6296977996826172,15.349223136901855,1.0
CQR-OneSided,0.9,0p9,test,-1428.562744140625,1156.87109375,-1437.0,1155.0,8.642237663269043,14.839362144470215,-0.6296977996826172,14.209664344787598,1.0
CQR-OneSided,0.9,0p9,test,-1418.9290771484375,1146.1419677734375,-1437.0,1160.0,22.772863388061523,28.97416877746582,-0.6296977996826172,28.344470977783203,1.0
CQR-OneSided,0.9,0p9,test,-1430.983154296875,1158.8873291015625,-1437.0,1170.0,12.637003898620605,15.917825698852539,-0.6296977996826172,15.288127899169922,1.0
CQR-OneSided,0.9,0p9,test,-1429.220947265625,1157.468994140625,-1437.0,1170.0,14.749229431152344,16.06837272644043,-0.6296977996826172,15.438674926757812,1.0
CQR-OneSided,0.9,0p9,test,-1449.721923828125,1174.104248046875,-1437.0,1165.0,15.643998146057129,16.782669067382812,-0.6296977996826172,16.152971267700195,1.0
CQR-OneSided,0.9,0p9,test,-1439.9610595703125,1163.1243896484375,-1437.0,1160.0,4.304612159729004,12.419161796569824,-0.6296977996826172,11.789463996887207,1.0
CQR-OneSided,0.9,0p9,test,-1437.1650390625,1163.8975830078125,-1437.0,1170.0,6.104648113250732,16.040971755981445,-0.6296977996826172,15.411273956298828,1.0
CQR-OneSided,0.9,0p9,test,-1440.755859375,1166.7861328125,-1437.0,1165.0,4.158936023712158,15.652541160583496,-0.6296977996826172,15.022843360900879,1.0
CQR-OneSided,0.9,0p9,test,-1430.732421875,1158.613525390625,-1437.0,1155.0,7.234645843505859,14.619559288024902,-0.6296977996826172,13.989861488342285,1.0
CQR-OneSided,0.9,0p9,test,-1433.801513671875,1161.0965576171875,-1437.0,1165.0,5.046501636505127,14.608945846557617,-0.6296977996826172,13.979248046875,1.0
CQR-OneSided,0.9,0p9,test,-1402.7666015625,1133.0908203125,-1437.0,1160.0,43.54342269897461,54.84032440185547,-0.6296977996826172,54.21062469482422,1.0
CQR-OneSided,0.9,0p9,test,-1441.8719482421875,1167.64892578125,-1437.0,1165.0,5.545510768890381,14.958518981933594,-0.6296977996826172,14.328821182250977,1.0
CQR-OneSided,0.9,0p9,test,-1426.4638671875,1155.1517333984375,-1437.0,1155.0,10.537225723266602,14.499889373779297,-0.6296977996826172,13.87019157409668,1.0
CQR-OneSided,0.9,0p9,test,-1426.1048583984375,1154.8720703125,-1437.0,1155.0,10.895892143249512,14.673151016235352,-0.6296977996826172,14.043453216552734,1.0
CQR-OneSided,0.9,0p9,test,-1431.71484375,1159.4183349609375,-1437.0,1165.0,7.686862945556641,14.74367904663086,-0.6296977996826172,14.113981246948242,1.0
CQR-OneSided,0.9,0p9,test,-1440.17333984375,1166.2718505859375,-1437.0,1165.0,3.4187264442443848,14.937875747680664,-0.6296977996826172,14.308177947998047,1.0
CQR-OneSided,0.9,0p9,test,-1437.895263671875,1164.44775390625,-1437.0,1165.0,1.0518901348114014,15.242011070251465,-0.6296977996826172,14.612313270568848,1.0
CQR-OneSided,0.9,0p9,test,-1427.83642578125,1156.276123046875,-1437.0,1155.0,9.25200366973877,14.726170539855957,-0.6296977996826172,14.09647274017334,1.0
CQR-OneSided,0.9,0p9,test,-1499.5048828125,1211.19921875,-1437.0,1160.0,80.79740905761719,81.11974334716797,-0.6296977996826172,80.49004364013672,0.0
CQR-OneSided,0.9,0p9,test,-1437.26806640625,1163.91943359375,-1437.0,1165.0,1.1133208274841309,14.869430541992188,-0.6296977996826172,14.23973274230957,1.0
CQR-OneSided,0.9,0p9,test,-1440.9974365234375,1167.0367431640625,-1437.0,1170.0,4.97598123550415,16.688840866088867,-0.6296977996826172,16.05914306640625,1.0
CQR-OneSided,0.9,0p9,test,-1428.9649658203125,1157.184814453125,-1437.0,1155.0,8.326775550842285,14.650209426879883,-0.6296977996826172,14.020511627197266,1.0
CQR-OneSided,0.9,0p9,test,-1438.30224609375,1161.7864990234375,-1437.0,1160.0,2.21075177192688,14.697328567504883,-0.6296977996826172,14.067630767822266,1.0
CQR-OneSided,0.9,0p9,test,-1430.728759765625,1158.630859375,-1437.0,1165.0,8.938366889953613,14.957815170288086,-0.6296977996826172,14.328117370605469,1.0
CQR-OneSided,0.9,0p9,test,-1430.611572265625,1158.567626953125,-1437.0,1170.0,13.096227645874023,15.5563325881958,-0.6296977996826172,14.926634788513184,1.0
CQR-OneSided,0.9,0p9,test,-1425.943359375,1154.7474365234375,-1437.0,1155.0,11.059524536132812,14.764699935913086,-0.6296977996826172,14.135002136230469,1.0
CQR-OneSided,0.9,0p9,test,-1444.5006103515625,1166.7913818359375,-1437.0,1160.0,10.118399620056152,12.386030197143555,-0.6296977996826172,11.756332397460938,1.0
CQR-OneSided,0.9,0p9,test,-1435.528076171875,1162.5185546875,-1437.0,1165.0,2.8851571083068848,15.006887435913086,-0.6296977996826172,14.377189636230469,1.0
CQR-OneSided,0.9,0p9,test,-1441.66943359375,1167.4769287109375,-1437.0,1165.0,5.285715103149414,14.812742233276367,-0.6296977996826172,14.18304443359375,1.0
CQR-OneSided,0.9,0p9,test,-1436.62841796875,1163.400390625,-1437.0,1165.0,1.6422007083892822,14.871956825256348,-0.6296977996826172,14.24225902557373,1.0
CQR-OneSided,0.9,0p9,test,-1433.143310546875,1160.5662841796875,-1437.0,1155.0,6.771821975708008,14.663666725158691,-0.6296977996826172,14.033968925476074,1.0
CQR-OneSided,0.9,0p9,test,-1435.516845703125,1162.5841064453125,-1437.0,1170.0,7.5627522468566895,16.387527465820312,-0.6296977996826172,15.757829666137695,1.0
CQR-OneSided,0.9,0p9,test,-1412.630126953125,1141.05810546875,-1437.0,1160.0,30.865612030029297,39.51456069946289,-0.6296977996826172,38.884864807128906,1.0
CQR-OneSided,0.9,0p9,test,-1441.641845703125,1167.478759765625,-1437.0,1165.0,5.2622222900390625,15.221641540527344,-0.6296977996826172,14.591943740844727,1.0
CQR-OneSided,0.9,0p9,test,-1347.4638671875,1088.4459228515625,-1437.0,1160.0,114.61546325683594,141.4805145263672,-0.6296977996826172,140.85081481933594,1.0
CQR-OneSided,0.9,0p9,test,-1428.38525390625,1156.721435546875,-1437.0,1155.0,8.785055160522461,14.730648040771484,-0.6296977996826172,14.100950241088867,1.0
CQR-OneSided,0.9,0p9,test,-1434.58837890625,1161.741943359375,-1437.0,1165.0,4.053498268127441,14.75261116027832,-0.6296977996826172,14.122913360595703,1.0
CQR-OneSided,0.9,0p9,test,-1436.7978515625,1163.6124267578125,-1437.0,1170.0,6.39077091217041,16.253259658813477,-0.6296977996826172,15.62356185913086,1.0
CQR-OneSided,0.9,0p9,test,-1436.84033203125,1163.5946044921875,-1437.0,1165.0,1.4144364595413208,15.275944709777832,-0.6296977996826172,14.646246910095215,1.0
CQR-OneSided,0.9,0p9,test,-1424.129638671875,1150.3426513671875,-1437.0,1160.0,16.0906982421875,31.689054489135742,-0.6296977996826172,31.059356689453125,1.0
CQR-OneSided,0.9,0p9,test,-1434.8193359375,1161.9158935546875,-1437.0,1165.0,3.7771694660186768,14.525219917297363,-0.6296977996826172,13.895522117614746,1.0
CQR-OneSided,0.9,0p9,test,-1455.5338134765625,1175.697509765625,-1437.0,1160.0,24.28814697265625,32.448177337646484,-0.6296977996826172,31.818479537963867,1.0
CQR-OneSided,0.9,0p9,test,-1453.5902099609375,1174.1282958984375,-1437.0,1160.0,21.790910720825195,24.533824920654297,-0.6296977996826172,23.90412712097168,1.0
CQR-OneSided,0.9,0p9,test,-1419.919677734375,1146.9439697265625,-1437.0,1160.0,21.498775482177734,33.312835693359375,-0.6296977996826172,32.683135986328125,1.0
CQR-OneSided,0.9,0p9,test,-1425.5458984375,1154.4268798828125,-1437.0,1155.0,11.468430519104004,14.795639038085938,-0.6296977996826172,14.16594123840332,1.0
CQR-OneSided,0.9,0p9,test,-1430.6661376953125,1155.6190185546875,-1437.0,1160.0,7.701351642608643,19.037199020385742,-0.6296977996826172,18.407501220703125,1.0
CQR-OneSided,0.9,0p9,test,-1436.899169921875,1160.65283203125,-1437.0,1160.0,0.6605727672576904,13.182171821594238,-0.6296977996826172,12.552474021911621,1.0
CQR-OneSided,0.9,0p9,test,-1416.53759765625,1144.2105712890625,-1437.0,1160.0,25.846004486083984,36.7160758972168,-0.6296977996826172,36.08638000488281,1.0
CQR-OneSided,0.9,0p9,test,-1428.990234375,1157.2628173828125,-1437.0,1170.0,15.046334266662598,15.689800262451172,-0.6296977996826172,15.060102462768555,1.0
CQR-OneSided,0.9,0p9,test,-1429.608642578125,1157.7633056640625,-1437.0,1165.0,10.344172477722168,15.712642669677734,-0.6296977996826172,15.082944869995117,1.0
CQR-OneSided,0.9,0p9,test,-1432.3492431640625,1159.930419921875,-1437.0,1155.0,6.777800559997559,14.754105567932129,-0.6296977996826172,14.124407768249512,1.0
CQR-OneSided,0.9,0p9,test,-1431.4447021484375,1159.196533203125,-1437.0,1155.0,6.962199687957764,14.729416847229004,-0.6296977996826172,14.099719047546387,1.0
CQR-OneSided,0.9,0p9,test,-1433.318359375,1160.7076416015625,-1437.0,1155.0,6.792028427124023,14.64621353149414,-0.6296977996826172,14.016515731811523,1.0
CQR-OneSided,0.9,0p9,test,-1475.96533203125,1192.191650390625,-1437.0,1160.0,50.54304885864258,63.405216217041016,-0.6296977996826172,62.77552032470703,1.0
CQR-OneSided,0.9,0p9,test,-1436.8924560546875,1163.6640625,-1437.0,1170.0,6.336850166320801,15.803444862365723,-0.6296977996826172,15.173747062683105,1.0
CQR-OneSided,0.9,0p9,test,-1434.988037109375,1162.09619140625,-1437.0,1165.0,3.5327184200286865,15.300446510314941,-0.6296977996826172,14.670748710632324,1.0
CQR-OneSided,0.9,0p9,test,-1432.54931640625,1160.07666015625,-1437.0,1155.0,6.7513747215271,14.497001647949219,-0.6296977996826172,13.867303848266602,1.0
CQR-OneSided,0.9,0p9,test,-1434.784912109375,1161.9515380859375,-1437.0,1165.0,3.7682535648345947,15.628523826599121,-0.6296977996826172,14.998826026916504,1.0
CQR-OneSided,0.9,0p9,test,-1431.558837890625,1159.3016357421875,-1437.0,1165.0,7.878933906555176,14.948064804077148,-0.6296977996826172,14.318367004394531,1.0
CQR-OneSided,0.9,0p9,test,-1431.111572265625,1158.94921875,-1437.0,1165.0,8.443076133728027,15.136242866516113,-0.6296977996826172,14.506545066833496,1.0
CQR-OneSided,0.9,0p9,test,-1427.6041259765625,1156.0916748046875,-1437.0,1155.0,9.459080696105957,14.775174140930176,-0.6296977996826172,14.145476341247559,1.0
CQR-OneSided,0.9,0p9,test,-1431.271484375,1159.1201171875,-1437.0,1170.0,12.295842170715332,15.902358055114746,-0.6296977996826172,15.272660255432129,1.0
CQR-OneSided,0.9,0p9,test,-1435.6741943359375,1162.6597900390625,-1437.0,1170.0,7.458983898162842,15.481437683105469,-0.6296977996826172,14.851739883422852,1.0
CQR-OneSided,0.9,0p9,test,-1423.494140625,1152.8077392578125,-1437.0,1170.0,21.86280059814453,15.542290687561035,-0.6296977996826172,14.912592887878418,0.0
CQR-OneSided,0.9,0p9,test,-1422.844482421875,1152.2354736328125,-1437.0,1155.0,14.422943115234375,14.712128639221191,-0.6296977996826172,14.082430839538574,0.0
CQR-OneSided,0.9,0p9,test,-1426.5919189453125,1152.330810546875,-1437.0,1160.0,12.928442001342773,22.903411865234375,-0.6296977996826172,22.273714065551758,1.0
CQR-OneSided,0.9,0p9,test,-1431.67529296875,1159.3797607421875,-1437.0,1155.0,6.894549369812012,14.657509803771973,-0.6296977996826172,14.027812004089355,1.0
CQR-OneSided,0.9,0p9,test,-1429.5020751953125,1157.732421875,-1437.0,1170.0,14.377493858337402,16.682985305786133,-0.6296977996826172,16.053287506103516,1.0
CQR-OneSided,0.9,0p9,test,-1438.580810546875,1165.028076171875,-1437.0,1165.0,1.5810598134994507,15.753315925598145,-0.6296977996826172,15.123618125915527,1.0
CQR-OneSided,0.9,0p9,test,-1443.04052734375,1165.6104736328125,-1437.0,1160.0,8.244112014770508,18.939456939697266,-0.6296977996826172,18.30975914001465,1.0
CQR-OneSided,0.9,0p9,test,-1443.260498046875,1168.7750244140625,-1437.0,1165.0,7.310584545135498,14.98211669921875,-0.6296977996826172,14.352418899536133,1.0
CQR-OneSided,0.9,0p9,test,-1433.1126708984375,1160.5577392578125,-1437.0,1165.0,5.902966022491455,14.921052932739258,-0.6296977996826172,14.29135513305664,1.0
CQR-OneSided,0.9,0p9,test,-1442.8895263671875,1165.4879150390625,-1437.0,1160.0,8.050076484680176,17.610326766967773,-0.6296977996826172,16.980628967285156,1.0
CQR-OneSided,0.9,0p9,test,-1425.36962890625,1154.3388671875,-1437.0,1170.0,19.507347106933594,15.803704261779785,-0.6296977996826172,15.174006462097168,0.0
CQR-OneSided,0.9,0p9,test,-1431.84521484375,1159.5501708984375,-1437.0,1165.0,7.501496315002441,15.22034740447998,-0.6296977996826172,14.590649604797363,1.0
CQR-OneSided,0.9,0p9,test,-1404.443603515625,1134.4456787109375,-1437.0,1160.0,41.3877067565918,48.38417434692383,-0.6296977996826172,47.754478454589844,1.0
CQR-OneSided,0.9,0p9,test,-1438.362548828125,1161.8358154296875,-1437.0,1160.0,2.286210298538208,13.948622703552246,-0.6296977996826172,13.318924903869629,1.0
CQR-OneSided,0.9,0p9,test,-1440.5379638671875,1163.5914306640625,-1437.0,1160.0,5.041384696960449,12.949345588684082,-0.6296977996826172,12.319647789001465,1.0
CQR-OneSided,0.9,0p9,test,-1427.9384765625,1156.423828125,-1437.0,1170.0,16.32248878479004,15.929471015930176,-0.6296977996826172,15.299773216247559,0.0
CQR-OneSided,0.9,0p9,test,-1423.754638671875,1150.0386962890625,-1437.0,1160.0,16.57308578491211,25.67706871032715,-0.6296977996826172,25.04737091064453,1.0
CQR-OneSided,0.9,0p9,test,-1440.71826171875,1166.8037109375,-1437.0,1170.0,4.9032368659973145,16.5861873626709,-0.6296977996826172,15.956489562988281,1.0
CQR-OneSided,0.9,0p9,test,-1428.445068359375,1156.7664794921875,-1437.0,1155.0,8.735405921936035,14.688825607299805,-0.6296977996826172,14.059127807617188,1.0
CQR-OneSided,0.9,0p9,test,-1436.381591796875,1163.2137451171875,-1437.0,1155.0,8.236991882324219,15.106934547424316,-0.6296977996826172,14.4772367477417,1.0
CQR-OneSided,0.9,0p9,test,-1425.8525390625,1154.7154541015625,-1437.0,1170.0,18.917802810668945,15.532483100891113,-0.6296977996826172,14.902785301208496,0.0
CQR-OneSided,0.9,0p9,test,-1438.249267578125,1164.7120361328125,-1437.0,1165.0,1.282026767730713,14.86469554901123,-0.6296977996826172,14.234997749328613,1.0
CQR-OneSided,0.9,0p9,test,-1431.4256591796875,1159.1787109375,-1437.0,1155.0,6.966699600219727,14.68709659576416,-0.6296977996826172,14.057398796081543,1.0
CQR-OneSided,0.9,0p9,test,-1430.557373046875,1158.5233154296875,-1437.0,1170.0,13.161373138427734,15.542762756347656,-0.6296977996826172,14.913064956665039,1.0
CQR-OneSided,0.9,0p9,test,-1441.720703125,1167.49462890625,-1437.0,1165.0,5.339308261871338,14.439281463623047,-0.6296977996826172,13.80958366394043,1.0
CQR-OneSided,0.9,0p9,test,-1435.825439453125,1162.7408447265625,-1437.0,1165.0,2.5462472438812256,14.68858528137207,-0.6296977996826172,14.058887481689453,1.0
CQR-OneSided,0.9,0p9,test,-1438.477294921875,1164.9852294921875,-1437.0,1170.0,5.227840900421143,16.483808517456055,-0.6296977996826172,15.854110717773438,1.0
CQR-OneSided,0.9,0p9,test,-1431.84912109375,1159.539794921875,-1437.0,1155.0,6.8659515380859375,15.0064058303833,-0.6296977996826172,14.376708030700684,1.0
CQR-OneSided,0.9,0p9,test,-1428.4608154296875,1156.810546875,-1437.0,1170.0,15.712394714355469,15.248958587646484,-0.6296977996826172,14.619260787963867,0.0
CQR-OneSided,0.9,0p9,test,-1352.6156005859375,1092.6051025390625,-1437.0,1160.0,107.99443817138672,127.8253402709961,-0.6296977996826172,127.19564056396484,1.0
CQR-OneSided,0.9,0p9,test,-1426.4639892578125,1155.1610107421875,-1437.0,1155.0,10.537240982055664,14.647295951843262,-0.6296977996826172,14.017598152160645,1.0
CQR-OneSided,0.9,0p9,test,-1437.0472412109375,1163.744873046875,-1437.0,1165.0,1.256015658378601,14.986870765686035,-0.6296977996826172,14.357172966003418,1.0
CQR-OneSided,0.9,0p9,test,-1440.4559326171875,1166.552001953125,-1437.0,1170.0,4.881819248199463,15.87275218963623,-0.6296977996826172,15.243054389953613,1.0
CQR-OneSided,0.9,0p9,test,-1432.6602783203125,1160.2530517578125,-1437.0,1170.0,10.669404029846191,16.04560661315918,-0.6296977996826172,15.415908813476562,1.0
CQR-OneSided,0.9,0p9,test,-1441.0048828125,1166.9625244140625,-1437.0,1165.0,4.45988655090332,15.234095573425293,-0.6296977996826172,14.604397773742676,1.0
CQR-OneSided,0.9,0p9,test,-1430.544189453125,1158.468994140625,-1437.0,1155.0,7.3288068771362305,14.745951652526855,-0.6296977996826172,14.116253852844238,1.0
CQR-OneSided,0.9,0p9,test,-1437.474853515625,1161.1170654296875,-1437.0,1160.0,1.2138043642044067,14.369078636169434,-0.6296977996826172,13.739380836486816,1.0
CQR-OneSided,0.9,0p9,test,-1424.108642578125,1153.232666015625,-1437.0,1155.0,13.011940002441406,14.26140308380127,-0.6296977996826172,13.631705284118652,1.0
CQR-OneSided,0.9,0p9,test,-1432.942138671875,1160.4248046875,-1437.0,1155.0,6.774566173553467,15.012652397155762,-0.6296977996826172,14.382954597473145,1.0
CQR-OneSided,0.9,0p9,test,-1440.693115234375,1166.7244873046875,-1437.0,1165.0,4.075899600982666,15.504508972167969,-0.6296977996826172,14.874811172485352,1.0
CQR-OneSided,0.9,0p9,test,-1431.18408203125,1159.01953125,-1437.0,1165.0,8.342116355895996,15.314513206481934,-0.6296977996826172,14.684815406799316,1.0
CQR-OneSided,0.9,0p9,test,-1429.534423828125,1154.7059326171875,-1437.0,1160.0,9.152156829833984,17.977951049804688,-0.6296977996826172,17.34825325012207,1.0
CQR-OneSided,0.9,0p9,test,-1435.5406494140625,1162.5042724609375,-1437.0,1155.0,7.64485502243042,14.614973068237305,-0.6296977996826172,13.985275268554688,1.0
CQR-OneSided,0.9,0p9,test,-1433.52001953125,1160.873291015625,-1437.0,1165.0,5.398147106170654,14.679818153381348,-0.6296977996826172,14.05012035369873,1.0
CQR-OneSided,0.9,0p9,test,-1430.524658203125,1158.4532470703125,-1437.0,1155.0,7.338594436645508,14.74860668182373,-0.6296977996826172,14.118908882141113,1.0
CQR-OneSided,0.9,0p9,test,-1442.3253173828125,1165.03076171875,-1437.0,1160.0,7.325815200805664,18.742952346801758,-0.6296977996826172,18.11325454711914,1.0
CQR-OneSided,0.9,0p9,test,-1422.908935546875,1149.3541259765625,-1437.0,1160.0,17.660484313964844,25.498910903930664,-0.6296977996826172,24.869213104248047,1.0
CQR-OneSided,0.9,0p9,test,-1438.768310546875,1165.18994140625,-1437.0,1170.0,5.124801158905029,15.942296028137207,-0.6296977996826172,15.31259822845459,1.0
CQR-OneSided,0.9,0p9,test,-1439.97607421875,1166.0885009765625,-1437.0,1165.0,3.1688880920410156,14.534775733947754,-0.6296977996826172,13.905077934265137,1.0
CQR-OneSided,0.9,0p9,test,-1422.98779296875,1149.42236328125,-1437.0,1160.0,17.556432723999023,34.125431060791016,-0.6296977996826172,33.49573516845703,1.0
CQR-OneSided,0.9,0p9,test,-1435.105224609375,1162.1563720703125,-1437.0,1155.0,7.402961254119873,14.705225944519043,-0.6296977996826172,14.075528144836426,1.0
CQR-OneSided,0.9,0p9,test,-1426.249755859375,1154.984619140625,-1437.0,1155.0,10.750255584716797,14.595548629760742,-0.6296977996826172,13.965850830078125,1.0
CQR-OneSided,0.9,0p9,test,-1442.286865234375,1168.041015625,-1437.0,1170.0,5.638134956359863,16.012842178344727,-0.6296977996826172,15.38314437866211,1.0
CQR-OneSided,0.9,0p9,test,-1430.144287109375,1158.1448974609375,-1437.0,1165.0,9.695011138916016,14.7101469039917,-0.6296977996826172,14.080449104309082,1.0
CQR-OneSided,0.9,0p9,test,-1424.16357421875,1153.282470703125,-1437.0,1155.0,12.950819969177246,14.37406063079834,-0.6296977996826172,13.744362831115723,1.0
CQR-OneSided,0.9,0p9,test,-1426.350341796875,1155.0771484375,-1437.0,1155.0,10.649937629699707,14.773274421691895,-0.6296977996826172,14.143576622009277,1.0
CQR-OneSided,0.9,0p9,test,-1435.4720458984375,1162.4681396484375,-1437.0,1165.0,2.9571878910064697,14.912043571472168,-0.6296977996826172,14.28234577178955,1.0
CQR-OneSided,0.9,0p9,test,-1438.177001953125,1164.65966796875,-1437.0,1165.0,1.2252180576324463,14.961915969848633,-0.6296977996826172,14.332218170166016,1.0
CQR-OneSided,0.9,0p9,test,-1442.4510498046875,1168.1903076171875,-1437.0,1170.0,5.743598937988281,16.30535125732422,-0.6296977996826172,15.675653457641602,1.0
CQR-OneSided,0.9,0p9,test,-1428.663330078125,1156.967529296875,-1437.0,1170.0,15.47079086303711,15.133584022521973,-0.6296977996826172,14.503886222839355,0.0
CQR-OneSided,0.9,0p9,test,-1425.632080078125,1154.5416259765625,-1437.0,1170.0,19.18830108642578,15.656912803649902,-0.6296977996826172,15.027215003967285,0.0
CQR-OneSided,0.9,0p9,test,-1432.5526123046875,1160.15869140625,-1437.0,1170.0,10.799565315246582,15.915311813354492,-0.6296977996826172,15.285614013671875,1.0
CQR-OneSided,0.9,0p9,test,-1427.6722412109375,1156.138916015625,-1437.0,1155.0,9.397031784057617,14.65179443359375,-0.6296977996826172,14.022096633911133,1.0
CQR-OneSided,0.9,0p9,test,-1426.4583740234375,1155.1766357421875,-1437.0,1155.0,10.543105125427246,14.985187530517578,-0.6296977996826172,14.355489730834961,1.0
CQR-OneSided,0.9,0p9,test,-1423.25732421875,1152.6314697265625,-1437.0,1170.0,22.147844314575195,15.865683555603027,-0.6296977996826172,15.23598575592041,0.0
CQR-OneSided,0.9,0p9,test,-1453.9981689453125,1174.4608154296875,-1437.0,1160.0,22.31709861755371,19.169931411743164,-0.6296977996826172,18.540233612060547,0.0
CQR-OneSided,0.9,0p9,test,-1436.8212890625,1163.5577392578125,-1437.0,1165.0,1.453290581703186,14.888050079345703,-0.6296977996826172,14.258352279663086,1.0
CQR-OneSided,0.9,0p9,test,-1442.97021484375,1168.54345703125,-1437.0,1165.0,6.94258975982666,15.053772926330566,-0.6296977996826172,14.42407512664795,1.0
CQR-OneSided,0.9,0p9,test,-1429.433349609375,1157.571044921875,-1437.0,1155.0,7.991525173187256,14.766436576843262,-0.6296977996826172,14.136738777160645,1.0
CQR-OneSided,0.9,0p9,test,-1429.2728271484375,1157.438720703125,-1437.0,1155.0,8.102873802185059,14.725371360778809,-0.6296977996826172,14.095673561096191,1.0
CQR-OneSided,0.9,0p9,test,-1428.12646484375,1156.51318359375,-1437.0,1165.0,12.278667449951172,14.759477615356445,-0.6296977996826172,14.129779815673828,1.0
CQR-OneSided,0.9,0p9,test,-1437.622802734375,1164.2120361328125,-1437.0,1165.0,1.0043755769729614,14.987313270568848,-0.6296977996826172,14.35761547088623,1.0
CQR-OneSided,0.9,0p9,test,-1392.5552978515625,1124.8458251953125,-1437.0,1160.0,56.666988372802734,58.03647232055664,-0.6296977996826172,57.406776428222656,1.0
CQR-OneSided,0.9,0p9,test,-1439.55615234375,1165.83154296875,-1437.0,1170.0,4.889780044555664,16.01226234436035,-0.6296977996826172,15.382564544677734,1.0
CQR-OneSided,0.9,0p9,test,-1426.25341796875,1155.04541015625,-1437.0,1170.0,18.415449142456055,15.664331436157227,-0.6296977996826172,15.03463363647461,0.0
CQR-OneSided,0.9,0p9,test,-1430.540771484375,1158.4598388671875,-1437.0,1155.0,7.32749080657959,14.651751518249512,-0.6296977996826172,14.022053718566895,1.0
CQR-OneSided,0.9,0p9,test,-1454.0062255859375,1174.4619140625,-1437.0,1160.0,22.32394790649414,30.475183486938477,-0.6296977996826172,29.84548568725586,1.0
CQR-OneSided,0.9,0p9,test,-1430.579345703125,1158.498779296875,-1437.0,1155.0,7.3120622634887695,14.77271556854248,-0.6296977996826172,14.143017768859863,1.0
CQR-OneSided,0.9,0p9,test,-1441.6031494140625,1167.506591796875,-1437.0,1170.0,5.235080718994141,16.318260192871094,-0.6296977996826172,15.688562393188477,1.0
CQR-OneSided,0.9,0p9,test,-1433.7755126953125,1161.124755859375,-1437.0,1170.0,9.442842483520508,15.491764068603516,-0.6296977996826172,14.862066268920898,1.0
CQR-OneSided,0.9,0p9,test,-1421.4451904296875,1151.0968017578125,-1437.0,1155.0,16.03705406188965,14.596908569335938,-0.6296977996826172,13.96721076965332,0.0
CQR-OneSided,0.9,0p9,test,-1438.18994140625,1161.6922607421875,-1437.0,1160.0,2.0687453746795654,12.642696380615234,-0.6296977996826172,12.012998580932617,1.0
CQR-OneSided,0.9,0p9,test,-1424.6932373046875,1153.7960205078125,-1437.0,1170.0,20.347612380981445,15.920517921447754,-0.6296977996826172,15.290820121765137,0.0
CQR-OneSided,0.9,0p9,test,-1449.1771240234375,1173.6221923828125,-1437.0,1165.0,14.920607566833496,16.015928268432617,-0.6296977996826172,15.38623046875,1.0
CQR-OneSided,0.9,0p9,test,-1416.4931640625,1144.1732177734375,-1437.0,1160.0,25.904003143310547,29.335674285888672,-0.6296977996826172,28.705976486206055,1.0
CQR-OneSided,0.9,0p9,test,-1435.0238037109375,1159.1405029296875,-1437.0,1160.0,2.1550142765045166,18.511098861694336,-0.6296977996826172,17.88140106201172,1.0
CQR-OneSided,0.9,0p9,test,-1433.638916015625,1161.0252685546875,-1437.0,1170.0,9.58345890045166,15.686190605163574,-0.6296977996826172,15.056492805480957,1.0
CQR-OneSided,0.9,0p9,test,-1436.327880859375,1163.1829833984375,-1437.0,1170.0,6.850069999694824,15.367225646972656,-0.6296977996826172,14.737527847290039,1.0
CQR-OneSided,0.9,0p9,test,-1427.605224609375,1156.0894775390625,-1437.0,1155.0,9.457735061645508,14.722877502441406,-0.6296977996826172,14.093179702758789,1.0
CQR-OneSided,0.9,0p9,test,-1428.1966552734375,1156.60693359375,-1437.0,1170.0,16.02726173400879,15.454924583435059,-0.6296977996826172,14.825226783752441,0.0
CQR-OneSided,0.9,0p9,test,-1430.27001953125,1155.3031005859375,-1437.0,1160.0,8.206917762756348,24.106590270996094,-0.6296977996826172,23.476892471313477,1.0
CQR-OneSided,0.9,0p9,test,-1427.944580078125,1153.4208984375,-1437.0,1160.0,11.193087577819824,22.549123764038086,-0.6296977996826172,21.91942596435547,1.0
CQR-OneSided,0.9,0p9,test,-1429.419189453125,1157.564697265625,-1437.0,1155.0,8.002897262573242,14.85457706451416,-0.6296977996826172,14.224879264831543,1.0
CQR-OneSided,0.9,0p9,test,-1435.924072265625,1162.8460693359375,-1437.0,1155.0,7.919496536254883,15.16262149810791,-0.6296977996826172,14.532923698425293,1.0
CQR-OneSided,0.9,0p9,test,-1428.830078125,1157.1270751953125,-1437.0,1170.0,15.24663257598877,15.591160774230957,-0.6296977996826172,14.96146297454834,0.0
CQR-OneSided,0.9,0p9,test,-1437.603515625,1164.2877197265625,-1437.0,1170.0,5.744073390960693,16.65983772277832,-0.6296977996826172,16.030139923095703,1.0
CQR-OneSided,0.9,0p9,test,-1429.919189453125,1158.029541015625,-1437.0,1170.0,13.907902717590332,15.96657657623291,-0.6296977996826172,15.336878776550293,1.0
CQR-OneSided,0.9,0p9,test,-1436.8720703125,1163.694091796875,-1437.0,1170.0,6.307205677032471,16.647539138793945,-0.6296977996826172,16.017841339111328,1.0
CQR-OneSided,0.9,0p9,test,-1385.6026611328125,1119.2320556640625,-1437.0,1160.0,65.6026840209961,68.44703674316406,-0.6296977996826172,67.81733703613281,1.0
CQR-OneSided,0.9,0p9,test,-1422.1767578125,1151.6839599609375,-1437.0,1155.0,15.18962287902832,14.517481803894043,-0.6296977996826172,13.887784004211426,0.0
CQR-OneSided,0.9,0p9,test,-1441.64306640625,1167.5220947265625,-1437.0,1170.0,5.262896537780762,16.04471778869629,-0.6296977996826172,15.415019989013672,1.0
CQR-OneSided,0.9,0p9,test,-1415.2969970703125,1143.207763671875,-1437.0,1160.0,27.44083595275879,36.45902633666992,-0.6296977996826172,35.82933044433594,1.0
CQR-OneSided,0.9,0p9,test,-1438.1788330078125,1164.6998291015625,-1437.0,1165.0,1.2164496183395386,15.656554222106934,-0.6296977996826172,15.026856422424316,1.0
CQR-OneSided,0.9,0p9,test,-1428.7698974609375,1157.0501708984375,-1437.0,1155.0,8.48161506652832,15.047247886657715,-0.6296977996826172,14.417550086975098,1.0
CQR-OneSided,0.9,0p9,test,-1433.38427734375,1160.7708740234375,-1437.0,1155.0,6.810024738311768,14.805514335632324,-0.6296977996826172,14.175816535949707,1.0
CQR-OneSided,0.9,0p9,test,-1432.416259765625,1159.9840087890625,-1437.0,1155.0,6.771337985992432,14.749432563781738,-0.6296977996826172,14.119734764099121,1.0
CQR-OneSided,0.9,0p9,test,-1422.644775390625,1152.086181640625,-1437.0,1165.0,19.309043884277344,14.889607429504395,-0.6296977996826172,14.259909629821777,0.0
CQR-OneSided,0.9,0p9,test,-1426.4498291015625,1152.2169189453125,-1437.0,1160.0,13.110395431518555,27.20634651184082,-0.6296977996826172,26.576648712158203,1.0
CQR-OneSided,0.9,0p9,test,-1425.119140625,1154.081298828125,-1437.0,1155.0,11.916325569152832,14.771202087402344,-0.6296977996826172,14.141504287719727,1.0
CQR-OneSided,0.9,0p9,test,-1436.043701171875,1162.953369140625,-1437.0,1170.0,7.11122465133667,15.372633934020996,-0.6296977996826172,14.742936134338379,1.0
CQR-OneSided,0.9,0p9,test,-1447.400146484375,1169.1324462890625,-1437.0,1160.0,13.840686798095703,14.218045234680176,-0.6296977996826172,13.588347434997559,0.0
CQR-OneSided,0.9,0p9,test,-1414.528564453125,1142.58984375,-1437.0,1160.0,28.426729202270508,39.888954162597656,-0.6296977996826172,39.259254455566406,1.0
CQR-OneSided,0.9,0p9,test,-1432.10107421875,1156.7803955078125,-1437.0,1160.0,5.862194538116455,19.249753952026367,-0.6296977996826172,18.62005615234375,1.0
CQR-OneSided,0.9,0p9,test,-1443.4000244140625,1168.959228515625,-1437.0,1170.0,6.484097480773926,16.329931259155273,-0.6296977996826172,15.700233459472656,1.0
CQR-OneSided,0.9,0p9,test,-1427.3916015625,1155.91748046875,-1437.0,1155.0,9.652103424072266,14.734959602355957,-0.6296977996826172,14.10526180267334,1.0
CQR-OneSided,0.9,0p9,test,-1429.075439453125,1157.3394775390625,-1437.0,1170.0,14.936113357543945,15.86779499053955,-0.6296977996826172,15.238097190856934,1.0
CQR-OneSided,0.9,0p9,test,-1439.15869140625,1165.4571533203125,-1437.0,1165.0,2.20656681060791,15.023064613342285,-0.6296977996826172,14.393366813659668,1.0
CQR-OneSided,0.9,0p9,test,-1431.994873046875,1159.672607421875,-1437.0,1165.0,7.309747219085693,15.246930122375488,-0.6296977996826172,14.617232322692871,1.0
CQR-OneSided,0.9,0p9,test,-1431.4632568359375,1159.278076171875,-1437.0,1170.0,12.067111015319824,15.957755088806152,-0.6296977996826172,15.328057289123535,1.0
CQR-OneSided,0.9,0p9,test,-1434.0341796875,1161.3048095703125,-1437.0,1155.0,6.967547416687012,14.94147777557373,-0.6296977996826172,14.311779975891113,1.0
CQR-OneSided,0.9,0p9,test,-1405.28955078125,1135.1300048828125,-1437.0,1160.0,40.29974365234375,48.842803955078125,-0.6296977996826172,48.213104248046875,1.0
CQR-OneSided,0.9,0p9,test,-1449.552001953125,1170.8697509765625,-1437.0,1160.0,16.60434341430664,17.547876358032227,-0.6296977996826172,16.91817855834961,1.0
CQR-OneSided,0.9,0p9,test,-1426.074951171875,1154.8565673828125,-1437.0,1155.0,10.925990104675293,14.807989120483398,-0.6296977996826172,14.178291320800781,1.0
CQR-OneSided,0.9,0p9,test,-1441.44384765625,1167.333251953125,-1437.0,1155.0,13.109419822692871,15.511944770812988,-0.6296977996826172,14.882246971130371,1.0
CQR-OneSided,0.9,0p9,test,-1443.85986328125,1169.27734375,-1437.0,1160.0,11.538060188293457,15.356220245361328,-0.6296977996826172,14.726522445678711,1.0
CQR-OneSided,0.9,0p9,test,-1429.1942138671875,1157.3802490234375,-1437.0,1155.0,8.160630226135254,14.800646781921387,-0.6296977996826172,14.17094898223877,1.0
CQR-OneSided,0.9,0p9,test,-1425.966796875,1154.8099365234375,-1437.0,1170.0,18.774173736572266,15.596529006958008,-0.6296977996826172,14.96683120727539,0.0
CQR-OneSided,0.9,0p9,test,-1436.342529296875,1163.1663818359375,-1437.0,1165.0,1.9479279518127441,14.817652702331543,-0.6296977996826172,14.187954902648926,1.0
CQR-OneSided,0.9,0p9,test,-1400.728759765625,1131.44677734375,-1437.0,1160.0,46.161556243896484,54.473026275634766,-0.6296977996826172,53.84333038330078,1.0
CQR-OneSided,0.9,0p9,test,-1445.452392578125,1170.5648193359375,-1437.0,1165.0,10.119790077209473,15.257220268249512,-0.6296977996826172,14.627522468566895,1.0
CQR-OneSided,0.9,0p9,test,-1426.679443359375,1152.402099609375,-1437.0,1160.0,12.815692901611328,29.65399169921875,-0.6296977996826172,29.024293899536133,1.0
CQR-OneSided,0.9,0p9,test,-1423.2808837890625,1152.552734375,-1437.0,1165.0,18.524269104003906,14.107900619506836,-0.6296977996826172,13.478202819824219,0.0
CQR-OneSided,0.9,0p9,test,-1419.95263671875,1149.8848876953125,-1437.0,1155.0,17.798229217529297,14.518400192260742,-0.6296977996826172,13.888702392578125,0.0
CQR-OneSided,0.9,0p9,test,-1428.3619384765625,1156.7008056640625,-1437.0,1155.0,8.803910255432129,14.704713821411133,-0.6296977996826172,14.075016021728516,1.0
CQR-OneSided,0.9,0p9,test,-1443.070068359375,1168.706298828125,-1437.0,1170.0,6.206399440765381,16.570451736450195,-0.6296977996826172,15.940753936767578,1.0
CQR-OneSided,0.9,0p9,test,-1427.616943359375,1156.17529296875,-1437.0,1170.0,16.708209991455078,16.12920570373535,-0.6296977996826172,15.499507904052734,0.0
CQR-OneSided,0.9,0p9,test,-1443.0035400390625,1165.5809326171875,-1437.0,1160.0,8.196907997131348,12.576985359191895,-0.6296977996826172,11.947287559509277,1.0
CQR-OneSided,0.9,0p9,test,-1442.744873046875,1168.41455078125,-1437.0,1170.0,5.959632396697998,16.042482376098633,-0.6296977996826172,15.412784576416016,1.0
CQR-OneSided,0.9,0p9,test,-1433.409423828125,1160.8250732421875,-1437.0,1165.0,5.506564140319824,15.400054931640625,-0.6296977996826172,14.770357131958008,1.0
CQR-OneSided,0.9,0p9,test,-1432.1461181640625,1156.8135986328125,-1437.0,1160.0,5.806317329406738,13.550872802734375,-0.6296977996826172,12.921175003051758,1.0
CQR-OneSided,0.9,0p9,test,-1438.6884765625,1165.1612548828125,-1437.0,1170.0,5.124881267547607,16.583152770996094,-0.6296977996826172,15.953454971313477,1.0
CQR-OneSided,0.9,0p9,test,-1434.0836181640625,1161.309814453125,-1437.0,1165.0,4.7034831047058105,14.373968124389648,-0.6296977996826172,13.744270324707031,1.0
CQR-OneSided,0.9,0p9,test,-1433.2135009765625,1157.676025390625,-1437.0,1160.0,4.442795753479004,15.488521575927734,-0.6296977996826172,14.858823776245117,1.0
CQR-OneSided,0.9,0p9,test,-1428.185302734375,1156.5814208984375,-1437.0,1170.0,16.05481719970703,15.159173011779785,-0.6296977996826172,14.529475212097168,0.0
CQR-OneSided,0.9,0p9,test,-1437.86328125,1164.4449462890625,-1437.0,1170.0,5.621732711791992,15.702947616577148,-0.6296977996826172,15.073249816894531,1.0
CQR-OneSided,0.9,0p9,test,-1425.1851806640625,1154.1226806640625,-1437.0,1155.0,11.847347259521484,14.584856033325195,-0.6296977996826172,13.955158233642578,1.0
CQR-OneSided,0.9,0p9,test,-1440.08203125,1166.28125,-1437.0,1170.0,4.829908847808838,16.47468376159668,-0.6296977996826172,15.844985961914062,1.0
CQR-OneSided,0.9,0p9,test,-1431.902099609375,1159.572509765625,-1437.0,1155.0,6.848097324371338,14.823966026306152,-0.6296977996826172,14.194268226623535,1.0
CQR-OneSided,0.9,0p9,test,-1443.75439453125,1166.1893310546875,-1437.0,1160.0,9.1613130569458,12.331302642822266,-0.6296977996826172,11.701604843139648,1.0
CQR-OneSided,0.9,0p9,test,-1433.744140625,1161.1199951171875,-1437.0,1170.0,9.458070755004883,15.869729995727539,-0.6296977996826172,15.240032196044922,1.0
CQR-OneSided,0.9,0p9,test,-1428.4207763671875,1156.809326171875,-1437.0,1170.0,15.735214233398438,15.850204467773438,-0.6296977996826172,15.22050666809082,0.0
CQR-OneSided,0.9,0p9,test,-1442.18115234375,1167.9105224609375,-1437.0,1165.0,5.94268274307251,15.175284385681152,-0.6296977996826172,14.545586585998535,1.0
CQR-OneSided,0.9,0p9,test,-1434.4610595703125,1158.6832275390625,-1437.0,1160.0,2.86008882522583,13.789594650268555,-0.6296977996826172,13.159896850585938,1.0
CQR-OneSided,0.9,0p9,test,-1430.0648193359375,1158.0859375,-1437.0,1155.0,7.590766906738281,14.82515811920166,-0.6296977996826172,14.195460319519043,1.0
CQR-OneSided,0.9,0p9,test,-1429.2353515625,1157.42724609375,-1437.0,1155.0,8.135188102722168,15.045769691467285,-0.6296977996826172,14.416071891784668,1.0
CQR-OneSided,0.9,0p9,test,-1437.1402587890625,1163.842529296875,-1437.0,1165.0,1.1659377813339233,15.355509757995605,-0.6296977996826172,14.725811958312988,1.0
CQR-OneSided,0.9,0p9,test,-1429.951171875,1158.0010986328125,-1437.0,1155.0,7.661107540130615,14.958141326904297,-0.6296977996826172,14.32844352722168,1.0
CQR-OneSided,0.9,0p9,test,-1436.3486328125,1163.1845703125,-1437.0,1165.0,1.9287468194961548,15.035385131835938,-0.6296977996826172,14.40568733215332,1.0
CQR-OneSided,0.9,0p9,test,-1434.673828125,1161.8194580078125,-1437.0,1155.0,7.205281734466553,14.893753051757812,-0.6296977996826172,14.264055252075195,1.0
CQR-OneSided,0.9,0p9,test,-1430.504638671875,1155.4910888671875,-1437.0,1160.0,7.906959056854248,21.904237747192383,-0.6296977996826172,21.274539947509766,1.0
CQR-OneSided,0.9,0p9,test,-1435.7586669921875,1162.7342529296875,-1437.0,1165.0,2.5835087299346924,15.517012596130371,-0.6296977996826172,14.887314796447754,1.0
CQR-OneSided,0.9,0p9,test,-1435.5537109375,1162.58544921875,-1437.0,1170.0,7.554291248321533,15.863402366638184,-0.6296977996826172,15.233704566955566,1.0
CQR-OneSided,0.9,0p9,test,-1443.54248046875,1169.0250244140625,-1437.0,1165.0,7.68146276473999,15.382165908813477,-0.6296977996826172,14.75246810913086,1.0
CQR-OneSided,0.9,0p9,test,-1433.234375,1160.7115478515625,-1437.0,1170.0,10.022737503051758,15.949857711791992,-0.6296977996826172,15.320159912109375,1.0
CQR-OneSided,0.9,0p9,test,-1431.1136474609375,1158.9278564453125,-1437.0,1155.0,7.07652473449707,14.70596981048584,-0.6296977996826172,14.076272010803223,1.0
CQR-OneSided,0.9,0p9,test,-1428.26123046875,1153.6768798828125,-1437.0,1160.0,10.786470413208008,18.881776809692383,-0.6296977996826172,18.252079010009766,1.0
CQR-OneSided,0.9,0p9,test,-1449.930419921875,1171.1737060546875,-1437.0,1160.0,17.08939552307129,22.916873931884766,-0.6296977996826172,22.28717613220215,1.0
CQR-OneSided,0.9,0p9,test,-1434.4443359375,1161.6517333984375,-1437.0,1165.0,4.212162017822266,15.19446086883545,-0.6296977996826172,14.564763069152832,1.0
CQR-OneSided,0.9,0p9,test,-1427.84033203125,1153.3380126953125,-1437.0,1160.0,11.326147079467773,22.51824378967285,-0.6296977996826172,21.888545989990234,1.0
CQR-OneSided,0.9,0p9,test,-1435.91162109375,1162.8472900390625,-1437.0,1155.0,7.9224066734313965,15.35489559173584,-0.6296977996826172,14.725197792053223,1.0
CQR-OneSided,0.9,0p9,test,-1440.6474609375,1166.6734619140625,-1437.0,1155.0,12.230031967163086,15.247246742248535,-0.6296977996826172,14.617548942565918,1.0
CQR-OneSided,0.9,0p9,test,-1421.8316650390625,1148.4866943359375,-1437.0,1160.0,19.042966842651367,29.52318572998047,-0.6296977996826172,28.89348793029785,1.0
CQR-OneSided,0.9,0p9,test,-1430.74072265625,1158.631591796875,-1437.0,1165.0,8.929455757141113,14.794516563415527,-0.6296977996826172,14.16481876373291,1.0
CQR-OneSided,0.9,0p9,test,-1431.2198486328125,1159.0211181640625,-1437.0,1155.0,7.041274070739746,14.832816123962402,-0.6296977996826172,14.203118324279785,1.0
CQR-OneSided,0.9,0p9,test,-1431.0172119140625,1158.8502197265625,-1437.0,1155.0,7.11462926864624,14.730562210083008,-0.6296977996826172,14.10086441040039,1.0
CQR-OneSided,0.9,0p9,test,-1438.49951171875,1165.020751953125,-1437.0,1170.0,5.200139045715332,16.816757202148438,-0.6296977996826172,16.18705940246582,1.0
CQR-OneSided,0.9,0p9,test,-1440.7164306640625,1166.7904052734375,-1437.0,1170.0,4.9105353355407715,16.330232620239258,-0.6296977996826172,15.70053482055664,1.0
CQR-OneSided,0.9,0p9,test,-1428.850830078125,1157.1729736328125,-1437.0,1170.0,15.196762084960938,16.145166397094727,-0.6296977996826172,15.51546859741211,1.0
CQR-OneSided,0.9,0p9,test,-1432.211181640625,1159.829833984375,-1437.0,1165.0,7.047226428985596,14.94646167755127,-0.6296977996826172,14.316763877868652,1.0
CQR-OneSided,0.9,0p9,test,-1437.186279296875,1163.8460693359375,-1437.0,1165.0,1.1688694953918457,14.756462097167969,-0.6296977996826172,14.126764297485352,1.0
CQR-OneSided,0.9,0p9,test,-1433.2122802734375,1160.619140625,-1437.0,1155.0,6.77654504776001,14.597129821777344,-0.6296977996826172,13.967432022094727,1.0
CQR-OneSided,0.9,0p9,test,-1414.3076171875,1142.4119873046875,-1437.0,1160.0,28.71031951904297,41.756595611572266,-0.6296977996826172,41.12689971923828,1.0
CQR-OneSided,0.9,0p9,test,-1432.812255859375,1160.3231201171875,-1437.0,1165.0,6.27777099609375,15.068903923034668,-0.6296977996826172,14.43920612335205,1.0
CQR-OneSided,0.9,0p9,test,-1446.9193115234375,1171.735595703125,-1437.0,1165.0,11.990036964416504,14.976729393005371,-0.6296977996826172,14.347031593322754,1.0
CQR-OneSided,0.9,0p9,test,-1405.2568359375,1138.2342529296875,-1437.0,1165.0,41.521484375,42.45919418334961,-0.6296977996826172,41.829498291015625,1.0
CQR-OneSided,0.9,0p9,test,-1420.1861572265625,1147.1573486328125,-1437.0,1160.0,21.157482147216797,29.731229782104492,-0.6296977996826172,29.101531982421875,1.0
CQR-OneSided,0.9,0p9,test,-1439.498779296875,1165.8316650390625,-1437.0,1170.0,4.85992956161499,16.84647560119629,-0.6296977996826172,16.216777801513672,1.0
CQR-OneSided,0.9,0p9,test,-1431.1900634765625,1159.0096435546875,-1437.0,1155.0,7.059221267700195,15.06414794921875,-0.6296977996826172,14.434450149536133,1.0
CQR-OneSided,0.9,0p9,test,-1432.705810546875,1160.2320556640625,-1437.0,1165.0,6.416646480560303,14.971636772155762,-0.6296977996826172,14.341938972473145,1.0
CQR-OneSided,0.9,0p9,test,-1446.838623046875,1168.6776123046875,-1437.0,1160.0,13.118668556213379,17.62852668762207,-0.6296977996826172,16.998828887939453,1.0
CQR-OneSided,0.9,0p9,test,-1436.4879150390625,1163.3358154296875,-1437.0,1165.0,1.7411895990371704,15.714764595031738,-0.6296977996826172,15.085066795349121,1.0
CQR-OneSided,0.9,0p9,test,-1437.448486328125,1164.0821533203125,-1437.0,1155.0,9.093219757080078,15.19567584991455,-0.6296977996826172,14.565978050231934,1.0
CQR-OneSided,0.9,0p9,test,-1434.7034912109375,1161.9071044921875,-1437.0,1170.0,8.412425994873047,16.05300521850586,-0.6296977996826172,15.423307418823242,1.0
CQR-OneSided,0.9,0p9,test,-1435.078857421875,1162.1956787109375,-1437.0,1170.0,8.037302017211914,15.777216911315918,-0.6296977996826172,15.1475191116333,1.0
CQR-OneSided,0.9,0p9,test,-1425.38671875,1154.28857421875,-1437.0,1155.0,11.635051727294922,14.62547779083252,-0.6296977996826172,13.995779991149902,1.0
CQR-OneSided,0.9,0p9,test,-1442.7681884765625,1168.3709716796875,-1437.0,1165.0,6.680976390838623,14.896431922912598,-0.6296977996826172,14.26673412322998,1.0
CQR-OneSided,0.9,0p9,test,-1435.6214599609375,1162.641357421875,-1437.0,1170.0,7.486654281616211,15.897116661071777,-0.6296977996826172,15.26741886138916,1.0
CQR-OneSided,0.9,0p9,test,-1435.04833984375,1162.148193359375,-1437.0,1155.0,7.409834384918213,15.34742259979248,-0.6296977996826172,14.717724800109863,1.0
CQR-OneSided,0.9,0p9,test,-1431.5399169921875,1159.2860107421875,-1437.0,1155.0,6.941354274749756,14.935276985168457,-0.6296977996826172,14.30557918548584,1.0
CQR-OneSided,0.9,0p9,test,-1425.8809814453125,1154.7039794921875,-1437.0,1155.0,11.122958183288574,14.897536277770996,-0.6296977996826172,14.267838478088379,1.0
CQR-OneSided,0.9,0p9,test,-1418.8082275390625,1148.945068359375,-1437.0,1155.0,19.172969818115234,14.300468444824219,-0.6296977996826172,13.670770645141602,0.0
CQR-OneSided,0.9,0p9,test,-1429.403076171875,1157.5498046875,-1437.0,1155.0,8.013411521911621,14.818309783935547,-0.6296977996826172,14.18861198425293,1.0
CQR-OneSided,0.9,0p9,test,-1425.4713134765625,1154.3634033203125,-1437.0,1155.0,11.546249389648438,14.734522819519043,-0.6296977996826172,14.104825019836426,1.0
CQR-OneSided,0.9,0p9,test,-1430.29736328125,1158.2686767578125,-1437.0,1155.0,7.457183837890625,14.74477481842041,-0.6296977996826172,14.115077018737793,1.0
CQR-OneSided,0.9,0p9,test,-1421.6817626953125,1151.28955078125,-1437.0,1160.0,17.6215877532959,14.678154945373535,-0.6296977996826172,14.048457145690918,0.0
CQR-OneSided,0.9,0p9,test,-1435.4171142578125,1162.4130859375,-1437.0,1165.0,3.0327630043029785,14.763541221618652,-0.6296977996826172,14.133843421936035,1.0
CQR-OneSided,0.9,0p9,test,-1427.21484375,1155.8365478515625,-1437.0,1170.0,17.21489715576172,15.911786079406738,-0.6296977996826172,15.282088279724121,0.0
CQR-OneSided,0.9,0p9,test,-1446.517333984375,1171.466064453125,-1437.0,1170.0,9.629589080810547,16.01549530029297,-0.6296977996826172,15.385797500610352,1.0
CQR-OneSided,0.9,0p9,test,-1440.67578125,1166.7535400390625,-1437.0,1170.0,4.904168605804443,16.30083656311035,-0.6296977996826172,15.671138763427734,1.0
CQR-OneSided,0.9,0p9,test,-1432.614501953125,1160.1927490234375,-1437.0,1170.0,10.743125915527344,15.638190269470215,-0.6296977996826172,15.008492469787598,1.0
CQR-OneSided,0.9,0p9,test,-1445.2216796875,1170.3660888671875,-1437.0,1165.0,9.817888259887695,15.050246238708496,-0.6296977996826172,14.420548439025879,1.0
CQR-OneSided,0.9,0p9,test,-1412.21630859375,1140.7230224609375,-1437.0,1160.0,31.397981643676758,40.90878677368164,-0.6296977996826172,40.279090881347656,1.0
CQR-OneSided,0.9,0p9,test,-1436.7708740234375,1163.5103759765625,-1437.0,1165.0,1.5071425437927246,14.79016399383545,-0.6296977996826172,14.160466194152832,1.0
CQR-OneSided,0.9,0p9,test,-1443.43603515625,1168.8978271484375,-1437.0,1165.0,7.52433443069458,14.698492050170898,-0.6296977996826172,14.068794250488281,1.0
CQR-OneSided,0.9,0p9,test,-1479.5306396484375,1195.0743408203125,-1437.0,1160.0,55.12771224975586,58.84440994262695,-0.6296977996826172,58.21471405029297,1.0
CQR-OneSided,0.9,0p9,test,-1431.050537109375,1158.8822021484375,-1437.0,1155.0,7.104055404663086,14.80335807800293,-0.6296977996826172,14.173660278320312,1.0
CQR-OneSided,0.9,0p9,test,-1429.969970703125,1157.998291015625,-1437.0,1155.0,7.6427130699157715,14.634605407714844,-0.6296977996826172,14.004907608032227,1.0
CQR-OneSided,0.9,0p9,test,-1428.8734130859375,1157.1390380859375,-1437.0,1155.0,8.403386116027832,15.153607368469238,-0.6296977996826172,14.523909568786621,1.0
CQR-OneSided,0.9,0p9,test,-1434.124755859375,1161.4031982421875,-1437.0,1170.0,9.064878463745117,15.421392440795898,-0.6296977996826172,14.791694641113281,1.0
CQR-OneSided,0.9,0p9,test,-1429.8560791015625,1157.9097900390625,-1437.0,1155.0,7.713785171508789,14.692089080810547,-0.6296977996826172,14.06239128112793,1.0
CQR-OneSided,0.9,0p9,test,-1428.2305908203125,1156.664794921875,-1437.0,1170.0,15.960269927978516,16.026830673217773,-0.6296977996826172,15.397132873535156,0.0
CQR-OneSided,0.9,0p9,test,-1430.892578125,1158.7509765625,-1437.0,1155.0,7.167316436767578,14.744179725646973,-0.6296977996826172,14.114481925964355,1.0
CQR-OneSided,0.9,0p9,test,-1428.520263671875,1156.8382568359375,-1437.0,1155.0,8.6766996383667,14.869929313659668,-0.6296977996826172,14.24023151397705,1.0
CQR-OneSided,0.9,0p9,test,-1426.120361328125,1154.891357421875,-1437.0,1155.0,10.880181312561035,14.78235149383545,-0.6296977996826172,14.152653694152832,1.0
CQR-OneSided,0.9,0p9,test,-1429.3203125,1157.485595703125,-1437.0,1155.0,8.071913719177246,14.868843078613281,-0.6296977996826172,14.239145278930664,1.0
CQR-OneSided,0.9,0p9,test,-1414.34375,1142.4395751953125,-1437.0,1160.0,28.664859771728516,34.4483528137207,-0.6296977996826172,33.81865692138672,1.0
CQR-OneSided,0.9,0p9,test,-1431.45263671875,1159.2493896484375,-1437.0,1170.0,12.09747314453125,15.587878227233887,-0.6296977996826172,14.95818042755127,1.0
CQR-OneSided,0.9,0p9,test,-1434.51220703125,1161.687744140625,-1437.0,1155.0,7.135477066040039,14.886404037475586,-0.6296977996826172,14.256706237792969,1.0
CQR-OneSided,0.9,0p9,test,-1437.3785400390625,1161.0372314453125,-1437.0,1160.0,1.1041474342346191,13.037850379943848,-0.6296977996826172,12.40815258026123,1.0
CQR-OneSided,0.9,0p9,test,-1430.7393798828125,1158.681640625,-1437.0,1170.0,12.934473991394043,15.752459526062012,-0.6296977996826172,15.122761726379395,1.0
CQR-OneSided,0.9,0p9,test,-1439.644775390625,1165.921630859375,-1437.0,1170.0,4.860857009887695,16.329113006591797,-0.6296977996826172,15.69941520690918,1.0
CQR-OneSided,0.9,0p9,test,-1429.93359375,1157.970947265625,-1437.0,1155.0,7.665547847747803,14.684677124023438,-0.6296977996826172,14.05497932434082,1.0
CQR-OneSided,0.9,0p9,test,-1425.99267578125,1154.7803955078125,-1437.0,1155.0,11.009514808654785,14.6531982421875,-0.6296977996826172,14.023500442504883,1.0
CQR-OneSided,0.9,0p9,test,-1435.88330078125,1162.82373046875,-1437.0,1155.0,7.9030232429504395,15.35045337677002,-0.6296977996826172,14.720755577087402,1.0
CQR-OneSided,0.9,0p9,test,-1447.982177734375,1169.603515625,-1437.0,1160.0,14.58889102935791,12.2350492477417,-0.6296977996826172,11.605351448059082,0.0
CQR-OneSided,0.9,0p9,test,-1427.3651123046875,1152.95556640625,-1437.0,1160.0,11.935456275939941,23.276636123657227,-0.6296977996826172,22.64693832397461,1.0
CQR-OneSided,0.9,0p9,test,-1432.193115234375,1159.8101806640625,-1437.0,1165.0,7.0739216804504395,14.844136238098145,-0.6296977996826172,14.214438438415527,1.0
CQR-OneSided,0.9,0p9,test,-1442.044677734375,1167.8525390625,-1437.0,1170.0,5.482733249664307,16.133468627929688,-0.6296977996826172,15.50377082824707,1.0
CQR-OneSided,0.9,0p9,test,-1448.3349609375,1169.8839111328125,-1437.0,1160.0,15.039050102233887,22.094472885131836,-0.6296977996826172,21.46477508544922,1.0
CQR-OneSided,0.9,0p9,test,-1427.48974609375,1156.0478515625,-1437.0,1170.0,16.885122299194336,15.690650939941406,-0.6296977996826172,15.060953140258789,0.0
CQR-OneSided,0.9,0p9,test,-1430.9697265625,1158.8172607421875,-1437.0,1165.0,8.636576652526855,14.79027271270752,-0.6296977996826172,14.160574913024902,1.0
CQR-OneSided,0.9,0p9,test,-1425.3612060546875,1154.33154296875,-1437.0,1170.0,19.51824951171875,15.82613468170166,-0.6296977996826172,15.196436882019043,0.0
CQR-OneSided,0.9,0p9,test,-1437.535888671875,1164.2154541015625,-1437.0,1170.0,5.8093156814575195,16.341428756713867,-0.6296977996826172,15.71173095703125,1.0
CQR-OneSided,0.9,0p9,test,-1435.52294921875,1159.5406494140625,-1437.0,1160.0,1.5468297004699707,14.003902435302734,-0.6296977996826172,13.374204635620117,1.0
CQR-OneSided,0.9,0p9,test,-1448.7718505859375,1170.239501953125,-1437.0,1160.0,15.602046966552734,16.930810928344727,-0.6296977996826172,16.30111312866211,1.0
CQR-OneSided,0.9,0p9,test,-1441.615234375,1167.522216796875,-1437.0,1170.0,5.2383012771606445,16.449275970458984,-0.6296977996826172,15.819578170776367,1.0
CQR-OneSided,0.9,0p9,test,-1449.172119140625,1170.562744140625,-1437.0,1160.0,16.1162052154541,20.09199333190918,-0.6296977996826172,19.462295532226562,1.0
CQR-OneSided,0.9,0p9,test,-1442.519287109375,1168.2208251953125,-1437.0,1170.0,5.798964977264404,15.83484935760498,-0.6296977996826172,15.205151557922363,1.0
CQR-OneSided,0.9,0p9,test,-1430.0914306640625,1158.1690673828125,-1437.0,1170.0,13.700339317321777,15.972956657409668,-0.6296977996826172,15.34325885772705,1.0
CQR-OneSided,0.9,0p9,test,-1434.1519775390625,1161.4525146484375,-1437.0,1170.0,9.009480476379395,15.930281639099121,-0.6296977996826172,15.300583839416504,1.0
CQR-OneSided,0.9,0p9,test,-1471.102294921875,1188.268310546875,-1437.0,1160.0,44.29519271850586,47.77933120727539,-0.6296977996826172,47.149635314941406,1.0
CQR-OneSided,0.9,0p9,test,-1460.228759765625,1179.488037109375,-1437.0,1160.0,30.320932388305664,35.52313995361328,-0.6296977996826172,34.89344024658203,1.0
CQR-OneSided,0.9,0p9,test,-1423.8306884765625,1153.0482177734375,-1437.0,1155.0,13.313159942626953,14.910530090332031,-0.6296977996826172,14.280832290649414,1.0
CQR-OneSided,0.9,0p9,test,-1435.0732421875,1159.1788330078125,-1437.0,1160.0,2.094447612762451,15.102763175964355,-0.6296977996826172,14.473065376281738,1.0
CQR-OneSided,0.9,0p9,test,-1433.510986328125,1160.935791015625,-1437.0,1170.0,9.712522506713867,15.979314804077148,-0.6296977996826172,15.349617004394531,1.0
CQR-OneSided,0.9,0p9,test,-1424.89208984375,1153.9354248046875,-1437.0,1170.0,20.11646270751953,15.520546913146973,-0.6296977996826172,14.890849113464355,0.0
CQR-OneSided,0.9,0p9,test,-1429.70751953125,1157.7869873046875,-1437.0,1155.0,7.806892395019531,14.656193733215332,-0.6296977996826172,14.026495933532715,1.0
CQR-OneSided,0.9,0p9,test,-1432.268798828125,1159.910400390625,-1437.0,1170.0,11.143799781799316,15.597638130187988,-0.6296977996826172,14.967940330505371,1.0
CQR-OneSided,0.9,0p9,test,-1428.7955322265625,1157.0638427734375,-1437.0,1155.0,8.460067749023438,14.934672355651855,-0.6296977996826172,14.304974555969238,1.0
CQR-OneSided,0.9,0p9,test,-1436.54736328125,1163.3406982421875,-1437.0,1165.0,1.71993088722229,14.958584785461426,-0.6296977996826172,14.328886985778809,1.0
CQR-OneSided,0.9,0p9,test,-1434.09765625,1158.3902587890625,-1437.0,1160.0,3.3188650608062744,15.976256370544434,-0.6296977996826172,15.346558570861816,1.0
CQR-OneSided,0.9,0p9,test,-1432.931884765625,1160.411376953125,-1437.0,1155.0,6.769975185394287,14.924894332885742,-0.6296977996826172,14.295196533203125,1.0
CQR-OneSided,0.9,0p9,test,-1438.037109375,1164.609130859375,-1437.0,1170.0,5.4897236824035645,16.13926124572754,-0.6296977996826172,15.509563446044922,1.0
CQR-OneSided,0.9,0p9,test,-1428.409423828125,1156.8072509765625,-1437.0,1170.0,15.743144989013672,15.971832275390625,-0.6296977996826172,15.342134475708008,0.0
CQR-OneSided,0.9,0p9,test,-1433.223876953125,1160.62158203125,-1437.0,1165.0,5.7818379402160645,14.469368934631348,-0.6296977996826172,13.83967113494873,1.0
CQR-OneSided,0.9,0p9,test,-1422.61328125,1149.1180419921875,-1437.0,1160.0,18.038700103759766,28.524877548217773,-0.6296977996826172,27.895179748535156,1.0
CQR-OneSided,0.9,0p9,test,-1439.8729248046875,1166.0242919921875,-1437.0,1165.0,3.050060987472534,14.847168922424316,-0.6296977996826172,14.2174711227417,1.0
CQR-OneSided,0.9,0p9,test,-1439.859375,1166.0579833984375,-1437.0,1170.0,4.869858264923096,15.69487476348877,-0.6296977996826172,15.065176963806152,1.0
CQR-OneSided,0.9,0p9,test,-1432.267822265625,1159.863525390625,-1437.0,1165.0,6.984044551849365,14.708701133728027,-0.6296977996826172,14.07900333404541,1.0
CQR-OneSided,0.9,0p9,test,-1428.24853515625,1156.6063232421875,-1437.0,1155.0,8.897663116455078,14.672569274902344,-0.6296977996826172,14.042871475219727,1.0
CQR-OneSided,0.9,0p9,test,-1433.2685546875,1160.719970703125,-1437.0,1170.0,10.002131462097168,15.595565795898438,-0.6296977996826172,14.96586799621582,1.0
CQR-OneSided,0.9,0p9,test,-1443.875732421875,1169.303466796875,-1437.0,1165.0,8.111444473266602,15.554316520690918,-0.6296977996826172,14.9246187210083,1.0
CQR-OneSided,0.9,0p9,test,-1430.1627197265625,1158.1727294921875,-1437.0,1155.0,7.5375471115112305,14.960882186889648,-0.6296977996826172,14.331184387207031,1.0
CQR-OneSided,0.9,0p9,test,-1442.14892578125,1167.8837890625,-1437.0,1165.0,5.901497840881348,15.123909950256348,-0.6296977996826172,14.49421215057373,1.0
CQR-OneSided,0.9,0p9,test,-1433.2889404296875,1160.6744384765625,-1437.0,1165.0,5.699337005615234,14.479999542236328,-0.6296977996826172,13.850301742553711,1.0
CQR-OneSided,0.9,0p9,test,-1438.3924560546875,1164.8192138671875,-1437.0,1165.0,1.40414297580719,14.723010063171387,-0.6296977996826172,14.09331226348877,1.0
CQR-OneSided,0.9,0p9,test,-1427.57275390625,1156.1246337890625,-1437.0,1170.0,16.774944305419922,15.8676118850708,-0.6296977996826172,15.237914085388184,0.0
CQR-OneSided,0.9,0p9,test,-1437.64501953125,1164.2933349609375,-1437.0,1170.0,5.743002414703369,16.14445686340332,-0.6296977996826172,15.514759063720703,1.0
CQR-OneSided,0.9,0p9,test,-1429.81494140625,1157.9188232421875,-1437.0,1170.0,14.05631160736084,15.495039939880371,-0.6296977996826172,14.865342140197754,1.0
CQR-OneSided,0.9,0p9,test,-1431.561279296875,1159.375244140625,-1437.0,1170.0,11.935874938964844,16.251373291015625,-0.6296977996826172,15.621675491333008,1.0
CQR-OneSided,0.9,0p9,test,-1433.408447265625,1160.808349609375,-1437.0,1155.0,6.829068660736084,15.120941162109375,-0.6296977996826172,14.491243362426758,1.0
CQR-OneSided,0.9,0p9,test,-1434.891357421875,1161.9898681640625,-1437.0,1165.0,3.6752233505249023,14.786253929138184,-0.6296977996826172,14.156556129455566,1.0
CQR-OneSided,0.9,0p9,test,-1438.9520263671875,1165.3092041015625,-1437.0,1155.0,10.492383003234863,15.381796836853027,-0.6296977996826172,14.75209903717041,1.0
CQR-OneSided,0.9,0p9,test,-1438.621826171875,1162.043701171875,-1437.0,1160.0,2.609029531478882,14.243154525756836,-0.6296977996826172,13.613456726074219,1.0
CQR-OneSided,0.9,0p9,test,-1442.8173828125,1168.43212890625,-1437.0,1165.0,6.75436544418335,15.265676498413086,-0.6296977996826172,14.635978698730469,1.0
CQR-OneSided,0.9,0p9,test,-1426.9036865234375,1155.5140380859375,-1437.0,1155.0,10.109391212463379,14.598214149475098,-0.6296977996826172,13.96851634979248,1.0
CQR-OneSided,0.9,0p9,test,-1426.8218994140625,1155.4481201171875,-1437.0,1155.0,10.187960624694824,14.595908164978027,-0.6296977996826172,13.96621036529541,1.0
CQR-OneSided,0.9,0p9,test,-1437.006591796875,1163.7586669921875,-1437.0,1165.0,1.241350531578064,15.788361549377441,-0.6296977996826172,15.158663749694824,1.0
CQR-OneSided,0.9,0p9,test,-1422.625,1152.0994873046875,-1437.0,1170.0,22.957983016967773,15.497393608093262,-0.6296977996826172,14.867695808410645,0.0
CQR-OneSided,0.9,0p9,test,-1435.654052734375,1162.6180419921875,-1437.0,1155.0,7.736028671264648,14.998223304748535,-0.6296977996826172,14.368525505065918,1.0
CQR-OneSided,0.9,0p9,test,-1434.5394287109375,1161.78076171875,-1437.0,1170.0,8.579644203186035,16.19358253479004,-0.6296977996826172,15.563884735107422,1.0
CQR-OneSided,0.9,0p9,test,-1430.767822265625,1158.6402587890625,-1437.0,1155.0,7.2174458503723145,14.57901382446289,-0.6296977996826172,13.949316024780273,1.0
CQR-OneSided,0.9,0p9,test,-1441.6593017578125,1167.52734375,-1437.0,1170.0,5.2747626304626465,15.886395454406738,-0.6296977996826172,15.256697654724121,1.0
CQR-OneSided,0.9,0p9,test,-1437.822509765625,1161.3973388671875,-1437.0,1160.0,1.621443271636963,13.600250244140625,-0.6296977996826172,12.970552444458008,1.0
CQR-OneSided,0.9,0p9,test,-1430.4678955078125,1158.4102783203125,-1437.0,1155.0,7.368743896484375,14.801397323608398,-0.6296977996826172,14.171699523925781,1.0
CQR-OneSided,0.9,0p9,test,-1432.0712890625,1159.714599609375,-1437.0,1165.0,7.226869583129883,14.896510124206543,-0.6296977996826172,14.266812324523926,1.0
CQR-OneSided,0.9,0p9,test,-1430.0032958984375,1158.0714111328125,-1437.0,1170.0,13.829139709472656,15.499089241027832,-0.6296977996826172,14.869391441345215,1.0
CQR-OneSided,0.9,0p9,test,-1427.5196533203125,1156.0072021484375,-1437.0,1155.0,9.533699989318848,14.522425651550293,-0.6296977996826172,13.892727851867676,1.0
CQR-OneSided,0.9,0p9,test,-1428.07177734375,1156.4683837890625,-1437.0,1155.0,9.048166275024414,14.745426177978516,-0.6296977996826172,14.115728378295898,1.0
CQR-OneSided,0.9,0p9,test,-1439.681640625,1165.846923828125,-1437.0,1165.0,2.8122012615203857,14.475849151611328,-0.6296977996826172,13.846151351928711,1.0
CQR-OneSided,0.9,0p9,test,-1414.0335693359375,1142.1895751953125,-1437.0,1160.0,29.063175201416016,37.92462921142578,-0.6296977996826172,37.29492950439453,1.0
CQR-OneSided,0.9,0p9,test,-1445.34716796875,1167.4725341796875,-1437.0,1160.0,11.203302383422852,20.502805709838867,-0.6296977996826172,19.87310791015625,1.0
CQR-OneSided,0.9,0p9,test,-1439.763916015625,1165.9378662109375,-1437.0,1165.0,2.9187026023864746,14.857782363891602,-0.6296977996826172,14.228084564208984,1.0
CQR-OneSided,0.9,0p9,test,-1432.888671875,1160.365478515625,-1437.0,1165.0,6.195305347442627,14.719118118286133,-0.6296977996826172,14.089420318603516,1.0
CQR-OneSided,0.9,0p9,test,-1424.4892578125,1153.6121826171875,-1437.0,1165.0,16.917478561401367,15.477754592895508,-0.6296977996826172,14.84805679321289,0.0
CQR-OneSided,0.9,0p9,test,-1430.166748046875,1158.2161865234375,-1437.0,1165.0,9.628782272338867,15.744019508361816,-0.6296977996826172,15.1143217086792,1.0
CQR-OneSided,0.9,0p9,test,-1432.868896484375,1157.3975830078125,-1437.0,1160.0,4.8824782371521,14.61489200592041,-0.6296977996826172,13.985194206237793,1.0
CQR-OneSided,0.9,0p9,test,-1437.7274169921875,1164.3092041015625,-1437.0,1165.0,1.0031622648239136,15.253937721252441,-0.6296977996826172,14.624239921569824,1.0
CQR-OneSided,0.9,0p9,test,-1438.5567626953125,1164.9588623046875,-1437.0,1165.0,1.557306170463562,14.822395324707031,-0.6296977996826172,14.192697525024414,1.0
CQR-OneSided,0.9,0p9,test,-1433.44384765625,1160.830078125,-1437.0,1165.0,5.480370998382568,14.993694305419922,-0.6296977996826172,14.363996505737305,1.0
CQR-OneSided,0.9,0p9,test,-1434.6328125,1161.87158203125,-1437.0,1170.0,8.466094970703125,16.452144622802734,-0.6296977996826172,15.822446823120117,1.0
CQR-OneSided,0.9,0p9,test,-1437.570556640625,1164.1900634765625,-1437.0,1165.0,0.9907230138778687,15.342055320739746,-0.6296977996826172,14.712357521057129,1.0
CQR-OneSided,0.9,0p9,test,-1442.0970458984375,1167.877197265625,-1437.0,1170.0,5.521428108215332,15.826266288757324,-0.6296977996826172,15.196568489074707,1.0
CQR-OneSided,0.9,0p9,test,-1437.874755859375,1164.4102783203125,-1437.0,1165.0,1.0549736022949219,14.883455276489258,-0.6296977996826172,14.25375747680664,1.0
CQR-OneSided,0.9,0p9,test,-1429.726318359375,1157.84814453125,-1437.0,1170.0,14.162416458129883,15.521286010742188,-0.6296977996826172,14.89158821105957,1.0
CQR-OneSided,0.9,0p9,test,-1437.614501953125,1164.3038330078125,-1437.0,1170.0,5.729217529296875,16.786767959594727,-0.6296977996826172,16.15707015991211,1.0
CQR-OneSided,0.9,0p9,test,-1439.54248046875,1165.7581787109375,-1437.0,1165.0,2.6531190872192383,14.866990089416504,-0.6296977996826172,14.237292289733887,1.0
CQR-OneSided,0.9,0p9,test,-1439.3525390625,1165.634521484375,-1437.0,1165.0,2.436607837677002,15.408891677856445,-0.6296977996826172,14.779193878173828,1.0
CQR-OneSided,0.9,0p9,test,-1440.784912109375,1166.79443359375,-1437.0,1165.0,4.188741207122803,15.376062393188477,-0.6296977996826172,14.74636459350586,1.0
CQR-OneSided,0.9,0p9,test,-1428.77392578125,1157.0054931640625,-1437.0,1165.0,11.47085189819336,14.218284606933594,-0.6296977996826172,13.588586807250977,1.0
CQR-OneSided,0.9,0p9,test,-1441.44775390625,1167.3336181640625,-1437.0,1165.0,5.022777080535889,15.433154106140137,-0.6296977996826172,14.80345630645752,1.0
CQR-OneSided,0.9,0p9,test,-1433.739501953125,1161.0987548828125,-1437.0,1170.0,9.479610443115234,15.573786735534668,-0.6296977996826172,14.94408893585205,1.0
CQR-OneSided,0.9,0p9,test,-1429.7838134765625,1154.9056396484375,-1437.0,1160.0,8.833224296569824,15.331377983093262,-0.6296977996826172,14.701680183410645,1.0
CQR-OneSided,0.9,0p9,test,-1434.579345703125,1161.7449951171875,-1437.0,1165.0,4.056429862976074,14.879735946655273,-0.6296977996826172,14.250038146972656,1.0
CQR-OneSided,0.9,0p9,test,-1441.570556640625,1167.4320068359375,-1437.0,1165.0,5.17732048034668,15.433350563049316,-0.6296977996826172,14.8036527633667,1.0
CQR-OneSided,0.9,0p9,test,-1433.6142578125,1160.9793701171875,-1437.0,1165.0,5.256302356719971,15.192248344421387,-0.6296977996826172,14.56255054473877,1.0
CQR-OneSided,0.9,0p9,test,-1438.16650390625,1164.648193359375,-1437.0,1155.0,9.71845531463623,14.927168846130371,-0.6296977996826172,14.297471046447754,1.0
CQR-OneSided,0.9,0p9,test,-1429.965087890625,1158.0032958984375,-1437.0,1165.0,9.92188835144043,14.803021430969238,-0.6296977996826172,14.173323631286621,1.0
CQR-OneSided,0.9,0p9,test,-1436.182373046875,1163.08935546875,-1437.0,1165.0,2.0782387256622314,15.779393196105957,-0.6296977996826172,15.14969539642334,1.0
CQR-OneSided,0.9,0p9,test,-1432.807373046875,1160.3529052734375,-1437.0,1170.0,10.51877212524414,15.720932960510254,-0.6296977996826172,15.091235160827637,1.0
CQR-OneSided,0.9,0p9,test,-1436.234130859375,1163.0855712890625,-1437.0,1155.0,8.1217622756958,14.947911262512207,-0.6296977996826172,14.31821346282959,1.0
CQR-OneSided,0.9,0p9,test,-1423.2086181640625,1149.5980224609375,-1437.0,1160.0,17.274354934692383,32.754878997802734,-0.6296977996826172,32.12518310546875,1.0
CQR-OneSided,0.9,0p9,test,-1485.2861328125,1199.7232666015625,-1437.0,1160.0,62.525901794433594,58.28577423095703,-0.6296977996826172,57.65607452392578,0.0
CQR-OneSided,0.9,0p9,test,-1485.684326171875,1200.0423583984375,-1437.0,1160.0,63.0361328125,67.49840545654297,-0.6296977996826172,66.86870574951172,1.0
CQR-OneSided,0.9,0p9,test,-1435.6148681640625,1162.6328125,-1437.0,1165.0,2.742656946182251,15.782698631286621,-0.6296977996826172,15.153000831604004,1.0
CQR-OneSided,0.9,0p9,test,-1439.431884765625,1162.6956787109375,-1437.0,1160.0,3.6305298805236816,14.738377571105957,-0.6296977996826172,14.10867977142334,1.0
CQR-OneSided,0.9,0p9,test,-1428.9058837890625,1157.1240234375,-1437.0,1165.0,11.293614387512207,14.4188814163208,-0.6296977996826172,13.789183616638184,1.0
CQR-OneSided,0.9,0p9,test,-1437.9517822265625,1164.49169921875,-1437.0,1165.0,1.0790083408355713,15.227253913879395,-0.6296977996826172,14.597556114196777,1.0
CQR-OneSided,0.9,0p9,test,-1431.9075927734375,1159.571044921875,-1437.0,1155.0,6.8430304527282715,14.723219871520996,-0.6296977996826172,14.093522071838379,1.0
CQR-OneSided,0.9,0p9,test,-1425.9361572265625,1154.7470703125,-1437.0,1155.0,11.066733360290527,14.871467590332031,-0.6296977996826172,14.241769790649414,1.0
CQR-OneSided,0.9,0p9,test,-1427.78857421875,1156.2364501953125,-1437.0,1155.0,9.294039726257324,14.70544719696045,-0.6296977996826172,14.075749397277832,1.0
CQR-OneSided,0.9,0p9,test,-1399.6026611328125,1130.5377197265625,-1437.0,1160.0,47.60868453979492,53.8584098815918,-0.6296977996826172,53.22871398925781,1.0
CQR-OneSided,0.9,0p9,test,-1427.875732421875,1156.3052978515625,-1437.0,1165.0,12.603574752807617,14.671265602111816,-0.6296977996826172,14.0415678024292,1.0
CQR-OneSided,0.9,0p9,test,-1433.7353515625,1161.076171875,-1437.0,1170.0,9.502243995666504,15.217326164245605,-0.6296977996826172,14.587628364562988,1.0
CQR-OneSided,0.9,0p9,test,-1434.254638671875,1161.44921875,-1437.0,1165.0,4.488324165344238,14.366415977478027,-0.6296977996826172,13.73671817779541,1.0
CQR-OneSided,0.9,0p9,test,-1437.1412353515625,1160.8477783203125,-1437.0,1160.0,0.859462320804596,13.176478385925293,-0.6296977996826172,12.546780586242676,1.0
CQR-OneSided,0.9,0p9,test,-1434.433837890625,1161.654541015625,-1437.0,1155.0,7.132187843322754,15.406697273254395,-0.6296977996826172,14.776999473571777,1.0
CQR-OneSided,0.9,0p9,test,-1435.368896484375,1162.42529296875,-1437.0,1170.0,7.7483344078063965,15.695637702941895,-0.6296977996826172,15.065939903259277,1.0
CQR-OneSided,0.9,0p9,test,-1433.9093017578125,1161.1829833984375,-1437.0,1165.0,4.911418437957764,14.58349323272705,-0.6296977996826172,13.953795433044434,1.0
CQR-OneSided,0.9,0p9,test,-1426.438720703125,1155.191650390625,-1437.0,1170.0,18.18867301940918,15.59936237335205,-0.6296977996826172,14.969664573669434,0.0
CQR-OneSided,0.9,0p9,test,-1442.0556640625,1167.7802734375,-1437.0,1165.0,5.769719123840332,14.671199798583984,-0.6296977996826172,14.041501998901367,1.0
CQR-OneSided,0.9,0p9,test,-1435.6978759765625,1162.6688232421875,-1437.0,1165.0,2.670189619064331,15.23005199432373,-0.6296977996826172,14.600354194641113,1.0
CQR-OneSided,0.9,0p9,test,-1422.24169921875,1151.7940673828125,-1437.0,1170.0,23.436368942260742,15.587859153747559,-0.6296977996826172,14.958161354064941,0.0
CQR-OneSided,0.9,0p9,test,-1444.513671875,1169.8482666015625,-1437.0,1165.0,8.942089080810547,16.115938186645508,-0.6296977996826172,15.48624038696289,1.0
CQR-OneSided,0.9,0p9,test,-1425.380859375,1154.322509765625,-1437.0,1170.0,19.5137939453125,15.340137481689453,-0.6296977996826172,14.710439682006836,0.0
CQR-OneSided,0.9,0p9,test,-1429.6766357421875,1157.7994384765625,-1437.0,1170.0,14.229735374450684,15.350211143493652,-0.6296977996826172,14.720513343811035,1.0
CQR-OneSided,0.9,0p9,test,-1435.4501953125,1162.43994140625,-1437.0,1165.0,2.9926233291625977,14.74836540222168,-0.6296977996826172,14.118667602539062,1.0
CQR-OneSided,0.9,0p9,test,-1432.0743408203125,1159.7730712890625,-1437.0,1170.0,11.35130786895752,15.950745582580566,-0.6296977996826172,15.32104778289795,1.0
CQR-OneSided,0.9,0p9,test,-1425.36572265625,1154.2689208984375,-1437.0,1155.0,11.657224655151367,14.594072341918945,-0.6296977996826172,13.964374542236328,1.0
CQR-OneSided,0.9,0p9,test,-1432.96923828125,1160.4188232421875,-1437.0,1165.0,6.101984977722168,14.529438018798828,-0.6296977996826172,13.899740219116211,1.0
CQR-OneSided,0.9,0p9,test,-1427.2900390625,1155.897216796875,-1437.0,1170.0,17.12226104736328,15.889497756958008,-0.6296977996826172,15.25979995727539,0.0
CQR-OneSided,0.9,0p9,test,-1441.6695556640625,1164.5050048828125,-1437.0,1160.0,6.488437175750732,12.4253511428833,-0.6296977996826172,11.795653343200684,1.0
CQR-OneSided,0.9,0p9,test,-1447.0205078125,1168.8233642578125,-1437.0,1160.0,13.351491928100586,19.81931495666504,-0.6296977996826172,19.189617156982422,1.0
CQR-OneSided,0.9,0p9,test,-1481.911376953125,1196.9927978515625,-1437.0,1160.0,58.18503952026367,67.99669647216797,-0.6296977996826172,67.36699676513672,1.0
CQR-OneSided,0.9,0p9,test,-1441.619140625,1164.4644775390625,-1437.0,1160.0,6.424018859863281,12.845173835754395,-0.6296977996826172,12.215476036071777,1.0
CQR-OneSided,0.9,0p9,test,-1469.707763671875,1187.1409912109375,-1437.0,1160.0,42.502132415771484,47.891544342041016,-0.6296977996826172,47.26184844970703,1.0
CQR-OneSided,0.9,0p9,test,-1439.252685546875,1165.5616455078125,-1437.0,1155.0,10.799210548400879,15.555842399597168,-0.6296977996826172,14.92614459991455,1.0
CQR-OneSided,0.9,0p9,test,-1436.765380859375,1163.51611328125,-1437.0,1170.0,6.48813009262085,14.989906311035156,-0.6296977996826172,14.360208511352539,1.0
CQR-OneSided,0.9,0p9,test,-1433.4639892578125,1160.83642578125,-1437.0,1165.0,5.462482929229736,14.840755462646484,-0.6296977996826172,14.211057662963867,1.0
CQR-OneSided,0.9,0p9,test,-1430.66455078125,1158.548828125,-1437.0,1165.0,9.041876792907715,14.456653594970703,-0.6296977996826172,13.826955795288086,1.0
CQR-OneSided,0.9,0p9,test,-1428.7130126953125,1157.0487060546875,-1437.0,1170.0,15.375635147094727,15.900544166564941,-0.6296977996826172,15.270846366882324,0.0
CQR-OneSided,0.9,0p9,test,-1433.1097412109375,1160.6353759765625,-1437.0,1170.0,10.14052677154541,16.38768196105957,-0.6296977996826172,15.757984161376953,1.0
CQR-OneSided,0.9,0p9,test,-1422.7259521484375,1152.137451171875,-1437.0,1155.0,14.558249473571777,14.666842460632324,-0.6296977996826172,14.037144660949707,0.0
CQR-OneSided,0.9,0p9,test,-1436.902099609375,1163.6630859375,-1437.0,1170.0,6.33767032623291,15.627435684204102,-0.6296977996826172,14.997737884521484,1.0
CQR-OneSided,0.9,0p9,test,-1423.68212890625,1152.936767578125,-1437.0,1165.0,17.969064712524414,15.09131908416748,-0.6296977996826172,14.461621284484863,0.0
CQR-OneSided,0.9,0p9,test,-1430.509521484375,1158.4962158203125,-1437.0,1170.0,13.208457946777344,15.776381492614746,-0.6296977996826172,15.146683692932129,1.0
CQR-OneSided,0.9,0p9,test,-1439.9376220703125,1166.079345703125,-1437.0,1165.0,3.129634380340576,14.870367050170898,-0.6296977996826172,14.240669250488281,1.0
CQR-OneSided,0.9,0p9,test,-1436.993896484375,1163.7484130859375,-1437.0,1170.0,6.251590251922607,15.837965965270996,-0.6296977996826172,15.208268165588379,1.0
CQR-OneSided,0.9,0p9,test,-1342.312255859375,1084.2889404296875,-1437.0,1160.0,121.23503112792969,161.24411010742188,-0.6296977996826172,160.61441040039062,1.0
CQR-OneSided,0.9,0p9,test,-1425.099853515625,1154.0616455078125,-1437.0,1155.0,11.937084197998047,14.716920852661133,-0.6296977996826172,14.087223052978516,1.0
CQR-OneSided,0.9,0p9,test,-1449.172119140625,1170.5625,-1437.0,1160.0,16.116044998168945,22.09008026123047,-0.6296977996826172,21.46038246154785,1.0
CQR-OneSided,0.9,0p9,test,-1433.130126953125,1157.6090087890625,-1437.0,1160.0,4.548929214477539,19.445016860961914,-0.6296977996826172,18.815319061279297,1.0
CQR-OneSided,0.9,0p9,test,-1428.0185546875,1156.4246826171875,-1437.0,1155.0,9.093738555908203,14.7273530960083,-0.6296977996826172,14.097655296325684,1.0
CQR-OneSided,0.9,0p9,test,-1427.5556640625,1156.0533447265625,-1437.0,1155.0,9.50289535522461,14.789887428283691,-0.6296977996826172,14.160189628601074,1.0
CQR-OneSided,0.9,0p9,test,-1427.7132568359375,1156.1746826171875,-1437.0,1155.0,9.36074161529541,14.706215858459473,-0.6296977996826172,14.076518058776855,1.0
CQR-OneSided,0.9,0p9,test,-1434.4527587890625,1161.7164306640625,-1437.0,1165.0,4.155750751495361,16.227235794067383,-0.6296977996826172,15.597537994384766,1.0
CQR-OneSided,0.9,0p9,test,-1401.7054443359375,1132.236083984375,-1437.0,1160.0,44.90591049194336,49.22279357910156,-0.6296977996826172,48.59309387207031,1.0
CQR-OneSided,0.9,0p9,test,-1426.970947265625,1155.634033203125,-1437.0,1170.0,17.520357131958008,15.81177806854248,-0.6296977996826172,15.182080268859863,0.0
CQR-OneSided,0.9,0p9,test,-1435.3004150390625,1162.3482666015625,-1437.0,1165.0,3.1496474742889404,15.282193183898926,-0.6296977996826172,14.652495384216309,1.0
CQR-OneSided,0.9,0p9,test,-1431.2908935546875,1159.1346435546875,-1437.0,1170.0,12.273950576782227,15.910063743591309,-0.6296977996826172,15.280365943908691,1.0
CQR-OneSided,0.9,0p9,test,-1426.44921875,1152.2149658203125,-1437.0,1160.0,13.112046241760254,23.10673713684082,-0.6296977996826172,22.477039337158203,1.0
CQR-OneSided,0.9,0p9,test,-1435.54052734375,1162.528076171875,-1437.0,1165.0,2.8706214427948,15.042567253112793,-0.6296977996826172,14.412869453430176,1.0
CQR-OneSided,0.9,0p9,test,-1427.349853515625,1155.943603515625,-1437.0,1170.0,17.05014991760254,15.835197448730469,-0.6296977996826172,15.205499649047852,0.0
CQR-OneSided,0.9,0p9,test,-1416.4951171875,1144.1776123046875,-1437.0,1160.0,25.899770736694336,38.39463424682617,-0.6296977996826172,37.76493835449219,1.0
CQR-OneSided,0.9,0p9,test,-1426.8975830078125,1155.5189208984375,-1437.0,1155.0,10.11573600769043,14.768172264099121,-0.6296977996826172,14.138474464416504,1.0
CQR-OneSided,0.9,0p9,test,-1444.8992919921875,1167.121826171875,-1437.0,1160.0,10.635751724243164,25.01173973083496,-0.6296977996826172,24.382041931152344,1.0
CQR-OneSided,0.9,0p9,test,-1438.370361328125,1164.872802734375,-1437.0,1170.0,5.307168960571289,16.033287048339844,-0.6296977996826172,15.403589248657227,1.0
CQR-OneSided,0.9,0p9,test,-1431.3671875,1159.1822509765625,-1437.0,1170.0,12.196404457092285,15.61960506439209,-0.6296977996826172,14.989907264709473,1.0
CQR-OneSided,0.9,0p9,test,-1432.094482421875,1159.7647705078125,-1437.0,1165.0,7.174379825592041,15.436484336853027,-0.6296977996826172,14.80678653717041,1.0
CQR-OneSided,0.9,0p9,test,-1429.861083984375,1157.984619140625,-1437.0,1170.0,13.976176261901855,16.024869918823242,-0.6296977996826172,15.395172119140625,1.0
CQR-OneSided,0.9,0p9,test,-1441.000244140625,1163.9644775390625,-1437.0,1160.0,5.631965637207031,12.260068893432617,-0.6296977996826172,11.63037109375,1.0
CQR-OneSided,0.9,0p9,test,-1401.7362060546875,1132.2608642578125,-1437.0,1160.0,44.86641311645508,50.2480583190918,-0.6296977996826172,49.61836242675781,1.0
CQR-OneSided,0.9,0p9,test,-1434.198974609375,1161.47265625,-1437.0,1165.0,4.504209041595459,15.529603004455566,-0.6296977996826172,14.89990520477295,1.0
CQR-OneSided,0.9,0p9,test,-1356.1578369140625,1095.463134765625,-1437.0,1160.0,103.44303894042969,121.27462005615234,-0.6296977996826172,120.6449203491211,1.0
CQR-OneSided,0.9,0p9,test,-1436.4859619140625,1163.3218994140625,-1437.0,1165.0,1.7550660371780396,15.517765045166016,-0.6296977996826172,14.888067245483398,1.0
CQR-OneSided,0.9,0p9,test,-1430.713623046875,1158.660888671875,-1437.0,1170.0,12.965106010437012,15.735040664672852,-0.6296977996826172,15.105342864990234,1.0
CQR-OneSided,0.9,0p9,test,-1442.5435791015625,1168.2034912109375,-1437.0,1165.0,6.4026265144348145,15.168858528137207,-0.6296977996826172,14.53916072845459,1.0
CQR-OneSided,0.9,0p9,test,-1430.9298095703125,1158.7933349609375,-1437.0,1155.0,7.157974720001221,14.966109275817871,-0.6296977996826172,14.336411476135254,1.0
CQR-OneSided,0.9,0p9,test,-1426.0155029296875,1154.8721923828125,-1437.0,1170.0,18.695180892944336,16.0118350982666,-0.6296977996826172,15.382137298583984,0.0
CQR-OneSided,0.9,0p9,test,-1441.921142578125,1167.6922607421875,-1437.0,1165.0,5.609448432922363,15.006486892700195,-0.6296977996826172,14.376789093017578,1.0
CQR-OneSided,0.9,0p9,test,-1434.73388671875,1161.922119140625,-1437.0,1165.0,3.82212233543396,15.887524604797363,-0.6296977996826172,15.257826805114746,1.0
CQR-OneSided,0.9,0p9,test,-1437.3055419921875,1163.9598388671875,-1437.0,1165.0,1.0841084718704224,15.075032234191895,-0.6296977996826172,14.445334434509277,1.0
CQR-OneSided,0.9,0p9,test,-1429.028076171875,1154.2989501953125,-1437.0,1160.0,9.800690650939941,27.38576316833496,-0.6296977996826172,26.756065368652344,1.0
CQR-OneSided,0.9,0p9,test,-1432.172119140625,1159.79248046875,-1437.0,1155.0,6.802668571472168,14.870421409606934,-0.6296977996826172,14.240723609924316,1.0
CQR-OneSided,0.9,0p9,test,-1441.989013671875,1164.7633056640625,-1437.0,1160.0,6.897777557373047,13.123204231262207,-0.6296977996826172,12.49350643157959,1.0
CQR-OneSided,0.9,0p9,test,-1345.6630859375,1086.9945068359375,-1437.0,1160.0,116.92832946777344,142.0145263671875,-0.6296977996826172,141.38482666015625,1.0
CQR-OneSided,0.9,0p9,test,-1420.769775390625,1147.6295166015625,-1437.0,1160.0,20.40708351135254,31.029470443725586,-0.6296977996826172,30.39977264404297,1.0
CQR-OneSided,0.9,0p9,test,-1444.963623046875,1170.2689208984375,-1437.0,1170.0,7.968162536621094,17.09440040588379,-0.6296977996826172,16.464702606201172,1.0
CQR-OneSided,0.9,0p9,test,-1442.9346923828125,1168.566650390625,-1437.0,1170.0,6.105330467224121,16.02884292602539,-0.6296977996826172,15.399145126342773,1.0
CQR-OneSided,0.9,0p9,test,-1463.7353515625,1182.3197021484375,-1437.0,1160.0,34.8274040222168,45.16683578491211,-0.6296977996826172,44.537139892578125,1.0
CQR-OneSided,0.9,0p9,test,-1430.634033203125,1158.6119384765625,-1437.0,1170.0,13.046588897705078,16.035415649414062,-0.6296977996826172,15.405717849731445,1.0
CQR-OneSided,0.9,0p9,test,-1438.3551025390625,1164.789306640625,-1437.0,1165.0,1.3713841438293457,14.710465431213379,-0.6296977996826172,14.080767631530762,1.0
CQR-OneSided,0.9,0p9,test,-1418.1202392578125,1148.368896484375,-1437.0,1155.0,20.010419845581055,13.993608474731445,-0.6296977996826172,13.363910675048828,0.0
CQR-OneSided,0.9,0p9,test,-1438.075439453125,1164.5728759765625,-1437.0,1165.0,1.1571537256240845,14.885598182678223,-0.6296977996826172,14.255900382995605,1.0
CQR-OneSided,0.9,0p9,test,-1431.63525390625,1159.335205078125,-1437.0,1165.0,7.801948547363281,14.469398498535156,-0.6296977996826172,13.839700698852539,1.0
CQR-OneSided,0.9,0p9,test,-1428.11279296875,1156.5677490234375,-1437.0,1170.0,16.106142044067383,15.99056339263916,-0.6296977996826172,15.360865592956543,0.0
CQR-OneSided,0.9,0p9,test,-1436.2239990234375,1163.0693359375,-1437.0,1165.0,2.0807790756225586,14.805386543273926,-0.6296977996826172,14.175688743591309,1.0
CQR-OneSided,0.9,0p9,test,-1425.2998046875,1154.393798828125,-1437.0,1165.0,15.791962623596191,20.137086868286133,-0.6296977996826172,19.507389068603516,1.0
CQR-OneSided,0.9,0p9,test,-1435.197509765625,1159.27685546875,-1437.0,1160.0,1.9421403408050537,12.5150785446167,-0.6296977996826172,11.885380744934082,1.0
CQR-OneSided,0.9,0p9,test,-1365.543701171875,1103.0374755859375,-1437.0,1160.0,91.38233947753906,95.53001403808594,-0.6296977996826172,94.90031433105469,1.0
CQR-OneSided,0.9,0p9,test,-1437.79248046875,1164.3934326171875,-1437.0,1170.0,5.662298202514648,15.827692031860352,-0.6296977996826172,15.197994232177734,1.0
CQR-OneSided,0.9,0p9,test,-1418.93115234375,1146.1439208984375,-1437.0,1160.0,22.770029067993164,29.467599868774414,-0.6296977996826172,28.837902069091797,1.0
CQR-OneSided,0.9,0p9,test,-1431.4033203125,1159.17724609375,-1437.0,1155.0,6.983710289001465,14.986411094665527,-0.6296977996826172,14.35671329498291,1.0
CQR-OneSided,0.9,0p9,test,-1443.7147216796875,1166.1566162109375,-1437.0,1160.0,9.109962463378906,12.277031898498535,-0.6296977996826172,11.647334098815918,1.0
CQR-OneSided,0.9,0p9,test,-1449.215087890625,1170.597412109375,-1437.0,1160.0,16.17137908935547,18.134742736816406,-0.6296977996826172,17.50504493713379,1.0
CQR-OneSided,0.9,0p9,test,-1432.364990234375,1160.0155029296875,-1437.0,1170.0,11.007883071899414,16.0787353515625,-0.6296977996826172,15.449037551879883,1.0
CQR-OneSided,0.9,0p9,test,-1427.6468505859375,1156.1185302734375,-1437.0,1155.0,9.419794082641602,14.65790843963623,-0.6296977996826172,14.028210639953613,1.0
CQR-OneSided,0.9,0p9,test,-1435.80859375,1162.711181640625,-1437.0,1165.0,2.580336809158325,14.443140029907227,-0.6296977996826172,13.81344223022461,1.0
CQR-OneSided,0.9,0p9,test,-1428.8211669921875,1157.0579833984375,-1437.0,1155.0,8.433777809143066,14.468013763427734,-0.6296977996826172,13.838315963745117,1.0
CQR-OneSided,0.9,0p9,test,-1431.552490234375,1159.353515625,-1437.0,1170.0,11.959221839904785,16.03140640258789,-0.6296977996826172,15.401708602905273,1.0
CQR-OneSided,0.9,0p9,test,-1426.0771484375,1154.9100341796875,-1437.0,1170.0,18.628358840942383,15.79566478729248,-0.6296977996826172,15.165966987609863,0.0
CQR-OneSided,0.9,0p9,test,-1431.08203125,1158.908447265625,-1437.0,1155.0,7.092130184173584,14.814105987548828,-0.6296977996826172,14.184408187866211,1.0
CQR-OneSided,0.9,0p9,test,-1444.058349609375,1169.5196533203125,-1437.0,1165.0,8.38138198852539,16.770967483520508,-0.6296977996826172,16.14126968383789,1.0
CQR-OneSided,0.9,0p9,test,-1426.40673828125,1155.1544189453125,-1437.0,1155.0,10.59438705444336,15.329166412353516,-0.6296977996826172,14.699468612670898,1.0
CQR-OneSided,0.9,0p9,test,-1433.801025390625,1161.1427001953125,-1437.0,1165.0,5.011207580566406,15.418160438537598,-0.6296977996826172,14.78846263885498,1.0
CQR-OneSided,0.9,0p9,test,-1389.6619873046875,1122.5108642578125,-1437.0,1160.0,60.384788513183594,66.8223876953125,-0.6296977996826172,66.19268798828125,1.0
CQR-OneSided,0.9,0p9,test,-1441.241455078125,1167.1033935546875,-1437.0,1165.0,4.7343645095825195,14.382707595825195,-0.6296977996826172,13.753009796142578,1.0
CQR-OneSided,0.9,0p9,test,-1432.76220703125,1160.32275390625,-1437.0,1170.0,10.564468383789062,15.785615921020508,-0.6296977996826172,15.15591812133789,1.0
CQR-OneSided,0.9,0p9,test,-1428.79248046875,1157.0845947265625,-1437.0,1170.0,15.30264949798584,15.365457534790039,-0.6296977996826172,14.735759735107422,0.0
CQR-OneSided,0.9,0p9,test,-1427.44287109375,1155.9520263671875,-1437.0,1155.0,9.604430198669434,14.635173797607422,-0.6296977996826172,14.005475997924805,1.0
CQR-OneSided,0.9,0p9,test,-1442.1640625,1164.9044189453125,-1437.0,1160.0,7.121858596801758,12.911500930786133,-0.6296977996826172,12.281803131103516,1.0
CQR-OneSided,0.9,0p9,test,-1426.2857666015625,1155.026123046875,-1437.0,1155.0,10.714264869689941,14.792268753051758,-0.6296977996826172,14.16257095336914,1.0
CQR-OneSided,0.9,0p9,test,-1440.43115234375,1166.5615234375,-1437.0,1170.0,4.8575639724731445,16.386371612548828,-0.6296977996826172,15.756673812866211,1.0
CQR-OneSided,0.9,0p9,test,-1419.760498046875,1146.8123779296875,-1437.0,1160.0,21.705156326293945,25.86554718017578,-0.6296977996826172,25.235849380493164,1.0
CQR-OneSided,0.9,0p9,test,-1428.046630859375,1156.51318359375,-1437.0,1170.0,16.188175201416016,15.956585884094238,-0.6296977996826172,15.326888084411621,0.0
CQR-OneSided,0.9,0p9,test,-1432.8048095703125,1160.3848876953125,-1437.0,1170.0,10.490472793579102,16.33808135986328,-0.6296977996826172,15.708383560180664,1.0
CQR-OneSided,0.9,0p9,test,-1436.527099609375,1163.30078125,-1437.0,1165.0,1.7637968063354492,14.553977966308594,-0.6296977996826172,13.924280166625977,1.0
CQR-OneSided,0.9,0p9,test,-1432.240966796875,1159.8538818359375,-1437.0,1155.0,6.797688007354736,14.961697578430176,-0.6296977996826172,14.331999778747559,1.0
CQR-OneSided,0.9,0p9,test,-1434.80908203125,1161.9583740234375,-1437.0,1155.0,7.295141696929932,15.423874855041504,-0.6296977996826172,14.794177055358887,1.0
CQR-OneSided,0.9,0p9,test,-1444.984375,1167.1829833984375,-1437.0,1160.0,10.739901542663574,12.223508834838867,-0.6296977996826172,11.59381103515625,1.0
CQR-OneSided,0.9,0p9,test,-1428.79931640625,1157.0528564453125,-1437.0,1155.0,8.453722953796387,14.669380187988281,-0.6296977996826172,14.039682388305664,1.0
CQR-OneSided,0.9,0p9,test,-1429.197998046875,1157.3843994140625,-1437.0,1155.0,8.158222198486328,14.835829734802246,-0.6296977996826172,14.206131935119629,1.0
CQR-OneSided,0.9,0p9,test,-1437.809814453125,1164.4031982421875,-1437.0,1170.0,5.65508508682251,15.749737739562988,-0.6296977996826172,15.120039939880371,1.0
CQR-OneSided,0.9,0p9,test,-1436.2684326171875,1163.1114501953125,-1437.0,1165.0,2.0252928733825684,14.893567085266113,-0.6296977996826172,14.263869285583496,1.0
CQR-OneSided,0.9,0p9,test,-1442.9896240234375,1168.55322265625,-1437.0,1165.0,6.964264869689941,14.943453788757324,-0.6296977996826172,14.313755989074707,1.0
CQR-OneSided,0.9,0p9,test,-1421.2135009765625,1150.9117431640625,-1437.0,1155.0,16.307281494140625,14.635875701904297,-0.6296977996826172,14.00617790222168,0.0
CQR-OneSided,0.9,0p9,test,-1424.8106689453125,1153.8743896484375,-1437.0,1170.0,20.214229583740234,15.608917236328125,-0.6296977996826172,14.979219436645508,0.0
CQR-OneSided,0.9,0p9,test,-1434.8623046875,1162.0357666015625,-1437.0,1165.0,3.6546437740325928,16.02095603942871,-0.6296977996826172,15.391258239746094,1.0
CQR-OneSided,0.9,0p9,test,-1407.7750244140625,1137.13720703125,-1437.0,1160.0,37.105342864990234,48.141536712646484,-0.6296977996826172,47.5118408203125,1.0
CQR-OneSided,0.9,0p9,test,-1445.83154296875,1167.8642578125,-1437.0,1160.0,11.82551097869873,17.655841827392578,-0.6296977996826172,17.02614402770996,1.0
CQR-OneSided,0.9,0p9,test,-1429.682861328125,1157.7677001953125,-1437.0,1155.0,7.823086738586426,14.66698169708252,-0.6296977996826172,14.037283897399902,1.0
CQR-OneSided,0.9,0p9,test,-1426.727294921875,1155.4320068359375,-1437.0,1170.0,17.825679779052734,15.709831237792969,-0.6296977996826172,15.080133438110352,0.0
CQR-OneSided,0.9,0p9,test,-1477.793701171875,1193.6749267578125,-1437.0,1160.0,52.89732360839844,49.50629806518555,-0.6296977996826172,48.87660217285156,0.0
CQR-OneSided,0.9,0p9,test,-1425.090576171875,1154.062255859375,-1437.0,1165.0,16.169992446899414,14.888386726379395,-0.6296977996826172,14.258688926696777,0.0
CQR-OneSided,0.9,0p9,test,-1429.086181640625,1157.2886962890625,-1437.0,1165.0,11.04955768585205,14.71845531463623,-0.6296977996826172,14.088757514953613,1.0
CQR-OneSided,0.9,0p9,test,-1358.83544921875,1097.6251220703125,-1437.0,1160.0,100.0016098022461,117.45576477050781,-0.6296977996826172,116.82606506347656,1.0
CQR-OneSided,0.9,0p9,test,-1450.9183349609375,1171.9716796875,-1437.0,1160.0,18.358680725097656,19.995943069458008,-0.6296977996826172,19.36624526977539,1.0
CQR-OneSided,0.9,0p9,test,-1427.084716796875,1155.6644287109375,-1437.0,1155.0,9.937520027160645,14.648625373840332,-0.6296977996826172,14.018927574157715,1.0
CQR-OneSided,0.9,0p9,test,-1433.16455078125,1160.5950927734375,-1437.0,1155.0,6.78348970413208,14.844965934753418,-0.6296977996826172,14.2152681350708,1.0
CQR-OneSided,0.9,0p9,test,-1446.3721923828125,1168.2996826171875,-1437.0,1160.0,12.51889419555664,18.80772590637207,-0.6296977996826172,18.178028106689453,1.0
CQR-OneSided,0.9,0p9,test,-1436.9686279296875,1163.6949462890625,-1437.0,1165.0,1.3054307699203491,15.217741012573242,-0.6296977996826172,14.588043212890625,1.0
CQR-OneSided,0.9,0p9,test,-1433.199951171875,1160.6275634765625,-1437.0,1155.0,6.7904229164123535,14.903852462768555,-0.6296977996826172,14.274154663085938,1.0
CQR-OneSided,0.9,0p9,test,-1494.465576171875,1207.1229248046875,-1437.0,1160.0,74.31596374511719,81.9864273071289,-0.6296977996826172,81.35672760009766,1.0
CQR-OneSided,0.9,0p9,test,-1431.5328369140625,1156.3204345703125,-1437.0,1160.0,6.590074062347412,21.623197555541992,-0.6296977996826172,20.993499755859375,1.0
CQR-OneSided,0.9,0p9,test,-1439.012939453125,1162.3590087890625,-1437.0,1160.0,3.101104259490967,13.499641418457031,-0.6296977996826172,12.869943618774414,1.0
CQR-OneSided,0.9,0p9,test,-1433.3779296875,1160.7874755859375,-1437.0,1165.0,5.555605411529541,15.180286407470703,-0.6296977996826172,14.550588607788086,1.0
CQR-OneSided,0.9,0p9,test,-1431.3885498046875,1159.17529296875,-1437.0,1155.0,6.994386672973633,15.15371322631836,-0.6296977996826172,14.524015426635742,1.0
CQR-OneSided,0.9,0p9,test,-1444.961181640625,1170.21435546875,-1437.0,1165.0,9.516822814941406,16.13712501525879,-0.6296977996826172,15.507427215576172,1.0
CQR-OneSided,0.9,0p9,test,-1468.2333984375,1185.9483642578125,-1437.0,1160.0,40.6059455871582,54.30059051513672,-0.6296977996826172,53.67089080810547,1.0
CQR-OneSided,0.9,0p9,test,-1444.7552490234375,1170.05224609375,-1437.0,1170.0,7.755424976348877,16.244705200195312,-0.6296977996826172,15.615007400512695,1.0
CQR-OneSided,0.9,0p9,test,-1469.365234375,1186.8651123046875,-1437.0,1160.0,42.0623664855957,53.03194808959961,-0.6296977996826172,52.402252197265625,1.0
CQR-OneSided,0.9,0p9,test,-1449.716552734375,1171.0013427734375,-1437.0,1160.0,16.814882278442383,19.306406021118164,-0.6296977996826172,18.676708221435547,1.0
CQR-OneSided,0.9,0p9,test,-1376.2392578125,1111.6719970703125,-1437.0,1160.0,77.6367416381836,75.20598602294922,-0.6296977996826172,74.57628631591797,0.0
CQR-OneSided,0.9,0p9,test,-1482.466552734375,1197.4410400390625,-1437.0,1160.0,58.8985481262207,71.4168472290039,-0.6296977996826172,70.78714752197266,1.0
CQR-OneSided,0.9,0p9,test,-1421.515869140625,1148.2310791015625,-1437.0,1160.0,19.44905662536621,30.40984535217285,-0.6296977996826172,29.780147552490234,1.0
CQR-OneSided,0.9,0p9,test,-1436.7496337890625,1163.5010986328125,-1437.0,1165.0,1.5196672677993774,14.900540351867676,-0.6296977996826172,14.270842552185059,1.0
CQR-OneSided,0.9,0p9,test,-1425.1199951171875,1151.140625,-1437.0,1160.0,14.819684028625488,22.545827865600586,-0.6296977996826172,21.91613006591797,1.0
CQR-OneSided,0.9,0p9,test,-1434.12939453125,1161.4315185546875,-1437.0,1170.0,9.036551475524902,15.875819206237793,-0.6296977996826172,15.246121406555176,1.0
CQR-OneSided,0.9,0p9,test,-1436.878662109375,1163.5709228515625,-1437.0,1165.0,1.4342191219329834,14.352827072143555,-0.6296977996826172,13.723129272460938,1.0
CQR-OneSided,0.9,0p9,test,-1389.650634765625,1125.6922607421875,-1437.0,1160.0,58.47207260131836,73.96012115478516,-0.6296977996826172,73.3304214477539,1.0
CQR-OneSided,0.9,0p9,test,-1429.433349609375,1157.5537109375,-1437.0,1155.0,7.985965251922607,14.475488662719727,-0.6296977996826172,13.84579086303711,1.0
CQR-OneSided,0.9,0p9,test,-1433.62548828125,1160.976318359375,-1437.0,1155.0,6.863214492797852,14.975064277648926,-0.6296977996826172,14.345366477966309,1.0
CQR-OneSided,0.9,0p9,test,-1433.6173095703125,1161.0067138671875,-1437.0,1170.0,9.608423233032227,15.675488471984863,-0.6296977996826172,15.045790672302246,1.0
CQR-OneSided,0.9,0p9,test,-1423.426025390625,1152.7142333984375,-1437.0,1155.0,13.765083312988281,14.84860610961914,-0.6296977996826172,14.218908309936523,1.0
CQR-OneSided,0.9,0p9,test,-1429.9417724609375,1157.9893798828125,-1437.0,1155.0,7.6651787757873535,14.879971504211426,-0.6296977996826172,14.250273704528809,1.0
CQR-OneSided,0.9,0p9,test,-1443.39599609375,1168.8824462890625,-1437.0,1165.0,7.482122421264648,14.964581489562988,-0.6296977996826172,14.334883689880371,1.0
CQR-OneSided,0.9,0p9,test,-1438.983642578125,1165.31982421875,-1437.0,1165.0,2.0092599391937256,15.082130432128906,-0.6296977996826172,14.452432632446289,1.0
CQR-OneSided,0.9,0p9,test,-1430.427978515625,1158.3892822265625,-1437.0,1155.0,7.394505023956299,14.989420890808105,-0.6296977996826172,14.359723091125488,1.0
CQR-OneSided,0.9,0p9,test,-1446.981689453125,1168.7939453125,-1437.0,1160.0,13.302916526794434,15.590699195861816,-0.6296977996826172,14.9610013961792,1.0
CQR-OneSided,0.9,0p9,test,-1430.3759765625,1158.3409423828125,-1437.0,1155.0,7.4188666343688965,14.8737154006958,-0.6296977996826172,14.244017601013184,1.0
CQR-OneSided,0.9,0p9,test,-1427.70947265625,1156.1739501953125,-1437.0,1155.0,9.36440372467041,14.72043514251709,-0.6296977996826172,14.090737342834473,1.0
CQR-OneSided,0.9,0p9,test,-1438.039794921875,1164.5489501953125,-1437.0,1165.0,1.1334104537963867,14.974261283874512,-0.6296977996826172,14.344563484191895,1.0
CQR-OneSided,0.9,0p9,test,-1433.1705322265625,1160.6561279296875,-1437.0,1170.0,10.098156929016113,15.875872611999512,-0.6296977996826172,15.246174812316895,1.0
CQR-OneSided,0.9,0p9,test,-1369.5927734375,1106.3062744140625,-1437.0,1160.0,86.17859649658203,86.65699005126953,-0.6296977996826172,86.02729034423828,0.0
CQR-OneSided,0.9,0p9,test,-1425.61572265625,1154.53759765625,-1437.0,1170.0,19.201242446899414,15.812422752380371,-0.6296977996826172,15.182724952697754,0.0
CQR-OneSided,0.9,0p9,test,-1385.30615234375,1118.9913330078125,-1437.0,1160.0,65.98458099365234,63.64591979980469,-0.6296977996826172,63.01622009277344,0.0
CQR-OneSided,0.9,0p9,test,-1430.942626953125,1158.793701171875,-1437.0,1165.0,8.672365188598633,14.752716064453125,-0.6296977996826172,14.123018264770508,1.0
CQR-OneSided,0.9,0p9,test,-1426.609130859375,1152.34423828125,-1437.0,1160.0,12.906620025634766,23.266963958740234,-0.6296977996826172,22.637266159057617,1.0
CQR-OneSided,0.9,0p9,test,-1434.164306640625,1161.3919677734375,-1437.0,1155.0,6.992739677429199,14.631160736083984,-0.6296977996826172,14.001462936401367,1.0
CQR-OneSided,0.9,0p9,test,-1427.1871337890625,1155.7559814453125,-1437.0,1155.0,9.841943740844727,14.816534996032715,-0.6296977996826172,14.186837196350098,1.0
CQR-OneSided,0.9,0p9,test,-1431.599853515625,1159.32763671875,-1437.0,1155.0,6.920261859893799,14.834211349487305,-0.6296977996826172,14.204513549804688,1.0
CQR-OneSided,0.9,0p9,test,-1437.453857421875,1164.0570068359375,-1437.0,1165.0,1.046528935432434,14.673990249633789,-0.6296977996826172,14.044292449951172,1.0
CQR-OneSided,0.9,0p9,test,-1436.257080078125,1163.108154296875,-1437.0,1155.0,8.142118453979492,15.033263206481934,-0.6296977996826172,14.403565406799316,1.0
CQR-OneSided,0.9,0p9,test,-1448.575439453125,1170.076904296875,-1437.0,1160.0,15.347143173217773,22.135581970214844,-0.6296977996826172,21.505884170532227,1.0
CQR-OneSided,0.9,0p9,test,-1426.3909912109375,1155.0966796875,-1437.0,1155.0,10.60944938659668,14.566540718078613,-0.6296977996826172,13.936842918395996,1.0
CQR-OneSided,0.9,0p9,test,-1453.767822265625,1174.2738037109375,-1437.0,1160.0,22.020475387573242,20.070423126220703,-0.6296977996826172,19.440725326538086,0.0
CQR-OneSided,0.9,0p9,test,-1432.7232666015625,1160.2303466796875,-1437.0,1155.0,6.75625467300415,14.704462051391602,-0.6296977996826172,14.074764251708984,1.0
CQR-OneSided,0.9,0p9,test,-1450.924560546875,1171.9766845703125,-1437.0,1160.0,18.36666488647461,20.026535034179688,-0.6296977996826172,19.39683723449707,1.0
CQR-OneSided,0.9,0p9,test,-1440.58154296875,1166.61669921875,-1437.0,1165.0,3.9295248985290527,15.194790840148926,-0.6296977996826172,14.565093040466309,1.0
CQR-OneSided,0.9,0p9,test,-1428.172607421875,1156.5467529296875,-1437.0,1155.0,8.961880683898926,14.682451248168945,-0.6296977996826172,14.052753448486328,1.0
CQR-OneSided,0.9,0p9,test,-1386.11767578125,1119.6475830078125,-1437.0,1160.0,64.94096374511719,63.97323989868164,-0.6296977996826172,63.343544006347656,0.0
CQR-OneSided,0.9,0p9,test,-1410.6844482421875,1139.4847412109375,-1437.0,1160.0,33.367408752441406,42.8757438659668,-0.6296977996826172,42.24604797363281,1.0
CQR-OneSided,0.9,0p9,test,-1432.1912841796875,1156.8555908203125,-1437.0,1160.0,5.745524883270264,27.536819458007812,-0.6296977996826172,26.907121658325195,1.0
CQR-OneSided,0.9,0p9,test,-1422.047607421875,1151.5950927734375,-1437.0,1155.0,15.33517074584961,14.776819229125977,-0.6296977996826172,14.14712142944336,0.0
CQR-OneSided,0.9,0p9,test,-1434.00634765625,1161.329345703125,-1437.0,1170.0,9.172905921936035,15.81967830657959,-0.6296977996826172,15.189980506896973,1.0
CQR-OneSided,0.9,0p9,test,-1472.562744140625,1189.4483642578125,-1437.0,1160.0,46.172664642333984,46.960758209228516,-0.6296977996826172,46.33106231689453,1.0
CQR-OneSided,0.9,0p9,test,-1362.1624755859375,1100.3089599609375,-1437.0,1160.0,95.72708892822266,107.07698059082031,-0.6296977996826172,106.44728088378906,1.0
CQR-OneSided,0.9,0p9,test,-1433.6729736328125,1161.052734375,-1437.0,1170.0,9.545819282531738,15.71194839477539,-0.6296977996826172,15.082250595092773,1.0
CQR-OneSided,0.9,0p9,test,-1416.478515625,1144.1636962890625,-1437.0,1160.0,25.921415328979492,36.275333404541016,-0.6296977996826172,35.64563751220703,1.0
CQR-OneSided,0.9,0p9,test,-1424.4205322265625,1153.579833984375,-1437.0,1170.0,20.684894561767578,15.973715782165527,-0.6296977996826172,15.34401798248291,0.0
CQR-OneSided,0.9,0p9,test,-1436.654052734375,1163.5062255859375,-1437.0,1170.0,6.5029826164245605,16.44347381591797,-0.6296977996826172,15.813776016235352,1.0
CQR-OneSided,0.9,0p9,test,-1441.9671630859375,1167.7344970703125,-1437.0,1165.0,5.6701130867004395,15.103466987609863,-0.6296977996826172,14.473769187927246,1.0
CQR-OneSided,0.9,0p9,test,-1438.3912353515625,1164.8402099609375,-1437.0,1165.0,1.4003815650939941,15.101705551147461,-0.6296977996826172,14.472007751464844,1.0
CQR-OneSided,0.9,0p9,test,-1432.502685546875,1160.0399169921875,-1437.0,1165.0,6.6953911781311035,14.508782386779785,-0.6296977996826172,13.879084587097168,1.0
CQR-OneSided,0.9,0p9,test,-1443.900146484375,1166.3043212890625,-1437.0,1160.0,9.34646987915039,19.437700271606445,-0.6296977996826172,18.808002471923828,1.0
CQR-OneSided,0.9,0p9,test,-1431.6412353515625,1159.3582763671875,-1437.0,1155.0,6.9073100090026855,14.775725364685059,-0.6296977996826172,14.146027565002441,1.0
CQR-OneSided,0.9,0p9,test,-1438.0238037109375,1164.587890625,-1437.0,1170.0,5.508094310760498,15.9393949508667,-0.6296977996826172,15.309697151184082,1.0
CQR-OneSided,0.9,0p9,test,-1393.32421875,1125.4661865234375,-1437.0,1160.0,55.6790657043457,60.76406478881836,-0.6296977996826172,60.134368896484375,1.0
CQR-OneSided,0.9,0p9,test,-1438.15576171875,1164.6651611328125,-1437.0,1165.0,1.2032880783081055,15.384135246276855,-0.6296977996826172,14.754437446594238,1.0
CQR-OneSided,0.9,0p9,test,-1338.06103515625,1080.86083984375,-1437.0,1160.0,126.69619750976562,158.7861328125,-0.6296977996826172,158.15643310546875,1.0
CQR-OneSided,0.9,0p9,test,-1438.138671875,1164.701171875,-1437.0,1170.0,5.419792652130127,16.317096710205078,-0.6296977996826172,15.687398910522461,1.0
CQR-OneSided,0.9,0p9,test,-1421.706787109375,1151.3157958984375,-1437.0,1160.0,17.586862564086914,14.776153564453125,-0.6296977996826172,14.146455764770508,0.0
CQR-OneSided,0.9,0p9,test,-1430.53857421875,1158.4793701171875,-1437.0,1165.0,9.179795265197754,14.999848365783691,-0.6296977996826172,14.370150566101074,1.0
CQR-OneSided,0.9,0p9,test,-1413.24462890625,1144.6307373046875,-1437.0,1160.0,28.293672561645508,21.396753311157227,-0.6296977996826172,20.76705551147461,0.0
CQR-OneSided,0.9,0p9,test,-1426.0159912109375,1154.7874755859375,-1437.0,1165.0,14.998136520385742,14.437409400939941,-0.6296977996826172,13.807711601257324,0.0
CQR-OneSided,0.9,0p9,test,-1427.959228515625,1156.38037109375,-1437.0,1155.0,9.145544052124023,14.801012992858887,-0.6296977996826172,14.17131519317627,1.0
CQR-OneSided,0.9,0p9,test,-1438.6998291015625,1165.1490478515625,-1437.0,1170.0,5.140151500701904,16.1914119720459,-0.6296977996826172,15.561714172363281,1.0
CQR-OneSided,0.9,0p9,test,-1430.123046875,1158.1302490234375,-1437.0,1165.0,9.720389366149902,14.75423812866211,-0.6296977996826172,14.124540328979492,1.0
CQR-OneSided,0.9,0p9,test,-1433.660400390625,1161.0697021484375,-1437.0,1170.0,9.534314155578613,16.185842514038086,-0.6296977996826172,15.556144714355469,1.0
CQR-OneSided,0.9,0p9,test,-1441.004150390625,1167.0208740234375,-1437.0,1170.0,4.990832805633545,16.321815490722656,-0.6296977996826172,15.692117691040039,1.0
CQR-OneSided,0.9,0p9,test,-1427.30908203125,1155.9534912109375,-1437.0,1170.0,17.065120697021484,16.62946128845215,-0.6296977996826172,15.999763488769531,0.0
CQR-OneSided,0.9,0p9,test,-1447.8218994140625,1172.5340576171875,-1437.0,1170.0,11.114627838134766,16.238676071166992,-0.6296977996826172,15.608978271484375,1.0
CQR-OneSided,0.9,0p9,test,-1426.401123046875,1155.2060546875,-1437.0,1170.0,18.198820114135742,16.37244415283203,-0.6296977996826172,15.742746353149414,0.0
CQR-OneSided,0.9,0p9,test,-1441.74267578125,1164.56298828125,-1437.0,1160.0,6.581324577331543,12.459537506103516,-0.6296977996826172,11.829839706420898,1.0
CQR-OneSided,0.9,0p9,test,-1422.0087890625,1148.6307373046875,-1437.0,1160.0,18.814794540405273,28.153491973876953,-0.6296977996826172,27.523794174194336,1.0
CQR-OneSided,0.9,0p9,test,-1430.185791015625,1158.2198486328125,-1437.0,1170.0,13.60901927947998,15.513009071350098,-0.6296977996826172,14.88331127166748,1.0
CQR-OneSided,0.9,0p9,test,-1429.055419921875,1157.3236083984375,-1437.0,1170.0,14.960188865661621,15.871147155761719,-0.6296977996826172,15.241449356079102,1.0
CQR-OneSided,0.9,0p9,test,-1440.4410400390625,1163.5135498046875,-1437.0,1160.0,4.917904853820801,12.974007606506348,-0.6296977996826172,12.34430980682373,1.0
CQR-OneSided,0.9,0p9,test,-1434.634521484375,1161.841796875,-1437.0,1170.0,8.494219779968262,15.900983810424805,-0.6296977996826172,15.271286010742188,1.0
CQR-OneSided,0.9,0p9,test,-1427.707275390625,1156.1734619140625,-1437.0,1155.0,9.366522789001465,14.753851890563965,-0.6296977996826172,14.124154090881348,1.0
CQR-OneSided,0.9,0p9,test,-1419.605712890625,1149.6390380859375,-1437.0,1165.0,23.20604133605957,15.095324516296387,-0.6296977996826172,14.46562671661377,0.0
CQR-OneSided,0.9,0p9,test,-1428.421142578125,1156.7998046875,-1437.0,1170.0,15.742997169494629,15.67353343963623,-0.6296977996826172,15.043835639953613,0.0
CQR-OneSided,0.9,0p9,test,-1434.19189453125,1161.4210205078125,-1437.0,1165.0,4.549126148223877,14.734709739685059,-0.6296977996826172,14.105011940002441,1.0
CQR-OneSided,0.9,0p9,test,-1398.48291015625,1129.633544921875,-1437.0,1160.0,49.04780960083008,55.55739212036133,-0.6296977996826172,54.927696228027344,1.0
CQR-OneSided,0.9,0p9,test,-1421.8668212890625,1148.5140380859375,-1437.0,1160.0,18.998432159423828,29.204912185668945,-0.6296977996826172,28.575214385986328,1.0
CQR-OneSided,0.9,0p9,test,-1424.067138671875,1150.2918701171875,-1437.0,1160.0,16.171167373657227,25.66830825805664,-0.6296977996826172,25.038610458374023,1.0
CQR-OneSided,0.9,0p9,test,-1432.3209228515625,1160.0,-1437.0,1170.0,11.04055118560791,16.43013572692871,-0.6296977996826172,15.800437927246094,1.0
CQR-OneSided,0.9,0p9,test,-1434.6455078125,1161.7955322265625,-1437.0,1165.0,3.97646164894104,14.848259925842285,-0.6296977996826172,14.218562126159668,1.0
CQR-OneSided,0.9,0p9,test,-1435.2215576171875,1162.2421875,-1437.0,1165.0,3.281522035598755,14.532278060913086,-0.6296977996826172,13.902580261230469,1.0
CQR-OneSided,0.9,0p9,test,-1433.0517578125,1157.5440673828125,-1437.0,1160.0,4.649755001068115,13.064017295837402,-0.6296977996826172,12.434319496154785,1.0
CQR-OneSided,0.9,0p9,test,-1430.061279296875,1158.095947265625,-1437.0,1155.0,7.598074436187744,15.07084846496582,-0.6296977996826172,14.441150665283203,1.0
CQR-OneSided,0.9,0p9,test,-1443.584716796875,1169.0557861328125,-1437.0,1165.0,7.733556270599365,15.315370559692383,-0.6296977996826172,14.685672760009766,1.0
CQR-OneSided,0.9,0p9,test,-1434.172607421875,1161.4183349609375,-1437.0,1165.0,4.563164710998535,14.982024192810059,-0.6296977996826172,14.352326393127441,1.0
CQR-OneSided,0.9,0p9,test,-1432.7137451171875,1160.22119140625,-1437.0,1155.0,6.755207061767578,14.677437782287598,-0.6296977996826172,14.04773998260498,1.0
CQR-OneSided,0.9,0p9,test,-1431.1279296875,1158.9432373046875,-1437.0,1155.0,7.073212146759033,14.77906322479248,-0.6296977996826172,14.149365425109863,1.0
CQR-OneSided,0.9,0p9,test,-1440.6102294921875,1166.6763916015625,-1437.0,1165.0,3.9804580211639404,15.823145866394043,-0.6296977996826172,15.193448066711426,1.0
CQR-OneSided,0.9,0p9,test,-1426.5694580078125,1152.3106689453125,-1437.0,1160.0,12.95847225189209,21.103723526000977,-0.6296977996826172,20.47402572631836,1.0
CQR-OneSided,0.9,0p9,test,-1427.0093994140625,1155.6458740234375,-1437.0,1170.0,17.48865509033203,15.44880199432373,-0.6296977996826172,14.819104194641113,0.0
CQR-OneSided,0.9,0p9,test,-1435.8585205078125,1162.747802734375,-1437.0,1165.0,2.524949073791504,14.381843566894531,-0.6296977996826172,13.752145767211914,1.0
CQR-OneSided,0.9,0p9,test,-1445.02099609375,1170.2113037109375,-1437.0,1165.0,9.565253257751465,15.19947624206543,-0.6296977996826172,14.569778442382812,1.0
CQR-OneSided,0.9,0p9,test,-1422.514892578125,1151.9276123046875,-1437.0,1155.0,14.80735969543457,14.017135620117188,-0.6296977996826172,13.38743782043457,0.0
CQR-OneSided,0.9,0p9,test,-1443.9698486328125,1169.371337890625,-1437.0,1165.0,8.227234840393066,15.379622459411621,-0.6296977996826172,14.749924659729004,1.0
CQR-OneSided,0.9,0p9,test,-1431.4927978515625,1159.2734375,-1437.0,1170.0,12.057711601257324,15.453569412231445,-0.6296977996826172,14.823871612548828,1.0
CQR-OneSided,0.9,0p9,test,-1446.363525390625,1168.2952880859375,-1437.0,1160.0,12.509492874145508,17.184125900268555,-0.6296977996826172,16.554428100585938,1.0
CQR-OneSided,0.9,0p9,test,-1359.495361328125,1098.1595458984375,-1437.0,1160.0,99.1524658203125,115.99983978271484,-0.6296977996826172,115.3701400756836,1.0
CQR-OneSided,0.9,0p9,test,-1430.435791015625,1158.3907470703125,-1437.0,1155.0,7.3882341384887695,14.905732154846191,-0.6296977996826172,14.276034355163574,1.0
CQR-OneSided,0.9,0p9,test,-1435.21826171875,1162.3365478515625,-1437.0,1170.0,7.867851734161377,16.3084774017334,-0.6296977996826172,15.678779602050781,1.0
CQR-OneSided,0.9,0p9,test,-1429.888916015625,1157.9320068359375,-1437.0,1155.0,7.6918253898620605,14.629701614379883,-0.6296977996826172,14.000003814697266,1.0
CQR-OneSided,0.9,0p9,test,-1428.445068359375,1156.818359375,-1437.0,1170.0,15.714404106140137,15.632635116577148,-0.6296977996826172,15.002937316894531,0.0
CQR-OneSided,0.9,0p9,test,-1422.0531005859375,1148.665771484375,-1437.0,1160.0,18.758319854736328,31.47771453857422,-0.6296977996826172,30.8480167388916,1.0
CQR-OneSided,0.9,0p9,test,-1425.203125,1154.14453125,-1437.0,1155.0,11.827852249145508,14.696110725402832,-0.6296977996826172,14.066412925720215,1.0
CQR-OneSided,0.9,0p9,test,-1442.8641357421875,1168.518310546875,-1437.0,1170.0,6.048429012298584,16.161806106567383,-0.6296977996826172,15.532108306884766,1.0
CQR-OneSided,0.9,0p9,test,-1430.9288330078125,1158.7939453125,-1437.0,1155.0,7.159126281738281,14.98559856414795,-0.6296977996826172,14.355900764465332,1.0
CQR-OneSided,0.9,0p9,test,-1433.3267822265625,1160.735595703125,-1437.0,1155.0,6.810990333557129,15.00324535369873,-0.6296977996826172,14.373547554016113,1.0
CQR-OneSided,0.9,0p9,test,-1442.638427734375,1168.245849609375,-1437.0,1165.0,6.505951881408691,14.602355003356934,-0.6296977996826172,13.972657203674316,1.0
CQR-OneSided,0.9,0p9,test,-1432.2012939453125,1156.8599853515625,-1437.0,1160.0,5.734742641448975,20.212295532226562,-0.6296977996826172,19.582597732543945,1.0
CQR-OneSided,0.9,0p9,test,-1437.329833984375,1163.95751953125,-1437.0,1165.0,1.0934147834777832,14.682605743408203,-0.6296977996826172,14.052907943725586,1.0
CQR-OneSided,0.9,0p9,test,-1434.041259765625,1161.344482421875,-1437.0,1170.0,9.147247314453125,15.589545249938965,-0.6296977996826172,14.959847450256348,1.0
CQR-OneSided,0.9,0p9,test,-1427.4346923828125,1156.0123291015625,-1437.0,1170.0,16.94550323486328,15.865477561950684,-0.6296977996826172,15.235779762268066,0.0
CQR-OneSided,0.9,0p9,test,-1440.865478515625,1166.8919677734375,-1437.0,1170.0,4.960019111633301,16.021570205688477,-0.6296977996826172,15.39187240600586,1.0
CQR-OneSided,0.9,0p9,test,-1424.792724609375,1153.841064453125,-1437.0,1155.0,12.262165069580078,15.215174674987793,-0.6296977996826172,14.585476875305176,1.0
CQR-OneSided,0.9,0p9,test,-1432.29736328125,1159.8681640625,-1437.0,1155.0,6.768589973449707,14.412691116333008,-0.6296977996826172,13.78299331665039,1.0
CQR-OneSided,0.9,0p9,test,-1444.435791015625,1169.8294677734375,-1437.0,1170.0,7.437746047973633,16.902700424194336,-0.6296977996826172,16.27300262451172,1.0
CQR-OneSided,0.9,0p9,test,-1449.41796875,1170.760498046875,-1437.0,1160.0,16.431501388549805,17.64139175415039,-0.6296977996826172,17.011693954467773,1.0
CQR-OneSided,0.9,0p9,test,-1425.84814453125,1154.6632080078125,-1437.0,1155.0,11.156940460205078,14.663558006286621,-0.6296977996826172,14.033860206604004,1.0
CQR-OneSided,0.9,0p9,test,-1447.38232421875,1172.14697265625,-1437.0,1165.0,12.604438781738281,15.628243446350098,-0.6296977996826172,14.99854564666748,1.0
CQR-OneSided,0.9,0p9,test,-1431.559814453125,1159.2684326171875,-1437.0,1165.0,7.902308940887451,14.380147933959961,-0.6296977996826172,13.750450134277344,1.0
CQR-OneSided,0.9,0p9,test,-1428.23291015625,1156.673828125,-1437.0,1170.0,15.951448440551758,16.129186630249023,-0.6296977996826172,15.499488830566406,0.0
CQR-OneSided,0.9,0p9,test,-1433.6690673828125,1161.011962890625,-1437.0,1165.0,5.196109294891357,14.983139991760254,-0.6296977996826172,14.353442192077637,1.0
CQR-OneSided,0.9,0p9,test,-1432.15283203125,1159.8187255859375,-1437.0,1170.0,11.276230812072754,15.634925842285156,-0.6296977996826172,15.005228042602539,1.0
CQR-OneSided,0.9,0p9,test,-1432.054443359375,1159.763671875,-1437.0,1170.0,11.36841869354248,16.096525192260742,-0.6296977996826172,15.466827392578125,1.0
CQR-OneSided,0.9,0p9,test,-1425.9366455078125,1154.732666015625,-1437.0,1155.0,11.066583633422852,14.61284065246582,-0.6296977996826172,13.983142852783203,1.0
CQR-OneSided,0.9,0p9,test,-1427.814697265625,1156.3250732421875,-1437.0,1170.0,16.47341537475586,15.966460227966309,-0.6296977996826172,15.336762428283691,0.0
CQR-OneSided,0.9,0p9,test,-1432.89599609375,1160.414306640625,-1437.0,1155.0,6.793935775756836,15.481922149658203,-0.6296977996826172,14.852224349975586,1.0
CQR-OneSided,0.9,0p9,test,-1428.763427734375,1157.09033203125,-1437.0,1170.0,15.313414573669434,15.912039756774902,-0.6296977996826172,15.282341957092285,0.0
CQR-OneSided,0.9,0p9,test,-1429.4263916015625,1157.5550537109375,-1437.0,1155.0,7.992987155914307,14.586626052856445,-0.6296977996826172,13.956928253173828,1.0
CQR-OneSided,0.9,0p9,test,-1442.933837890625,1165.5267333984375,-1437.0,1160.0,8.108959197998047,13.211176872253418,-0.6296977996826172,12.5814790725708,1.0
CQR-OneSided,0.9,0p9,test,-1435.4520263671875,1159.4837646484375,-1437.0,1160.0,1.6317846775054932,16.43877410888672,-0.6296977996826172,15.809076309204102,1.0
CQR-OneSided,0.9,0p9,test,-1429.09716796875,1157.296875,-1437.0,1155.0,8.22984790802002,14.728806495666504,-0.6296977996826172,14.099108695983887,1.0
CQR-OneSided,0.9,0p9,test,-1443.8416748046875,1169.2615966796875,-1437.0,1165.0,8.060379981994629,15.277990341186523,-0.6296977996826172,14.648292541503906,1.0
CQR-OneSided,0.9,0p9,test,-1424.84716796875,1153.8529052734375,-1437.0,1155.0,12.206849098205566,14.652229309082031,-0.6296977996826172,14.022531509399414,1.0
CQR-OneSided,0.9,0p9,test,-1419.8466796875,1149.880859375,-1437.0,1170.0,26.438915252685547,16.03367042541504,-0.6296977996826172,15.403972625732422,0.0
CQR-OneSided,0.9,0p9,test,-1427.2908935546875,1155.8885498046875,-1437.0,1170.0,17.128915786743164,15.733304023742676,-0.6296977996826172,15.103606224060059,0.0
CQR-OneSided,0.9,0p9,test,-1433.01171875,1160.4666748046875,-1437.0,1155.0,6.7668986320495605,14.752752304077148,-0.6296977996826172,14.123054504394531,1.0
CQR-OneSided,0.9,0p9,test,-1425.1802978515625,1154.1182861328125,-1437.0,1155.0,11.852542877197266,14.568496704101562,-0.6296977996826172,13.938798904418945,1.0
CQR-OneSided,0.9,0p9,test,-1445.2598876953125,1167.404052734375,-1437.0,1160.0,11.092598915100098,13.518495559692383,-0.6296977996826172,12.888797760009766,1.0
CQR-OneSided,0.9,0p9,test,-1427.08056640625,1155.6605224609375,-1437.0,1155.0,9.941400527954102,14.643284797668457,-0.6296977996826172,14.01358699798584,1.0
CQR-OneSided,0.9,0p9,test,-1432.3232421875,1159.924072265625,-1437.0,1155.0,6.791064262390137,15.006242752075195,-0.6296977996826172,14.376544952392578,1.0
CQR-OneSided,0.9,0p9,test,-1431.1356201171875,1158.9464111328125,-1437.0,1155.0,7.068600654602051,14.727327346801758,-0.6296977996826172,14.09762954711914,1.0
CQR-OneSided,0.9,0p9,test,-1431.33740234375,1159.1463623046875,-1437.0,1170.0,12.241995811462402,15.424113273620605,-0.6296977996826172,14.794415473937988,1.0
CQR-OneSided,0.9,0p9,test,-1439.59912109375,1165.8101806640625,-1437.0,1165.0,2.722466230392456,14.979382514953613,-0.6296977996826172,14.349684715270996,1.0
CQR-OneSided,0.9,0p9,test,-1442.326416015625,1168.091064453125,-1437.0,1170.0,5.6581573486328125,16.291967391967773,-0.6296977996826172,15.662269592285156,1.0
CQR-OneSided,0.9,0p9,test,-1426.06640625,1154.843505859375,-1437.0,1155.0,10.934713363647461,14.710009574890137,-0.6296977996826172,14.08031177520752,1.0
CQR-OneSided,0.9,0p9,test,-1498.1732177734375,1210.1253662109375,-1437.0,1160.0,79.08675384521484,76.53880310058594,-0.6296977996826172,75.90910339355469,0.0
CQR-OneSided,0.9,0p9,test,-1428.579833984375,1156.947021484375,-1437.0,1170.0,15.533172607421875,16.005023956298828,-0.6296977996826172,15.375326156616211,0.0
CQR-OneSided,0.9,0p9,test,-1427.8779296875,1156.3814697265625,-1437.0,1170.0,16.391355514526367,16.05567741394043,-0.6296977996826172,15.425979614257812,0.0
CQR-OneSided,0.9,0p9,test,-1426.9287109375,1155.5941162109375,-1437.0,1155.0,10.088797569274902,15.651596069335938,-0.6296977996826172,15.02189826965332,1.0
CQR-OneSided,0.9,0p9,test,-1429.741943359375,1157.8292236328125,-1437.0,1155.0,7.789986610412598,14.91190242767334,-0.6296977996826172,14.282204627990723,1.0
CQR-OneSided,0.9,0p9,test,-1434.56201171875,1161.7276611328125,-1437.0,1165.0,4.080684661865234,14.848746299743652,-0.6296977996826172,14.219048500061035,1.0
CQR-OneSided,0.9,0p9,test,-1434.57373046875,1161.7445068359375,-1437.0,1155.0,7.167646408081055,15.001201629638672,-0.6296977996826172,14.371503829956055,1.0
CQR-OneSided,0.9,0p9,test,-1427.495849609375,1155.9927978515625,-1437.0,1155.0,9.555863380432129,14.591521263122559,-0.6296977996826172,13.961823463439941,1.0
CQR-OneSided,0.9,0p9,test,-1440.649169921875,1166.6864013671875,-1437.0,1165.0,4.019999027252197,15.41042423248291,-0.6296977996826172,14.780726432800293,1.0
CQR-OneSided,0.9,0p9,test,-1435.7532958984375,1162.6956787109375,-1437.0,1165.0,2.6199557781219482,14.9373197555542,-0.6296977996826172,14.307621955871582,1.0
CQR-OneSided,0.9,0p9,test,-1429.540771484375,1157.7115478515625,-1437.0,1170.0,14.375191688537598,15.781923294067383,-0.6296977996826172,15.152225494384766,1.0
CQR-OneSided,0.9,0p9,test,-1429.655029296875,1157.758544921875,-1437.0,1155.0,7.845901012420654,14.903523445129395,-0.6296977996826172,14.273825645446777,1.0
CQR-OneSided,0.9,0p9,test,-1434.03564453125,1161.288818359375,-1437.0,1165.0,4.749765396118164,14.668292045593262,-0.6296977996826172,14.038594245910645,1.0
CQR-OneSided,0.9,0p9,test,-1428.341064453125,1156.7548828125,-1437.0,1170.0,15.824357986450195,16.03167724609375,-0.6296977996826172,15.401979446411133,0.0
CQR-OneSided,0.9,0p9,test,-1438.8013916015625,1165.1734619140625,-1437.0,1165.0,1.809723973274231,15.133631706237793,-0.6296977996826172,14.503933906555176,1.0
CQR-OneSided,0.9,0p9,test,-1431.2684326171875,1159.061767578125,-1437.0,1155.0,7.024871349334717,14.851000785827637,-0.6296977996826172,14.22130298614502,1.0
CQR-OneSided,0.9,0p9,test,-1439.375,1165.6077880859375,-1437.0,1165.0,2.4515364170074463,14.634550094604492,-0.6296977996826172,14.004852294921875,1.0
CQR-OneSided,0.9,0p9,test,-1432.240966796875,1156.891845703125,-1437.0,1160.0,5.684102535247803,16.45922088623047,-0.6296977996826172,15.829523086547852,1.0
CQR-OneSided,0.9,0p9,test,-1435.929443359375,1162.82958984375,-1437.0,1165.0,2.420076847076416,14.752449035644531,-0.6296977996826172,14.122751235961914,1.0
CQR-OneSided,0.9,0p9,test,-1433.617431640625,1161.029296875,-1437.0,1170.0,9.58724594116211,16.08806037902832,-0.6296977996826172,15.458362579345703,1.0
CQR-OneSided,0.9,0p9,test,-1433.364501953125,1160.7703857421875,-1437.0,1155.0,6.820131778717041,15.09007740020752,-0.6296977996826172,14.460379600524902,1.0
CQR-OneSided,0.9,0p9,test,-1406.3173828125,1135.9588623046875,-1437.0,1160.0,38.97947311401367,49.26523971557617,-0.6296977996826172,48.63554382324219,1.0
CQR-OneSided,0.9,0p9,test,-1468.91455078125,1186.5029296875,-1437.0,1160.0,41.48426055908203,43.95271301269531,-0.6296977996826172,43.32301330566406,1.0
CQR-OneSided,0.9,0p9,test,-1439.6650390625,1165.8282470703125,-1437.0,1165.0,2.7907752990722656,14.397188186645508,-0.6296977996826172,13.76749038696289,1.0
CQR-OneSided,0.9,0p9,test,-1433.739990234375,1161.1278076171875,-1437.0,1170.0,9.452166557312012,16.09100914001465,-0.6296977996826172,15.461311340332031,1.0
CQR-OneSided,0.9,0p9,test,-1417.989501953125,1145.3848876953125,-1437.0,1160.0,23.979169845581055,34.82853698730469,-0.6296977996826172,34.19883728027344,1.0
CQR-OneSided,0.9,0p9,test,-1437.9130859375,1164.4085693359375,-1437.0,1165.0,1.0878952741622925,14.361810684204102,-0.6296977996826172,13.732112884521484,1.0
CQR-OneSided,0.9,0p9,test,-1433.023681640625,1160.4923095703125,-1437.0,1155.0,6.78060245513916,15.037921905517578,-0.6296977996826172,14.408224105834961,1.0
CQR-OneSided,0.9,0p9,test,-1422.0299072265625,1151.56591796875,-1437.0,1155.0,15.358925819396973,14.524269104003906,-0.6296977996826172,13.894571304321289,0.0
CQR-OneSided,0.9,0p9,test,-1422.6722412109375,1149.1656494140625,-1437.0,1160.0,17.96295738220215,32.31855392456055,-0.6296977996826172,31.68885612487793,1.0
CQR-OneSided,0.9,0p9,test,-1430.5372314453125,1158.467529296875,-1437.0,1155.0,7.334244251251221,14.818724632263184,-0.6296977996826172,14.189026832580566,1.0
CQR-OneSided,0.9,0p9,test,-1428.02392578125,1156.4326171875,-1437.0,1155.0,9.089680671691895,14.800597190856934,-0.6296977996826172,14.170899391174316,1.0
CQR-OneSided,0.9,0p9,test,-1466.145263671875,1184.2657470703125,-1437.0,1160.0,37.92456817626953,41.87515640258789,-0.6296977996826172,41.245460510253906,1.0
CQR-OneSided,0.9,0p9,test,-1434.240234375,1161.5133056640625,-1437.0,1170.0,8.924140930175781,15.727429389953613,-0.6296977996826172,15.097731590270996,1.0
CQR-OneSided,0.9,0p9,test,-1433.386962890625,1160.7744140625,-1437.0,1155.0,6.811600208282471,14.83829116821289,-0.6296977996826172,14.208593368530273,1.0
CQR-OneSided,0.9,0p9,test,-1434.560791015625,1161.732177734375,-1437.0,1155.0,7.1604437828063965,14.977860450744629,-0.6296977996826172,14.348162651062012,1.0
CQR-OneSided,0.9,0p9,test,-1426.556396484375,1155.2325439453125,-1437.0,1155.0,10.446191787719727,14.568768501281738,-0.6296977996826172,13.939070701599121,1.0
CQR-OneSided,0.9,0p9,test,-1439.515869140625,1165.814453125,-1437.0,1170.0,4.883482456207275,16.28694725036621,-0.6296977996826172,15.657249450683594,1.0
CQR-OneSided,0.9,0p9,test,-1431.6962890625,1159.456787109375,-1437.0,1170.0,11.80206298828125,15.789458274841309,-0.6296977996826172,15.159760475158691,1.0
CQR-OneSided,0.9,0p9,test,-1428.124755859375,1156.5106201171875,-1437.0,1155.0,9.002884864807129,14.737017631530762,-0.6296977996826172,14.107319831848145,1.0
CQR-OneSided,0.9,0p9,test,-1433.795166015625,1161.1011962890625,-1437.0,1155.0,6.891702175140381,14.770669937133789,-0.6296977996826172,14.140972137451172,1.0
CQR-OneSided,0.9,0p9,test,-1426.847412109375,1155.4903564453125,-1437.0,1165.0,13.910728454589844,14.968047142028809,-0.6296977996826172,14.338349342346191,1.0
CQR-OneSided,0.9,0p9,test,-1437.025634765625,1163.7613525390625,-1437.0,1155.0,8.76138973236084,15.587681770324707,-0.6296977996826172,14.95798397064209,1.0
CQR-OneSided,0.9,0p9,test,-1425.677734375,1151.592529296875,-1437.0,1160.0,14.102456092834473,29.11668586730957,-0.6296977996826172,28.486988067626953,1.0
CQR-OneSided,0.9,0p9,test,-1435.114013671875,1162.171875,-1437.0,1155.0,7.415709018707275,14.81999683380127,-0.6296977996826172,14.190299034118652,1.0
CQR-OneSided,0.9,0p9,test,-1433.7501220703125,1161.0604248046875,-1437.0,1165.0,5.107049942016602,14.679844856262207,-0.6296977996826172,14.05014705657959,1.0
CQR-OneSided,0.9,0p9,test,-1441.3214111328125,1167.26953125,-1437.0,1170.0,5.111756324768066,16.18548011779785,-0.6296977996826172,15.555782318115234,1.0
CQR-OneSided,0.9,0p9,test,-1436.4578857421875,1163.3134765625,-1437.0,1165.0,1.771510362625122,15.78132152557373,-0.6296977996826172,15.151623725891113,1.0
CQR-OneSided,0.9,0p9,test,-1443.48974609375,1168.9666748046875,-1437.0,1165.0,7.6060051918029785,15.09751033782959,-0.6296977996826172,14.467812538146973,1.0
CQR-OneSided,0.9,0p9,test,-1442.54150390625,1168.1990966796875,-1437.0,1165.0,6.398631572723389,15.131745338439941,-0.6296977996826172,14.502047538757324,1.0
CQR-OneSided,0.9,0p9,test,-1431.454345703125,1159.2177734375,-1437.0,1155.0,6.967344760894775,14.957892417907715,-0.6296977996826172,14.328194618225098,1.0
CQR-OneSided,0.9,0p9,test,-1430.735107421875,1158.630615234375,-1437.0,1155.0,7.240873336791992,14.868168830871582,-0.6296977996826172,14.238471031188965,1.0
CQR-OneSided,0.9,0p9,test,-1433.01513671875,1160.4718017578125,-1437.0,1155.0,6.769028663635254,14.80196762084961,-0.6296977996826172,14.172269821166992,1.0
CQR-OneSided,0.9,0p9,test,-1369.2427978515625,1106.0267333984375,-1437.0,1160.0,86.62651062011719,96.2333755493164,-0.6296977996826172,95.60367584228516,1.0
CQR-OneSided,0.9,0p9,test,-1422.5858154296875,1151.9783935546875,-1437.0,1165.0,19.42500877380371,13.919660568237305,-0.6296977996826172,13.289962768554688,0.0
CQR-OneSided,0.9,0p9,test,-1434.7918701171875,1161.9024658203125,-1437.0,1155.0,7.2470598220825195,14.687458992004395,-0.6296977996826172,14.057761192321777,1.0
CQR-OneSided,0.9,0p9,test,-1433.9761962890625,1161.225830078125,-1437.0,1165.0,4.836088180541992,14.40369987487793,-0.6296977996826172,13.774002075195312,1.0
CQR-OneSided,0.9,0p9,test,-1437.16015625,1160.8658447265625,-1437.0,1160.0,0.8805322647094727,15.875497817993164,-0.6296977996826172,15.245800018310547,1.0
CQR-OneSided,0.9,0p9,test,-1430.5115966796875,1158.4444580078125,-1437.0,1155.0,7.345996856689453,14.79167366027832,-0.6296977996826172,14.161975860595703,1.0
CQR-OneSided,0.9,0p9,test,-1432.7548828125,1157.3067626953125,-1437.0,1160.0,5.027379512786865,18.093748092651367,-0.6296977996826172,17.46405029296875,1.0
CQR-OneSided,0.9,0p9,test,-1429.63623046875,1157.78857421875,-1437.0,1170.0,14.25987434387207,15.767905235290527,-0.6296977996826172,15.13820743560791,1.0
CQR-OneSided,0.9,0p9,test,-1437.0284423828125,1163.7884521484375,-1437.0,1170.0,6.211613178253174,16.053630828857422,-0.6296977996826172,15.423933029174805,1.0
CQR-OneSided,0.9,0p9,test,-1331.455810546875,1078.9027099609375,-1437.0,1160.0,133.10276794433594,202.14869689941406,-0.6296977996826172,201.5189971923828,1.0
CQR-OneSided,0.9,0p9,test,-1438.353515625,1164.8182373046875,-1437.0,1165.0,1.3656654357910156,15.22796630859375,-0.6296977996826172,14.598268508911133,1.0
CQR-OneSided,0.9,0p9,test,-1424.6317138671875,1153.675048828125,-1437.0,1155.0,12.439051628112793,14.595370292663574,-0.6296977996826172,13.965672492980957,1.0
CQR-OneSided,0.9,0p9,test,-1432.763671875,1160.27880859375,-1437.0,1155.0,6.768477916717529,14.997093200683594,-0.6296977996826172,14.367395401000977,1.0
CQR-OneSided,0.9,0p9,test,-1456.2962646484375,1176.3131103515625,-1437.0,1160.0,25.267833709716797,29.041440963745117,-0.6296977996826172,28.4117431640625,1.0
CQR-OneSided,0.9,0p9,test,-1434.234619140625,1161.4813232421875,-1437.0,1165.0,4.475312232971191,15.198980331420898,-0.6296977996826172,14.569282531738281,1.0
CQR-OneSided,0.9,0p9,test,-1428.182373046875,1156.5628662109375,-1437.0,1155.0,8.955060005187988,14.83116340637207,-0.6296977996826172,14.201465606689453,1.0
CQR-OneSided,0.9,0p9,test,-1432.1826171875,1159.8572998046875,-1437.0,1170.0,11.22860336303711,15.89500904083252,-0.6296977996826172,15.265311241149902,1.0
CQR-OneSided,0.9,0p9,test,-1434.9371337890625,1162.06201171875,-1437.0,1170.0,8.201650619506836,15.445923805236816,-0.6296977996826172,14.8162260055542,1.0
CQR-OneSided,0.9,0p9,test,-1413.6080322265625,1141.8468017578125,-1437.0,1160.0,29.60950469970703,35.845184326171875,-0.6296977996826172,35.215484619140625,1.0
CQR-OneSided,0.9,0p9,test,-1429.9761962890625,1158.0428466796875,-1437.0,1165.0,9.886141777038574,15.344040870666504,-0.6296977996826172,14.714343070983887,1.0
CQR-OneSided,0.9,0p9,test,-1438.8338623046875,1165.1954345703125,-1437.0,1165.0,1.8442466259002686,15.037010192871094,-0.6296977996826172,14.407312393188477,1.0
CQR-OneSided,0.9,0p9,test,-1427.4429931640625,1155.9559326171875,-1437.0,1165.0,13.15794563293457,14.665989875793457,-0.6296977996826172,14.03629207611084,1.0
CQR-OneSided,0.9,0p9,test,-1434.90234375,1159.0404052734375,-1437.0,1160.0,2.3067257404327393,15.10929012298584,-0.6296977996826172,14.479592323303223,1.0
CQR-OneSided,0.9,0p9,test,-1423.963623046875,1150.2083740234375,-1437.0,1160.0,16.304080963134766,30.996023178100586,-0.6296977996826172,30.36632537841797,1.0
CQR-OneSided,0.9,0p9,test,-1435.5462646484375,1162.54541015625,-1437.0,1155.0,7.684175968170166,15.257983207702637,-0.6296977996826172,14.62828540802002,1.0
CQR-OneSided,0.9,0p9,test,-1418.44189453125,1145.75048828125,-1437.0,1160.0,23.397689819335938,40.75883483886719,-0.6296977996826172,40.12913513183594,1.0
CQR-OneSided,0.9,0p9,test,-1430.0743408203125,1155.1416015625,-1437.0,1160.0,8.459834098815918,19.727319717407227,-0.6296977996826172,19.09762191772461,1.0
CQR-OneSided,0.9,0p9,test,-1403.624755859375,1133.78466796875,-1437.0,1160.0,42.439964294433594,50.4163932800293,-0.6296977996826172,49.78669738769531,1.0
CQR-OneSided,0.9,0p9,test,-1458.18212890625,1177.836669921875,-1437.0,1160.0,27.691682815551758,30.776885986328125,-0.6296977996826172,30.147188186645508,1.0
CQR-OneSided,0.9,0p9,test,-1443.195556640625,1168.749755859375,-1437.0,1165.0,7.2419328689575195,15.47716999053955,-0.6296977996826172,14.847472190856934,1.0
CQR-OneSided,0.9,0p9,test,-1437.2564697265625,1160.943359375,-1437.0,1160.0,0.9776009321212769,15.8026762008667,-0.6296977996826172,15.172978401184082,1.0
CQR-OneSided,0.9,0p9,test,-1417.628173828125,1145.0928955078125,-1437.0,1160.0,24.44359588623047,36.12298583984375,-0.6296977996826172,35.4932861328125,1.0
CQR-OneSided,0.9,0p9,test,-1438.738525390625,1165.1429443359375,-1437.0,1165.0,1.7443920373916626,15.492581367492676,-0.6296977996826172,14.862883567810059,1.0
CQR-OneSided,0.9,0p9,test,-1432.64501953125,1160.166748046875,-1437.0,1165.0,6.505857467651367,14.704026222229004,-0.6296977996826172,14.074328422546387,1.0
CQR-OneSided,0.9,0p9,test,-1431.36083984375,1156.1807861328125,-1437.0,1160.0,6.810765266418457,16.05435562133789,-0.6296977996826172,15.424657821655273,1.0
CQR-OneSided,0.9,0p9,test,-1404.1954345703125,1134.246826171875,-1437.0,1160.0,41.7056999206543,52.441471099853516,-0.6296977996826172,51.81177520751953,1.0
CQR-OneSided,0.9,0p9,test,-1443.1590576171875,1165.707763671875,-1437.0,1160.0,8.397175788879395,12.187395095825195,-0.6296977996826172,11.557697296142578,1.0
CQR-OneSided,0.9,0p9,test,-1435.838623046875,1162.7584228515625,-1437.0,1165.0,2.5245721340179443,14.818774223327637,-0.6296977996826172,14.18907642364502,1.0
CQR-OneSided,0.9,0p9,test,-1372.7630615234375,1108.8643798828125,-1437.0,1160.0,82.10502624511719,82.69673156738281,-0.6296977996826172,82.06703186035156,0.0
CQR-OneSided,0.9,0p9,test,-1423.632080078125,1149.9412841796875,-1437.0,1160.0,16.729585647583008,28.379806518554688,-0.6296977996826172,27.75010871887207,1.0
CQR-OneSided,0.9,0p9,test,-1428.197265625,1156.6541748046875,-1437.0,1170.0,15.987469673156738,16.271854400634766,-0.6296977996826172,15.642156600952148,0.0
CQR-OneSided,0.9,0p9,test,-1433.5518798828125,1160.8997802734375,-1437.0,1155.0,6.833515644073486,14.692340850830078,-0.6296977996826172,14.062643051147461,1.0
CQR-OneSided,0.9,0p9,test,-1439.6624755859375,1165.85302734375,-1437.0,1165.0,2.795788288116455,14.825777053833008,-0.6296977996826172,14.19607925415039,1.0
CQR-OneSided,0.9,0p9,test,-1441.0240478515625,1163.9849853515625,-1437.0,1160.0,5.663308620452881,14.287550926208496,-0.6296977996826172,13.657853126525879,1.0
CQR-OneSided,0.9,0p9,test,-1436.42724609375,1163.3216552734375,-1437.0,1170.0,6.702860355377197,16.41949462890625,-0.6296977996826172,15.789796829223633,1.0
CQR-OneSided,0.9,0p9,test,-1431.8135986328125,1159.5001220703125,-1437.0,1155.0,6.866575241088867,14.815878868103027,-0.6296977996826172,14.18618106842041,1.0
CQR-OneSided,0.9,0p9,test,-1439.51953125,1165.7520751953125,-1437.0,1170.0,4.93891716003418,15.119331359863281,-0.6296977996826172,14.489633560180664,1.0
CQR-OneSided,0.9,0p9,test,-1444.580810546875,1169.848876953125,-1437.0,1165.0,8.998905181884766,15.06636905670166,-0.6296977996826172,14.436671257019043,1.0
CQR-OneSided,0.9,0p9,test,-1439.752685546875,1166.0128173828125,-1437.0,1170.0,4.845090389251709,16.407106399536133,-0.6296977996826172,15.777408599853516,1.0
CQR-OneSided,0.9,0p9,test,-1432.548583984375,1160.1580810546875,-1437.0,1170.0,10.801780700683594,15.92593002319336,-0.6296977996826172,15.296232223510742,1.0
CQR-OneSided,0.9,0p9,test,-1373.2315673828125,1109.2454833984375,-1437.0,1160.0,81.50112915039062,83.84642791748047,-0.6296977996826172,83.21672821044922,1.0
CQR-OneSided,0.9,0p9,test,-1427.232177734375,1155.7989501953125,-1437.0,1155.0,9.800442695617676,14.946019172668457,-0.6296977996826172,14.31632137298584,1.0
CQR-OneSided,0.9,0p9,test,-1425.462890625,1154.3743896484375,-1437.0,1165.0,15.68465805053711,15.072932243347168,-0.6296977996826172,14.44323444366455,0.0
CQR-OneSided,0.9,0p9,test,-1431.28564453125,1159.0911865234375,-1437.0,1155.0,7.027920246124268,15.145624160766602,-0.6296977996826172,14.515926361083984,1.0
CQR-OneSided,0.9,0p9,test,-1426.8333740234375,1152.5240478515625,-1437.0,1160.0,12.61943531036377,18.99137306213379,-0.6296977996826172,18.361675262451172,1.0
CQR-OneSided,0.9,0p9,test,-1434.907958984375,1162.0484619140625,-1437.0,1170.0,8.222140312194824,15.633196830749512,-0.6296977996826172,15.003499031066895,1.0
CQR-OneSided,0.9,0p9,test,-1389.128173828125,1122.0787353515625,-1437.0,1160.0,61.07154846191406,64.87407684326172,-0.6296977996826172,64.24437713623047,1.0
CQR-OneSided,0.9,0p9,test,-1422.183837890625,1148.771484375,-1437.0,1160.0,18.59027099609375,30.167259216308594,-0.6296977996826172,29.537561416625977,1.0
CQR-OneSided,0.9,0p9,test,-1476.3466796875,1192.5013427734375,-1437.0,1160.0,51.03428649902344,67.46118927001953,-0.6296977996826172,66.83148956298828,1.0
CQR-OneSided,0.9,0p9,test,-1427.2320556640625,1155.7821044921875,-1437.0,1155.0,9.79920482635498,14.632837295532227,-0.6296977996826172,14.00313949584961,1.0
CQR-OneSided,0.9,0p9,test,-1069.338134765625,867.5717163085938,-1437.0,1165.0,472.9046936035156,679.1713256835938,-0.6296977996826172,678.5416259765625,1.0
CQR-OneSided,0.9,0p9,test,-1433.8515625,1161.2083740234375,-1437.0,1170.0,9.338379859924316,15.901878356933594,-0.6296977996826172,15.272180557250977,1.0
CQR-OneSided,0.9,0p9,test,-1458.337158203125,1177.9613037109375,-1437.0,1160.0,27.890548706054688,32.11384201049805,-0.6296977996826172,31.48414421081543,1.0
CQR-OneSided,0.9,0p9,test,-1434.4776611328125,1161.7174072265625,-1437.0,1170.0,8.658147811889648,15.952113151550293,-0.6296977996826172,15.322415351867676,1.0
CQR-OneSided,0.9,0p9,test,-1433.0860595703125,1160.5487060546875,-1437.0,1155.0,6.790218830108643,15.144381523132324,-0.6296977996826172,14.514683723449707,1.0
CQR-OneSided,0.9,0p9,test,-1436.5325927734375,1163.2874755859375,-1437.0,1165.0,1.7751647233963013,14.304510116577148,-0.6296977996826172,13.674812316894531,1.0
CQR-OneSided,0.9,0p9,test,-1431.16015625,1159.022216796875,-1437.0,1170.0,12.4344482421875,15.770752906799316,-0.6296977996826172,15.1410551071167,1.0
CQR-OneSided,0.9,0p9,test,-1431.9208984375,1159.5706787109375,-1437.0,1155.0,6.832889556884766,14.552192687988281,-0.6296977996826172,13.922494888305664,1.0
CQR-OneSided,0.9,0p9,test,-1393.277099609375,1125.4290771484375,-1437.0,1160.0,55.73904037475586,60.28620529174805,-0.6296977996826172,59.65650939941406,1.0
CQR-OneSided,0.9,0p9,test,-1426.72119140625,1152.4356689453125,-1437.0,1160.0,12.762171745300293,28.944612503051758,-0.6296977996826172,28.31491470336914,1.0
CQR-OneSided,0.9,0p9,test,-1440.372314453125,1166.4573974609375,-1437.0,1165.0,3.673759937286377,15.344189643859863,-0.6296977996826172,14.714491844177246,1.0
CQR-OneSided,0.9,0p9,test,-1429.127197265625,1157.2947998046875,-1437.0,1165.0,11.015949249267578,14.285982131958008,-0.6296977996826172,13.65628433227539,1.0
CQR-OneSided,0.9,0p9,test,-1435.4422607421875,1162.4339599609375,-1437.0,1165.0,3.0018515586853027,14.756382942199707,-0.6296977996826172,14.12668514251709,1.0
CQR-OneSided,0.9,0p9,test,-1430.90576171875,1158.8199462890625,-1437.0,1170.0,12.733159065246582,15.815446853637695,-0.6296977996826172,15.185749053955078,1.0
CQR-OneSided,0.9,0p9,test,-1434.339111328125,1161.5472412109375,-1437.0,1155.0,7.06729793548584,14.87162971496582,-0.6296977996826172,14.241931915283203,1.0
CQR-OneSided,0.9,0p9,test,-1433.3436279296875,1160.7542724609375,-1437.0,1165.0,5.603147506713867,15.086136817932129,-0.6296977996826172,14.456439018249512,1.0
CQR-OneSided,0.9,0p9,test,-1431.263671875,1159.094482421875,-1437.0,1170.0,12.322165489196777,15.545347213745117,-0.6296977996826172,14.9156494140625,1.0
CQR-OneSided,0.9,0p9,test,-1427.2177734375,1155.775390625,-1437.0,1155.0,9.812909126281738,14.719538688659668,-0.6296977996826172,14.08984088897705,1.0
CQR-OneSided,0.9,0p9,test,-1435.1107177734375,1162.1729736328125,-1437.0,1155.0,7.417609691619873,14.901712417602539,-0.6296977996826172,14.272014617919922,1.0
CQR-OneSided,0.9,0p9,test,-1428.0093994140625,1156.44580078125,-1437.0,1165.0,12.409883499145508,15.234434127807617,-0.6296977996826172,14.604736328125,1.0
CQR-OneSided,0.9,0p9,test,-1430.0394287109375,1158.07373046875,-1437.0,1155.0,7.609032154083252,14.960196495056152,-0.6296977996826172,14.330498695373535,1.0
CQR-OneSided,0.9,0p9,test,-1429.6640625,1157.8072509765625,-1437.0,1160.0,7.656639575958252,15.726311683654785,-0.6296977996826172,15.096613883972168,1.0
CQR-OneSided,0.9,0p9,test,-1427.056884765625,1155.6478271484375,-1437.0,1155.0,9.964197158813477,14.7659912109375,-0.6296977996826172,14.136293411254883,1.0
CQR-OneSided,0.9,0p9,test,-1423.4111328125,1152.7083740234375,-1437.0,1155.0,13.780742645263672,14.94865894317627,-0.6296977996826172,14.318961143493652,1.0
CQR-OneSided,0.9,0p9,test,-1438.876708984375,1165.2247314453125,-1437.0,1165.0,1.890116572380066,14.931485176086426,-0.6296977996826172,14.301787376403809,1.0
CQR-OneSided,0.9,0p9,test,-1426.95703125,1155.544189453125,-1437.0,1155.0,10.05770206451416,14.404683113098145,-0.6296977996826172,13.774985313415527,1.0
CQR-OneSided,0.9,0p9,test,-1439.245849609375,1165.613037109375,-1437.0,1170.0,4.928415775299072,16.584985733032227,-0.6296977996826172,15.95528793334961,1.0
CQR-OneSided,0.9,0p9,test,-1446.993896484375,1171.8516845703125,-1437.0,1170.0,10.163990020751953,15.998908042907715,-0.6296977996826172,15.369210243225098,1.0
CQR-OneSided,0.9,0p9,test,-1433.1455078125,1160.5614013671875,-1437.0,1165.0,5.878628253936768,14.544727325439453,-0.6296977996826172,13.915029525756836,1.0
CQR-OneSided,0.9,0p9,test,-1435.973876953125,1162.8857421875,-1437.0,1165.0,2.350109577178955,15.142431259155273,-0.6296977996826172,14.512733459472656,1.0
CQR-OneSided,0.9,0p9,test,-1429.9478759765625,1157.9693603515625,-1437.0,1165.0,9.958028793334961,14.479232788085938,-0.6296977996826172,13.84953498840332,1.0
CQR-OneSided,0.9,0p9,test,-1429.93798828125,1157.98193359375,-1437.0,1155.0,7.665763854980469,14.793113708496094,-0.6296977996826172,14.163415908813477,1.0
CQR-OneSided,0.9,0p9,test,-1454.417236328125,1174.799072265625,-1437.0,1160.0,22.8554744720459,21.357715606689453,-0.6296977996826172,20.728017807006836,0.0
CQR-OneSided,0.9,0p9,test,-1435.2862548828125,1162.322265625,-1437.0,1165.0,3.1791796684265137,14.985494613647461,-0.6296977996826172,14.355796813964844,1.0
CQR-OneSided,0.9,0p9,test,-1423.374267578125,1149.7330322265625,-1437.0,1160.0,17.060810089111328,31.79973030090332,-0.6296977996826172,31.170032501220703,1.0
CQR-OneSided,0.9,0p9,test,-1431.0030517578125,1158.897705078125,-1437.0,1170.0,12.618412971496582,15.780548095703125,-0.6296977996826172,15.150850296020508,1.0
CQR-OneSided,0.9,0p9,test,-1443.5291748046875,1169.063720703125,-1437.0,1170.0,6.595963954925537,16.294723510742188,-0.6296977996826172,15.66502571105957,1.0
CQR-OneSided,0.9,0p9,test,-1416.1221923828125,1143.8797607421875,-1437.0,1160.0,26.376977920532227,41.21254348754883,-0.6296977996826172,40.582847595214844,1.0
CQR-OneSided,0.9,0p9,test,-1430.4970703125,1158.5045166015625,-1437.0,1170.0,13.207355499267578,16.122852325439453,-0.6296977996826172,15.493154525756836,1.0
CQR-OneSided,0.9,0p9,test,-1440.470458984375,1163.5428466796875,-1437.0,1160.0,4.959420204162598,29.235157012939453,-0.6296977996826172,28.605459213256836,1.0
CQR-OneSided,0.9,0p9,test,-1437.95751953125,1164.4906005859375,-1437.0,1165.0,1.0845881700515747,15.140398025512695,-0.6296977996826172,14.510700225830078,1.0
CQR-OneSided,0.9,0p9,test,-1441.31787109375,1167.2391357421875,-1437.0,1155.0,12.978461265563965,15.634224891662598,-0.6296977996826172,15.00452709197998,1.0
CQR-OneSided,0.9,0p9,test,-1432.244140625,1156.8944091796875,-1437.0,1160.0,5.6800432205200195,20.015676498413086,-0.6296977996826172,19.38597869873047,1.0
CQR-OneSided,0.9,0p9,test,-1442.84619140625,1168.4407958984375,-1437.0,1165.0,6.783585548400879,15.01575756072998,-0.6296977996826172,14.386059761047363,1.0
CQR-OneSided,0.9,0p9,test,-1427.079833984375,1155.709228515625,-1437.0,1170.0,17.39643096923828,15.568583488464355,-0.6296977996826172,14.938885688781738,0.0
CQR-OneSided,0.9,0p9,test,-1438.057861328125,1164.52978515625,-1437.0,1165.0,1.1576582193374634,14.434671401977539,-0.6296977996826172,13.804973602294922,1.0
CQR-OneSided,0.9,0p9,test,-1423.928466796875,1153.0751953125,-1437.0,1165.0,17.69367027282715,14.079500198364258,-0.6296977996826172,13.44980239868164,0.0
CQR-OneSided,0.9,0p9,test,-1431.3497314453125,1159.146484375,-1437.0,1155.0,7.008485317230225,15.19860553741455,-0.6296977996826172,14.568907737731934,1.0
CQR-OneSided,0.9,0p9,test,-1438.704833984375,1162.1090087890625,-1437.0,1160.0,2.71189546585083,13.124382972717285,-0.6296977996826172,12.494685173034668,1.0
CQR-OneSided,0.9,0p9,test,-1433.470703125,1160.838134765625,-1437.0,1155.0,6.822005271911621,14.76232624053955,-0.6296977996826172,14.132628440856934,1.0
CQR-OneSided,0.9,0p9,test,-1437.05908203125,1163.8128662109375,-1437.0,1170.0,6.187416076660156,16.056623458862305,-0.6296977996826172,15.426925659179688,1.0
CQR-OneSided,0.9,0p9,test,-1428.3203125,1156.7066650390625,-1437.0,1165.0,12.00484848022461,15.448819160461426,-0.6296977996826172,14.819121360778809,1.0
CQR-OneSided,0.9,0p9,test,-1427.1552734375,1155.7332763671875,-1437.0,1155.0,9.871997833251953,14.858078956604004,-0.6296977996826172,14.228381156921387,1.0
CQR-OneSided,0.9,0p9,test,-1434.618408203125,1161.8046875,-1437.0,1170.0,8.534350395202637,15.470353126525879,-0.6296977996826172,14.840655326843262,1.0
CQR-OneSided,0.9,0p9,test,-1419.859619140625,1149.833740234375,-1437.0,1155.0,17.902036666870117,14.940123558044434,-0.6296977996826172,14.310425758361816,0.0
CQR-OneSided,0.9,0p9,test,-1438.534912109375,1164.959228515625,-1437.0,1155.0,10.076814651489258,15.16283893585205,-0.6296977996826172,14.533141136169434,1.0
CQR-OneSided,0.9,0p9,test,-1435.20361328125,1162.2586669921875,-1437.0,1155.0,7.477650165557861,15.079273223876953,-0.6296977996826172,14.449575424194336,1.0
CQR-OneSided,0.9,0p9,test,-1434.353271484375,1161.5340576171875,-1437.0,1165.0,4.360955238342285,14.468425750732422,-0.6296977996826172,13.838727951049805,1.0
CQR-OneSided,0.9,0p9,test,-1437.993896484375,1164.5313720703125,-1437.0,1170.0,5.5582122802734375,15.361870765686035,-0.6296977996826172,14.732172966003418,1.0
CQR-OneSided,0.9,0p9,test,-1429.14013671875,1157.3338623046875,-1437.0,1165.0,10.979394912719727,14.743016242980957,-0.6296977996826172,14.11331844329834,1.0
CQR-OneSided,0.9,0p9,test,-1435.79541015625,1162.736083984375,-1437.0,1155.0,7.829306125640869,15.074616432189941,-0.6296977996826172,14.444918632507324,1.0
CQR-OneSided,0.9,0p9,test,-1428.162353515625,1156.60302734375,-1437.0,1170.0,16.049388885498047,15.90119743347168,-0.6296977996826172,15.271499633789062,0.0
CQR-OneSided,0.9,0p9,test,-1434.371337890625,1161.54931640625,-1437.0,1165.0,4.337865829467773,14.467386245727539,-0.6296977996826172,13.837688446044922,1.0
CQR-OneSided,0.9,0p9,test,-1432.6788330078125,1160.1998291015625,-1437.0,1155.0,6.760969638824463,14.80765438079834,-0.6296977996826172,14.177956581115723,1.0
CQR-OneSided,0.9,0p9,test,-1440.1453857421875,1166.2442626953125,-1437.0,1165.0,3.382549524307251,14.808928489685059,-0.6296977996826172,14.179230690002441,1.0
CQR-OneSided,0.9,0p9,test,-1447.44580078125,1169.1669921875,-1437.0,1160.0,13.897787094116211,18.991565704345703,-0.6296977996826172,18.361867904663086,1.0
CQR-OneSided,0.9,0p9,test,-1437.7652587890625,1164.3345947265625,-1437.0,1165.0,1.014093279838562,15.135689735412598,-0.6296977996826172,14.50599193572998,1.0
CQR-OneSided,0.9,0p9,test,-1399.017822265625,1130.065185546875,-1437.0,1160.0,48.360511779785156,55.418460845947266,-0.6296977996826172,54.78876495361328,1.0
CQR-OneSided,0.9,0p9,test,-1424.442626953125,1153.5142822265625,-1437.0,1155.0,12.64495849609375,14.45294189453125,-0.6296977996826172,13.823244094848633,1.0
CQR-OneSided,0.9,0p9,test,-1431.163818359375,1158.9652099609375,-1437.0,1155.0,7.0557708740234375,14.651522636413574,-0.6296977996826172,14.021824836730957,1.0
CQR-OneSided,0.9,0p9,test,-1435.6724853515625,1162.6326904296875,-1437.0,1165.0,2.714120388031006,14.984599113464355,-0.6296977996826172,14.354901313781738,1.0
CQR-OneSided,0.9,0p9,test,-1444.981689453125,1170.1754150390625,-1437.0,1165.0,9.51274299621582,15.125749588012695,-0.6296977996826172,14.496051788330078,1.0
CQR-OneSided,0.9,0p9,test,-1435.0452880859375,1162.106201171875,-1437.0,1165.0,3.4921298027038574,14.647912979125977,-0.6296977996826172,14.01821517944336,1.0
CQR-OneSided,0.9,0p9,test,-1428.263916015625,1156.6322021484375,-1437.0,1155.0,8.887251853942871,14.90748119354248,-0.6296977996826172,14.277783393859863,1.0
CQR-OneSided,0.9,0p9,test,-1426.40185546875,1155.098388671875,-1437.0,1165.0,14.503881454467773,14.442060470581055,-0.6296977996826172,13.812362670898438,0.0
CQR-OneSided,0.9,0p9,test,-1468.465576171875,1186.138427734375,-1437.0,1160.0,40.90598678588867,47.17921829223633,-0.6296977996826172,46.549522399902344,1.0
CQR-OneSided,0.9,0p9,test,-1442.837158203125,1168.4691162109375,-1437.0,1165.0,6.790226936340332,15.627337455749512,-0.6296977996826172,14.997639656066895,1.0
CQR-OneSided,0.9,0p9,test,-1419.603271484375,1149.616455078125,-1437.0,1155.0,18.210674285888672,14.779358863830566,-0.6296977996826172,14.14966106414795,0.0
CQR-OneSided,0.9,0p9,test,-1432.388671875,1159.971435546875,-1437.0,1155.0,6.780819892883301,14.909677505493164,-0.6296977996826172,14.279979705810547,1.0
CQR-OneSided,0.9,0p9,test,-1426.192626953125,1152.0074462890625,-1437.0,1160.0,13.441734313964844,25.14521598815918,-0.6296977996826172,24.515518188476562,1.0
CQR-OneSided,0.9,0p9,test,-1444.69921875,1166.94921875,-1437.0,1160.0,10.371577262878418,17.503690719604492,-0.6296977996826172,16.873992919921875,1.0
CQR-OneSided,0.9,0p9,test,-1428.199462890625,1156.55908203125,-1437.0,1155.0,8.937572479248047,14.534734725952148,-0.6296977996826172,13.905036926269531,1.0
CQR-OneSided,0.9,0p9,test,-1393.850830078125,1125.8948974609375,-1437.0,1160.0,55.00008010864258,61.142948150634766,-0.6296977996826172,60.51325225830078,1.0
CQR-OneSided,0.9,0p9,test,-1422.60498046875,1152.035400390625,-1437.0,1155.0,14.697123527526855,14.59524917602539,-0.6296977996826172,13.965551376342773,0.0
CQR-OneSided,0.9,0p9,test,-1432.1650390625,1159.7894287109375,-1437.0,1155.0,6.80554723739624,14.907804489135742,-0.6296977996826172,14.278106689453125,1.0
CQR-OneSided,0.9,0p9,test,-1434.32421875,1161.5155029296875,-1437.0,1165.0,4.393350124359131,14.551877975463867,-0.6296977996826172,13.92218017578125,1.0
CQR-OneSided,0.9,0p9,test,-1440.4111328125,1166.4769287109375,-1437.0,1165.0,3.717142105102539,15.14196491241455,-0.6296977996826172,14.512267112731934,1.0
CQR-OneSided,0.9,0p9,test,-1426.805908203125,1155.5042724609375,-1437.0,1170.0,17.721332550048828,15.878972053527832,-0.6296977996826172,15.249274253845215,0.0
CQR-OneSided,0.9,0p9,test,-1435.4862060546875,1162.503662109375,-1437.0,1165.0,2.9194648265838623,15.369524002075195,-0.6296977996826172,14.739826202392578,1.0
CQR-OneSided,0.9,0p9,test,-1439.357666015625,1165.6007080078125,-1437.0,1165.0,2.4329898357391357,14.732279777526855,-0.6296977996826172,14.102581977844238,1.0
CQR-OneSided,0.9,0p9,test,-1406.296875,1135.94287109375,-1437.0,1160.0,39.00547790527344,49.242191314697266,-0.6296977996826172,48.61249542236328,1.0
CQR-OneSided,0.9,0p9,test,-1428.656494140625,1156.944580078125,-1437.0,1155.0,8.567116737365723,14.793858528137207,-0.6296977996826172,14.16416072845459,1.0
CQR-OneSided,0.9,0p9,test,-1429.005126953125,1157.2415771484375,-1437.0,1165.0,11.140517234802246,15.039737701416016,-0.6296977996826172,14.410039901733398,1.0
CQR-OneSided,0.9,0p9,test,-1435.36669921875,1162.388671875,-1437.0,1155.0,7.567043304443359,15.053282737731934,-0.6296977996826172,14.423584938049316,1.0
CQR-OneSided,0.9,0p9,test,-1432.343505859375,1160.0211181640625,-1437.0,1170.0,11.011857986450195,16.486007690429688,-0.6296977996826172,15.85630989074707,1.0
CQR-OneSided,0.9,0p9,test,-1420.2286376953125,1150.103515625,-1437.0,1155.0,17.47152328491211,14.446571350097656,-0.6296977996826172,13.816873550415039,0.0
CQR-OneSided,0.9,0p9,test,-1426.493896484375,1155.1865234375,-1437.0,1155.0,10.507759094238281,14.665668487548828,-0.6296977996826172,14.035970687866211,1.0
CQR-OneSided,0.9,0p9,test,-1432.82080078125,1160.3175048828125,-1437.0,1155.0,6.763250827789307,14.846858978271484,-0.6296977996826172,14.217161178588867,1.0
CQR-OneSided,0.9,0p9,test,-1430.3038330078125,1158.2926025390625,-1437.0,1155.0,7.46189546585083,15.061779975891113,-0.6296977996826172,14.432082176208496,1.0
CQR-OneSided,0.9,0p9,test,-1446.90625,1168.73388671875,-1437.0,1160.0,13.206610679626465,15.776822090148926,-0.6296977996826172,15.147124290466309,1.0
CQR-OneSided,0.9,0p9,test,-1436.442626953125,1163.281982421875,-1437.0,1165.0,1.8061697483062744,15.447137832641602,-0.6296977996826172,14.817440032958984,1.0
CQR-OneSided,0.9,0p9,test,-1433.53369140625,1157.9364013671875,-1437.0,1160.0,4.034071922302246,20.965322494506836,-0.6296977996826172,20.33562469482422,1.0
CQR-OneSided,0.9,0p9,test,-1421.283935546875,1150.9608154296875,-1437.0,1155.0,16.22681999206543,14.504701614379883,-0.6296977996826172,13.875003814697266,0.0
CQR-OneSided,0.9,0p9,test,-1431.25048828125,1159.04052734375,-1437.0,1165.0,8.28083324432373,14.751935005187988,-0.6296977996826172,14.122237205505371,1.0
CQR-OneSided,0.9,0p9,test,-1404.80224609375,1134.7364501953125,-1437.0,1160.0,40.92605972290039,46.18851089477539,-0.6296977996826172,45.558815002441406,1.0
CQR-OneSided,0.9,0p9,test,-1441.426025390625,1167.299072265625,-1437.0,1165.0,4.987527847290039,15.144709587097168,-0.6296977996826172,14.51501178741455,1.0
CQR-OneSided,0.9,0p9,test,-1435.484619140625,1162.4871826171875,-1437.0,1155.0,7.638997554779053,15.106069564819336,-0.6296977996826172,14.476371765136719,1.0
CQR-OneSided,0.9,0p9,test,-1433.509765625,1160.876708984375,-1437.0,1155.0,6.835016250610352,14.885638236999512,-0.6296977996826172,14.255940437316895,1.0
CQR-OneSided,0.9,0p9,test,-1433.48095703125,1160.84912109375,-1437.0,1165.0,5.441824913024902,14.783798217773438,-0.6296977996826172,14.15410041809082,1.0
CQR-OneSided,0.9,0p9,test,-1413.2291259765625,1141.5411376953125,-1437.0,1160.0,30.09624671936035,38.21038818359375,-0.6296977996826172,37.5806884765625,1.0
CQR-OneSided,0.9,0p9,test,-1437.591064453125,1161.2098388671875,-1437.0,1160.0,1.3465018272399902,14.064539909362793,-0.6296977996826172,13.434842109680176,1.0
CQR-OneSided,0.9,0p9,test,-1437.843505859375,1164.4256591796875,-1437.0,1170.0,5.637799263000488,15.649202346801758,-0.6296977996826172,15.01950454711914,1.0
CQR-OneSided,0.9,0p9,test,-1430.23046875,1158.26171875,-1437.0,1170.0,13.550416946411133,15.603394508361816,-0.6296977996826172,14.9736967086792,1.0
CQR-OneSided,0.9,0p9,test,-1428.777099609375,1154.095458984375,-1437.0,1160.0,10.123225212097168,26.06780242919922,-0.6296977996826172,25.4381046295166,1.0
CQR-OneSided,0.9,0p9,test,-1436.0369873046875,1162.9749755859375,-1437.0,1170.0,7.090723514556885,15.864398956298828,-0.6296977996826172,15.234701156616211,1.0
CQR-OneSided,0.9,0p9,test,-1438.4862060546875,1164.9061279296875,-1437.0,1155.0,10.01699447631836,14.928557395935059,-0.6296977996826172,14.298859596252441,1.0
CQR-OneSided,0.9,0p9,test,-1450.6138916015625,1174.8138427734375,-1437.0,1170.0,14.43991470336914,16.572214126586914,-0.6296977996826172,15.942516326904297,1.0
CQR-OneSided,0.9,0p9,test,-1448.62060546875,1170.1138916015625,-1437.0,1160.0,15.405494689941406,22.592592239379883,-0.6296977996826172,21.962894439697266,1.0
CQR-OneSided,0.9,0p9,test,-1434.3515625,1161.62255859375,-1437.0,1165.0,4.292007923126221,16.076223373413086,-0.6296977996826172,15.446525573730469,1.0
CQR-OneSided,0.9,0p9,test,-1424.9671630859375,1153.951904296875,-1437.0,1155.0,12.078396797180176,14.674979209899902,-0.6296977996826172,14.045281410217285,1.0
CQR-OneSided,0.9,0p9,test,-1428.906982421875,1157.1971435546875,-1437.0,1170.0,15.146288871765137,15.725777626037598,-0.6296977996826172,15.09607982635498,0.0
CQR-OneSided,0.9,0p9,test,-1440.8837890625,1166.8377685546875,-1437.0,1165.0,4.2966508865356445,14.771221160888672,-0.6296977996826172,14.141523361206055,1.0
CQR-OneSided,0.9,0p9,test,-1433.7781982421875,1161.0845947265625,-1437.0,1155.0,6.884932518005371,14.716657638549805,-0.6296977996826172,14.086959838867188,1.0
CQR-OneSided,0.9,0p9,test,-1431.246337890625,1159.0938720703125,-1437.0,1170.0,12.330784797668457,15.82124137878418,-0.6296977996826172,15.191543579101562,1.0
CQR-OneSided,0.9,0p9,test,-1433.09130859375,1160.582763671875,-1437.0,1170.0,10.196186065673828,15.71683406829834,-0.6296977996826172,15.087136268615723,1.0
CQR-OneSided,0.9,0p9,test,-1433.0810546875,1160.4959716796875,-1437.0,1165.0,5.9702935218811035,14.321423530578613,-0.6296977996826172,13.691725730895996,1.0
CQR-OneSided,0.9,0p9,test,-1436.66845703125,1163.4744873046875,-1437.0,1170.0,6.533929824829102,15.662012100219727,-0.6296977996826172,15.03231430053711,1.0
CQR-OneSided,0.9,0p9,test,-1426.552734375,1155.2451171875,-1437.0,1155.0,10.450140953063965,14.849664688110352,-0.6296977996826172,14.219966888427734,1.0
CQR-OneSided,0.9,0p9,test,-1403.735595703125,1133.8734130859375,-1437.0,1160.0,42.29798126220703,50.33688735961914,-0.6296977996826172,49.707191467285156,1.0
CQR-OneSided,0.9,0p9,test,-1434.30908203125,1161.5977783203125,-1437.0,1170.0,8.82260513305664,16.22981834411621,-0.6296977996826172,15.600120544433594,1.0
CQR-OneSided,0.9,0p9,test,-1452.3521728515625,1173.128662109375,-1437.0,1160.0,20.200271606445312,21.920578002929688,-0.6296977996826172,21.29088020324707,1.0
CQR-OneSided,0.9,0p9,test,-1428.6700439453125,1154.0086669921875,-1437.0,1160.0,10.260810852050781,25.463092803955078,-0.6296977996826172,24.83339500427246,1.0
CQR-OneSided,0.9,0p9,test,-1430.419921875,1158.3663330078125,-1437.0,1155.0,7.391185760498047,14.704642295837402,-0.6296977996826172,14.074944496154785,1.0
CQR-OneSided,0.9,0p9,test,-1425.9671630859375,1154.7587890625,-1437.0,1155.0,11.035472869873047,14.646295547485352,-0.6296977996826172,14.016597747802734,1.0
CQR-OneSided,0.9,0p9,test,-1374.902099609375,1110.5908203125,-1437.0,1160.0,79.35626220703125,77.99885559082031,-0.6296977996826172,77.36915588378906,0.0
CQR-OneSided,0.9,0p9,test,-1438.0299072265625,1161.5662841796875,-1437.0,1160.0,1.8745546340942383,12.932711601257324,-0.6296977996826172,12.303013801574707,1.0
CQR-OneSided,0.9,0p9,test,-1431.0362548828125,1158.9276123046875,-1437.0,1170.0,12.57632827758789,15.878527641296387,-0.6296977996826172,15.24882984161377,1.0
CQR-OneSided,0.9,0p9,test,-1435.5408935546875,1162.591796875,-1437.0,1170.0,7.550527572631836,16.19987678527832,-0.6296977996826172,15.570178985595703,1.0
CQR-OneSided,0.9,0p9,test,-1401.54833984375,1132.10693359375,-1437.0,1160.0,45.10923767089844,48.10307312011719,-0.6296977996826172,47.47337341308594,1.0
CQR-OneSided,0.9,0p9,test,-1430.510986328125,1158.4310302734375,-1437.0,1155.0,7.340250015258789,14.56298828125,-0.6296977996826172,13.933290481567383,1.0
CQR-OneSided,0.9,0p9,test,-1427.0565185546875,1155.7164306640625,-1437.0,1170.0,17.403827667236328,16.051443099975586,-0.6296977996826172,15.421745300292969,0.0
CQR-OneSided,0.9,0p9,test,-1433.2757568359375,1160.6973876953125,-1437.0,1165.0,5.690558910369873,15.047494888305664,-0.6296977996826172,14.417797088623047,1.0
CQR-OneSided,0.9,0p9,test,-1439.85888671875,1166.0797119140625,-1437.0,1170.0,4.851998805999756,16.064977645874023,-0.6296977996826172,15.435279846191406,1.0
CQR-OneSided,0.9,0p9,test,-1433.5828857421875,1160.9681396484375,-1437.0,1170.0,9.656664848327637,15.504952430725098,-0.6296977996826172,14.87525463104248,1.0
CQR-OneSided,0.9,0p9,test,-1441.7701416015625,1167.5577392578125,-1437.0,1165.0,5.412603855133057,14.805085182189941,-0.6296977996826172,14.175387382507324,1.0
CQR-OneSided,0.9,0p9,test,-1446.6024169921875,1168.4886474609375,-1437.0,1160.0,12.816534042358398,12.401315689086914,-0.6296977996826172,11.771617889404297,0.0
CQR-OneSided,0.9,0p9,test,-1435.54541015625,1162.5201416015625,-1437.0,1155.0,7.65952730178833,14.824230194091797,-0.6296977996826172,14.19453239440918,1.0
CQR-OneSided,0.9,0p9,test,-1439.5611572265625,1162.8009033203125,-1437.0,1160.0,3.795337438583374,12.183135986328125,-0.6296977996826172,11.553438186645508,1.0
CQR-OneSided,0.9,0p9,test,-1423.52880859375,1152.8365478515625,-1437.0,1170.0,21.8187313079834,15.571700096130371,-0.6296977996826172,14.942002296447754,0.0
CQR-OneSided,0.9,0p9,test,-1434.9539794921875,1162.1141357421875,-1437.0,1170.0,8.146965980529785,16.136337280273438,-0.6296977996826172,15.50663948059082,1.0
CQR-OneSided,0.9,0p9,test,-1429.466064453125,1157.6307373046875,-1437.0,1170.0,14.483054161071777,15.39943790435791,-0.6296977996826172,14.769740104675293,1.0
CQR-OneSided,0.9,0p9,test,-1434.9803466796875,1162.095703125,-1437.0,1155.0,7.377533435821533,15.397501945495605,-0.6296977996826172,14.767804145812988,1.0
CQR-OneSided,0.9,0p9,test,-1471.3482666015625,1188.46826171875,-1437.0,1160.0,44.61216735839844,44.61536407470703,-0.6296977996826172,43.98566436767578,0.0
CQR-OneSided,0.9,0p9,test,-1437.9766845703125,1164.5445556640625,-1437.0,1170.0,5.542182445526123,15.867033958435059,-0.6296977996826172,15.237336158752441,1.0
CQR-OneSided,0.9,0p9,test,-1405.810302734375,1135.552734375,-1437.0,1160.0,39.62910461425781,54.8645133972168,-0.6296977996826172,54.23481750488281,1.0
CQR-OneSided,0.9,0p9,test,-1433.243408203125,1160.7098388671875,-1437.0,1170.0,10.0209321975708,15.79047966003418,-0.6296977996826172,15.160781860351562,1.0
CQR-OneSided,0.9,0p9,test,-1427.673583984375,1156.1361083984375,-1437.0,1155.0,9.39535903930664,14.578786849975586,-0.6296977996826172,13.949089050292969,1.0
CQR-OneSided,0.9,0p9,test,-1420.43505859375,1147.3602294921875,-1437.0,1160.0,20.836532592773438,35.10090255737305,-0.6296977996826172,34.47120666503906,1.0
CQR-OneSided,0.9,0p9,test,-1435.6827392578125,1162.6392822265625,-1437.0,1155.0,7.75201940536499,14.942219734191895,-0.6296977996826172,14.312521934509277,1.0
CQR-OneSided,0.9,0p9,test,-1408.243896484375,1137.5135498046875,-1437.0,1160.0,36.5041618347168,42.473880767822266,-0.6296977996826172,41.84418487548828,1.0
CQR-OneSided,0.9,0p9,test,-1432.887939453125,1160.444091796875,-1437.0,1170.0,10.403097152709961,16.1682071685791,-0.6296977996826172,15.538509368896484,1.0
CQR-OneSided,0.9,0p9,test,-1372.5306396484375,1108.6763916015625,-1437.0,1160.0,82.4039535522461,79.91077423095703,-0.6296977996826172,79.28107452392578,0.0
CQR-OneSided,0.9,0p9,test,-1437.689697265625,1161.2906494140625,-1437.0,1160.0,1.4633722305297852,14.258731842041016,-0.6296977996826172,13.629034042358398,1.0
CQR-OneSided,0.9,0p9,test,-1438.33251953125,1164.8109130859375,-1437.0,1170.0,5.357446193695068,15.461346626281738,-0.6296977996826172,14.831648826599121,1.0
CQR-OneSided,0.9,0p9,test,-1433.070556640625,1160.5108642578125,-1437.0,1155.0,6.768319606781006,14.696817398071289,-0.6296977996826172,14.067119598388672,1.0
CQR-OneSided,0.9,0p9,test,-1410.88623046875,1139.6488037109375,-1437.0,1160.0,33.10740280151367,44.22712326049805,-0.6296977996826172,43.59742736816406,1.0
CQR-OneSided,0.9,0p9,test,-1438.2322998046875,1164.7205810546875,-1437.0,1165.0,1.2635812759399414,15.265019416809082,-0.6296977996826172,14.635321617126465,1.0
CQR-OneSided,0.9,0p9,test,-1434.138916015625,1161.3988037109375,-1437.0,1155.0,7.00931453704834,15.100614547729492,-0.6296977996826172,14.470916748046875,1.0
CQR-OneSided,0.9,0p9,test,-1371.2470703125,1107.6397705078125,-1437.0,1160.0,84.05380249023438,81.32630157470703,-0.6296977996826172,80.69660186767578,0.0
CQR-OneSided,0.9,0p9,test,-1434.43896484375,1161.6512451171875,-1437.0,1165.0,4.215810775756836,15.303173065185547,-0.6296977996826172,14.67347526550293,1.0
CQR-OneSided,0.9,0p9,test,-1434.23095703125,1161.5299072265625,-1437.0,1170.0,8.911232948303223,16.170713424682617,-0.6296977996826172,15.541015625,1.0
CQR-OneSided,0.9,0p9,test,-1432.73193359375,1160.2569580078125,-1437.0,1165.0,6.3806610107421875,15.061485290527344,-0.6296977996826172,14.431787490844727,1.0
CQR-OneSided,0.9,0p9,test,-1440.8251953125,1166.8291015625,-1437.0,1165.0,4.240015506744385,15.437338829040527,-0.6296977996826172,14.80764102935791,1.0
CQR-OneSided,0.9,0p9,test,-1431.6092529296875,1159.3638916015625,-1437.0,1165.0,7.7990946769714355,15.316938400268555,-0.6296977996826172,14.687240600585938,1.0
CQR-OneSided,0.9,0p9,test,-1441.7779541015625,1167.594482421875,-1437.0,1165.0,5.436927795410156,15.357102394104004,-0.6296977996826172,14.727404594421387,1.0
CQR-OneSided,0.9,0p9,test,-1451.27490234375,1172.2589111328125,-1437.0,1160.0,18.816316604614258,24.019941329956055,-0.6296977996826172,23.390243530273438,1.0
CQR-OneSided,0.9,0p9,test,-1431.1827392578125,1158.9947509765625,-1437.0,1155.0,7.056809425354004,14.915324211120605,-0.6296977996826172,14.285626411437988,1.0
CQR-OneSided,0.9,0p9,test,-1428.2354736328125,1156.5999755859375,-1437.0,1155.0,8.909368515014648,14.743888854980469,-0.6296977996826172,14.114191055297852,1.0
CQR-OneSided,0.9,0p9,test,-1429.0859375,1157.3702392578125,-1437.0,1170.0,14.904470443725586,16.248384475708008,-0.6296977996826172,15.61868667602539,1.0
CQR-OneSided,0.9,0p9,test,-1425.317626953125,1154.2327880859375,-1437.0,1155.0,11.707538604736328,14.626091957092285,-0.6296977996826172,13.996394157409668,1.0
CQR-OneSided,0.9,0p9,test,-1440.548828125,1166.58935546875,-1437.0,1165.0,3.888474225997925,15.148604393005371,-0.6296977996826172,14.518906593322754,1.0
CQR-OneSided,0.9,0p9,test,-1440.10595703125,1166.2445068359375,-1437.0,1165.0,3.3460075855255127,15.389518737792969,-0.6296977996826172,14.759820938110352,1.0
CQR-OneSided,0.9,0p9,test,-1429.617431640625,1157.7490234375,-1437.0,1170.0,14.303452491760254,15.308736801147461,-0.6296977996826172,14.679039001464844,1.0
CQR-OneSided,0.9,0p9,test,-1416.1484375,1143.8975830078125,-1437.0,1160.0,26.345312118530273,35.4845085144043,-0.6296977996826172,34.85481262207031,1.0
CQR-OneSided,0.9,0p9,test,-1431.7681884765625,1159.4853515625,-1437.0,1155.0,6.891315460205078,15.189682006835938,-0.6296977996826172,14.55998420715332,1.0
CQR-OneSided,0.9,0p9,test,-1430.809326171875,1158.6839599609375,-1437.0,1155.0,7.203887939453125,14.75505542755127,-0.6296977996826172,14.125357627868652,1.0
CQR-OneSided,0.9,0p9,test,-1433.6773681640625,1161.0179443359375,-1437.0,1155.0,6.874266147613525,14.9826021194458,-0.6296977996826172,14.352904319763184,1.0
CQR-OneSided,0.9,0p9,test,-1437.52587890625,1164.18115234375,-1437.0,1170.0,5.842562675476074,15.882268905639648,-0.6296977996826172,15.252571105957031,1.0
CQR-OneSided,0.9,0p9,test,-1466.740966796875,1184.7449951171875,-1437.0,1160.0,38.68901443481445,47.15642166137695,-0.6296977996826172,46.52672576904297,1.0
CQR-OneSided,0.9,0p9,test,-1437.742431640625,1164.3475341796875,-1437.0,1165.0,0.9883908033370972,15.696831703186035,-0.6296977996826172,15.067133903503418,1.0
CQR-OneSided,0.9,0p9,test,-1423.1256103515625,1152.41357421875,-1437.0,1165.0,18.732772827148438,13.881765365600586,-0.6296977996826172,13.252067565917969,0.0
CQR-OneSided,0.9,0p9,test,-1428.4210205078125,1156.7965087890625,-1437.0,1170.0,15.745827674865723,15.592045783996582,-0.6296977996826172,14.962347984313965,0.0
CQR-OneSided,0.9,0p9,test,-1439.851806640625,1166.0010986328125,-1437.0,1165.0,3.022416114807129,14.732918739318848,-0.6296977996826172,14.10322093963623,1.0
CQR-OneSided,0.9,0p9,test,-1432.2674560546875,1159.9208984375,-1437.0,1170.0,11.134866714477539,15.800694465637207,-0.6296977996826172,15.17099666595459,1.0
CQR-OneSided,0.9,0p9,test,-1434.7197265625,1161.9029541015625,-1437.0,1165.0,3.8459510803222656,15.678757667541504,-0.6296977996826172,15.049059867858887,1.0
CQR-OneSided,0.9,0p9,test,-1427.1170654296875,1155.7178955078125,-1437.0,1155.0,9.908973693847656,15.1288423538208,-0.6296977996826172,14.499144554138184,1.0
CQR-OneSided,0.9,0p9,test,-1362.8890380859375,1100.895263671875,-1437.0,1160.0,94.79348754882812,100.81482696533203,-0.6296977996826172,100.18512725830078,1.0
CQR-OneSided,0.9,0p9,test,-1354.369140625,1094.021240234375,-1437.0,1160.0,105.74050903320312,132.65313720703125,-0.6296977996826172,132.0234375,1.0
CQR-OneSided,0.9,0p9,test,-1448.4281005859375,1172.9732666015625,-1437.0,1165.0,13.934649467468262,15.308478355407715,-0.6296977996826172,14.678780555725098,1.0
CQR-OneSided,0.9,0p9,test,-1419.401123046875,1146.5238037109375,-1437.0,1160.0,22.165925979614258,34.667362213134766,-0.6296977996826172,34.03766632080078,1.0
CQR-OneSided,0.9,0p9,test,-1429.78564453125,1157.90380859375,-1437.0,1170.0,14.084202766418457,15.646384239196777,-0.6296977996826172,15.01668643951416,1.0
CQR-OneSided,0.9,0p9,test,-1438.84130859375,1165.2227783203125,-1437.0,1170.0,5.119791507720947,15.488984107971191,-0.6296977996826172,14.859286308288574,1.0
CQR-OneSided,0.9,0p9,test,-1431.090576171875,1158.9202880859375,-1437.0,1165.0,8.47845458984375,14.879534721374512,-0.6296977996826172,14.249836921691895,1.0
CQR-OneSided,0.9,0p9,test,-1428.5721435546875,1156.9110107421875,-1437.0,1170.0,15.567607879638672,15.457242012023926,-0.6296977996826172,14.827544212341309,0.0
CQR-OneSided,0.9,0p9,test,-1425.166259765625,1154.0843505859375,-1437.0,1165.0,16.099342346191406,14.21331787109375,-0.6296977996826172,13.583620071411133,0.0
CQR-OneSided,0.9,0p9,test,-1438.8050537109375,1165.1766357421875,-1437.0,1165.0,1.8136756420135498,15.139273643493652,-0.6296977996826172,14.509575843811035,1.0
CQR-OneSided,0.9,0p9,test,-1408.1514892578125,1137.43994140625,-1437.0,1160.0,36.62229919433594,45.55610656738281,-0.6296977996826172,44.92640686035156,1.0
CQR-OneSided,0.9,0p9,test,-1432.70703125,1160.2874755859375,-1437.0,1170.0,10.618978500366211,15.98029613494873,-0.6296977996826172,15.350598335266113,1.0
CQR-OneSided,0.9,0p9,test,-1432.9505615234375,1160.4302978515625,-1437.0,1165.0,6.105745315551758,14.981513023376465,-0.6296977996826172,14.351815223693848,1.0
CQR-OneSided,0.9,0p9,test,-1429.8330078125,1157.8841552734375,-1437.0,1165.0,10.099555969238281,14.575505256652832,-0.6296977996826172,13.945807456970215,1.0
CQR-OneSided,0.9,0p9,test,-1433.9569091796875,1158.2755126953125,-1437.0,1160.0,3.4977505207061768,13.133321762084961,-0.6296977996826172,12.503623962402344,1.0
CQR-OneSided,0.9,0p9,test,-1443.0848388671875,1168.6182861328125,-1437.0,1165.0,7.079354286193848,14.76050853729248,-0.6296977996826172,14.130810737609863,1.0
CQR-OneSided,0.9,0p9,test,-1430.9324951171875,1158.7877197265625,-1437.0,1160.0,6.1874260902404785,14.81411361694336,-0.6296977996826172,14.184415817260742,1.0
CQR-OneSided,0.9,0p9,test,-1431.807373046875,1159.533203125,-1437.0,1170.0,11.68405818939209,15.544801712036133,-0.6296977996826172,14.915103912353516,1.0
CQR-OneSided,0.9,0p9,test,-1437.00390625,1163.6783447265625,-1437.0,1165.0,1.3216609954833984,14.428959846496582,-0.6296977996826172,13.799262046813965,1.0
CQR-OneSided,0.9,0p9,test,-1431.8408203125,1156.568115234375,-1437.0,1160.0,6.196367263793945,18.104310989379883,-0.6296977996826172,17.474613189697266,1.0
CQR-OneSided,0.9,0p9,test,-1430.060791015625,1158.0640869140625,-1437.0,1155.0,7.58559513092041,14.525603294372559,-0.6296977996826172,13.895905494689941,1.0
CQR-OneSided,0.9,0p9,test,-1435.348388671875,1162.376708984375,-1437.0,1165.0,3.0999155044555664,15.068906784057617,-0.6296977996826172,14.439208984375,1.0
CQR-OneSided,0.9,0p9,test,-1377.885986328125,1113.0006103515625,-1437.0,1160.0,75.52091979980469,75.41707611083984,-0.6296977996826172,74.7873764038086,0.0
CQR-OneSided,0.9,0p9,test,-1417.9970703125,1148.2967529296875,-1437.0,1155.0,20.150554656982422,14.425837516784668,-0.6296977996826172,13.79613971710205,0.0
CQR-OneSided,0.9,0p9,test,-1434.240966796875,1161.4708251953125,-1437.0,1155.0,7.034475326538086,14.925616264343262,-0.6296977996826172,14.295918464660645,1.0
CQR-OneSided,0.9,0p9,test,-1429.1416015625,1157.400146484375,-1437.0,1170.0,14.849603652954102,15.967886924743652,-0.6296977996826172,15.338189125061035,1.0
CQR-OneSided,0.9,0p9,test,-1440.287353515625,1166.4390869140625,-1437.0,1170.0,4.846317768096924,16.291641235351562,-0.6296977996826172,15.661943435668945,1.0
CQR-OneSided,0.9,0p9,test,-1434.4185791015625,1158.64990234375,-1437.0,1160.0,2.9131593704223633,17.21968650817871,-0.6296977996826172,16.589988708496094,1.0
CQR-OneSided,0.9,0p9,test,-1432.032470703125,1159.6700439453125,-1437.0,1155.0,6.8180389404296875,14.686056137084961,-0.6296977996826172,14.056358337402344,1.0
CQR-OneSided,0.9,0p9,test,-1433.5675048828125,1160.9310302734375,-1437.0,1170.0,9.696815490722656,15.041563987731934,-0.6296977996826172,14.411866188049316,1.0
CQR-OneSided,0.9,0p9,test,-1489.65185546875,1203.247314453125,-1437.0,1160.0,68.13624572753906,61.434452056884766,-0.6296977996826172,60.80475616455078,0.0
CQR-OneSided,0.9,0p9,test,-1417.3250732421875,1144.8472900390625,-1437.0,1160.0,24.833593368530273,34.23152542114258,-0.6296977996826172,33.601829528808594,1.0
CQR-OneSided,0.9,0p9,test,-1438.9453125,1165.2672119140625,-1437.0,1165.0,1.9635791778564453,14.747273445129395,-0.6296977996826172,14.117575645446777,1.0
CQR-OneSided,0.9,0p9,test,-1464.3262939453125,1182.8018798828125,-1437.0,1160.0,35.590057373046875,25.293508529663086,-0.6296977996826172,24.66381072998047,0.0
CQR-OneSided,0.9,0p9,test,-1421.9649658203125,1151.5238037109375,-1437.0,1155.0,15.431661605834961,14.687275886535645,-0.6296977996826172,14.057578086853027,0.0
CQR-OneSided,0.9,0p9,test,-1427.446533203125,1156.02490234375,-1437.0,1170.0,16.92844009399414,15.923604011535645,-0.6296977996826172,15.293906211853027,0.0
CQR-OneSided,0.9,0p9,test,-1434.8585205078125,1161.9630126953125,-1437.0,1155.0,7.2848801612854,14.788810729980469,-0.6296977996826172,14.159112930297852,1.0
CQR-OneSided,0.9,0p9,test,-1430.1705322265625,1158.179931640625,-1437.0,1165.0,9.651681900024414,14.972790718078613,-0.6296977996826172,14.343092918395996,1.0
CQR-OneSided,0.9,0p9,test,-1429.75537109375,1157.85107421875,-1437.0,1155.0,7.785452842712402,15.08863353729248,-0.6296977996826172,14.458935737609863,1.0
CQR-OneSided,0.9,0p9,test,-1436.164306640625,1163.0699462890625,-1437.0,1170.0,6.980259895324707,15.713152885437012,-0.6296977996826172,15.083455085754395,1.0
CQR-OneSided,0.9,0p9,test,-1444.06103515625,1169.427001953125,-1437.0,1165.0,8.334060668945312,15.099440574645996,-0.6296977996826172,14.469742774963379,1.0
CQR-OneSided,0.9,0p9,test,-1439.380126953125,1165.6590576171875,-1437.0,1165.0,2.4696884155273438,15.442877769470215,-0.6296977996826172,14.813179969787598,1.0
CQR-OneSided,0.9,0p9,test,-1441.53955078125,1167.4195556640625,-1437.0,1165.0,5.144100666046143,15.674235343933105,-0.6296977996826172,15.044537544250488,1.0
CQR-OneSided,0.9,0p9,test,-1442.1224365234375,1164.8707275390625,-1437.0,1160.0,7.068475246429443,12.61140251159668,-0.6296977996826172,11.981704711914062,1.0
CQR-OneSided,0.9,0p9,test,-1431.969970703125,1156.6712646484375,-1437.0,1160.0,6.031722545623779,13.819613456726074,-0.6296977996826172,13.189915657043457,1.0
CQR-OneSided,0.9,0p9,test,-1423.959716796875,1153.161865234375,-1437.0,1165.0,17.612224578857422,15.089524269104004,-0.6296977996826172,14.459826469421387,0.0
CQR-OneSided,0.9,0p9,test,-1439.529052734375,1165.7305908203125,-1437.0,1165.0,2.632464647293091,14.60370922088623,-0.6296977996826172,13.974011421203613,1.0
CQR-OneSided,0.9,0p9,test,-1431.141845703125,1159.0240478515625,-1437.0,1170.0,12.441442489624023,16.057842254638672,-0.6296977996826172,15.428144454956055,1.0
CQR-OneSided,0.9,0p9,test,-1429.056396484375,1154.3203125,-1437.0,1160.0,9.765228271484375,22.951173782348633,-0.6296977996826172,22.321475982666016,1.0
CQR-OneSided,0.9,0p9,test,-1437.2705078125,1163.938720703125,-1437.0,1165.0,1.0952115058898926,15.217679023742676,-0.6296977996826172,14.587981224060059,1.0
CQR-OneSided,0.9,0p9,test,-1408.0147705078125,1137.3289794921875,-1437.0,1160.0,36.7983512878418,43.8179817199707,-0.6296977996826172,43.18828582763672,1.0
CQR-OneSided,0.9,0p9,test,-1431.056640625,1155.93359375,-1437.0,1160.0,7.201331615447998,15.066997528076172,-0.6296977996826172,14.437299728393555,1.0
CQR-OneSided,0.9,0p9,test,-1434.18798828125,1161.4439697265625,-1437.0,1155.0,7.0308003425598145,15.202265739440918,-0.6296977996826172,14.5725679397583,1.0
CQR-OneSided,0.9,0p9,test,-1424.5550537109375,1153.6043701171875,-1437.0,1155.0,12.522957801818848,14.446417808532715,-0.6296977996826172,13.816720008850098,1.0
CQR-OneSided,0.9,0p9,test,-1407.737060546875,1137.10693359375,-1437.0,1160.0,37.15389633178711,41.286624908447266,-0.6296977996826172,40.65692901611328,1.0
CQR-OneSided,0.9,0p9,test,-1440.564453125,1166.5999755859375,-1437.0,1165.0,3.907076597213745,15.101807594299316,-0.6296977996826172,14.4721097946167,1.0
CQR-OneSided,0.9,0p9,test,-1405.915283203125,1135.634033203125,-1437.0,1160.0,39.49633026123047,46.46855545043945,-0.6296977996826172,45.83885955810547,1.0
CQR-OneSided,0.9,0p9,test,-1440.13916015625,1166.256591796875,-1437.0,1165.0,3.3813235759735107,15.140230178833008,-0.6296977996826172,14.51053237915039,1.0
CQR-OneSided,0.9,0p9,test,-1428.53955078125,1156.8477783203125,-1437.0,1155.0,8.65987777709961,14.756016731262207,-0.6296977996826172,14.12631893157959,1.0
CQR-OneSided,0.9,0p9,test,-1434.515869140625,1161.69775390625,-1437.0,1165.0,4.132279872894287,14.981101036071777,-0.6296977996826172,14.35140323638916,1.0
CQR-OneSided,0.9,0p9,test,-1427.998046875,1156.4083251953125,-1437.0,1155.0,9.111451148986816,14.741275787353516,-0.6296977996826172,14.111577987670898,1.0
CQR-OneSided,0.9,0p9,test,-1440.11767578125,1166.246337890625,-1437.0,1165.0,3.357567548751831,15.249417304992676,-0.6296977996826172,14.619719505310059,1.0
CQR-OneSided,0.9,0p9,test,-1421.6468505859375,1151.25390625,-1437.0,1155.0,15.803556442260742,14.494279861450195,-0.6296977996826172,13.864582061767578,0.0
CQR-OneSided,0.9,0p9,test,-1432.0594482421875,1159.7081298828125,-1437.0,1155.0,6.82462739944458,14.97114086151123,-0.6296977996826172,14.341443061828613,1.0
CQR-OneSided,0.9,0p9,test,-1459.5516357421875,1178.944091796875,-1437.0,1160.0,29.452587127685547,27.86490821838379,-0.6296977996826172,27.235210418701172,0.0
CQR-OneSided,0.9,0p9,test,-1431.567138671875,1159.296142578125,-1437.0,1155.0,6.926241874694824,14.737537384033203,-0.6296977996826172,14.107839584350586,1.0
CQR-OneSided,0.9,0p9,test,-1433.749267578125,1161.063232421875,-1437.0,1165.0,5.105428695678711,14.734843254089355,-0.6296977996826172,14.105145454406738,1.0
CQR-OneSided,0.9,0p9,test,-1437.483642578125,1164.1011962890625,-1437.0,1165.0,1.0206656455993652,15.036202430725098,-0.6296977996826172,14.40650463104248,1.0
CQR-OneSided,0.9,0p9,test,-1364.026611328125,1101.8131103515625,-1437.0,1160.0,93.33182525634766,97.71302032470703,-0.6296977996826172,97.08332061767578,1.0
CQR-OneSided,0.9,0p9,test,-1432.993408203125,1160.4420166015625,-1437.0,1165.0,6.068606853485107,14.592534065246582,-0.6296977996826172,13.962836265563965,1.0
CQR-OneSided,0.9,0p9,test,-1440.4306640625,1166.5025634765625,-1437.0,1165.0,3.745284080505371,15.337677955627441,-0.6296977996826172,14.707980155944824,1.0
CQR-OneSided,0.9,0p9,test,-1434.346923828125,1161.6121826171875,-1437.0,1170.0,8.797402381896973,15.919949531555176,-0.6296977996826172,15.290251731872559,1.0
CQR-OneSided,0.9,0p9,test,-1441.87548828125,1167.669677734375,-1437.0,1165.0,5.558557510375977,15.27150821685791,-0.6296977996826172,14.641810417175293,1.0
CQR-OneSided,0.9,0p9,test,-1431.501220703125,1159.2431640625,-1437.0,1155.0,6.94557523727417,14.746682167053223,-0.6296977996826172,14.116984367370605,1.0
CQR-OneSided,0.9,0p9,test,-1432.711669921875,1157.2720947265625,-1437.0,1160.0,5.082444667816162,18.306119918823242,-0.6296977996826172,17.676422119140625,1.0
CQR-OneSided,0.9,0p9,test,-1425.736572265625,1154.6390380859375,-1437.0,1170.0,19.04793930053711,15.864703178405762,-0.6296977996826172,15.235005378723145,0.0
CQR-OneSided,0.9,0p9,test,-1428.6435546875,1156.9317626953125,-1437.0,1155.0,8.576822280883789,14.75929069519043,-0.6296977996826172,14.129592895507812,1.0
CQR-OneSided,0.9,0p9,test,-1430.796875,1158.7469482421875,-1437.0,1170.0,12.849510192871094,16.094438552856445,-0.6296977996826172,15.464740753173828,1.0
CQR-OneSided,0.9,0p9,test,-1426.449462890625,1155.1533203125,-1437.0,1155.0,10.551651000976562,14.708155632019043,-0.6296977996826172,14.078457832336426,1.0
CQR-OneSided,0.9,0p9,test,-1437.1632080078125,1163.8582763671875,-1437.0,1165.0,1.153329849243164,15.294905662536621,-0.6296977996826172,14.665207862854004,1.0
CQR-OneSided,0.9,0p9,test,-1425.4329833984375,1151.3958740234375,-1437.0,1160.0,14.416200637817383,23.28484344482422,-0.6296977996826172,22.6551456451416,1.0
CQR-OneSided,0.9,0p9,test,-1442.5057373046875,1165.1763916015625,-1437.0,1160.0,7.556994915008545,18.1372127532959,-0.6296977996826172,17.50751495361328,1.0
CQR-OneSided,0.9,0p9,test,-1411.744873046875,1140.3416748046875,-1437.0,1160.0,32.004234313964844,42.683265686035156,-0.6296977996826172,42.053565979003906,1.0
CQR-OneSided,0.9,0p9,test,-1433.3916015625,1160.808837890625,-1437.0,1170.0,9.874107360839844,15.396732330322266,-0.6296977996826172,14.767034530639648,1.0
CQR-OneSided,0.9,0p9,test,-1439.3189697265625,1165.5751953125,-1437.0,1165.0,2.3892405033111572,14.819231986999512,-0.6296977996826172,14.189534187316895,1.0
CQR-OneSided,0.9,0p9,test,-1428.30224609375,1156.6512451171875,-1437.0,1155.0,8.853108406066895,14.689413070678711,-0.6296977996826172,14.059715270996094,1.0
CQR-OneSided,0.9,0p9,test,-1423.1358642578125,1152.4925537109375,-1437.0,1155.0,14.089057922363281,15.072052001953125,-0.6296977996826172,14.442354202270508,1.0
CQR-OneSided,0.9,0p9,test,-1444.5040283203125,1166.794677734375,-1437.0,1160.0,10.123146057128906,13.228267669677734,-0.6296977996826172,12.598569869995117,1.0
CQR-OneSided,0.9,0p9,test,-1433.063232421875,1157.5545654296875,-1437.0,1160.0,4.634467601776123,18.845434188842773,-0.6296977996826172,18.215736389160156,1.0
CQR-OneSided,0.9,0p9,test,-1438.817138671875,1165.1453857421875,-1437.0,1165.0,1.8229453563690186,14.446754455566406,-0.6296977996826172,13.817056655883789,1.0
CQR-OneSided,0.9,0p9,test,-1425.86328125,1154.6826171875,-1437.0,1155.0,11.141240119934082,14.781387329101562,-0.6296977996826172,14.151689529418945,1.0
CQR-OneSided,0.9,0p9,test,-1427.557861328125,1153.10986328125,-1437.0,1160.0,11.688796043395996,21.06016731262207,-0.6296977996826172,20.430469512939453,1.0
CQR-OneSided,0.9,0p9,test,-1427.0352783203125,1155.63671875,-1437.0,1155.0,9.9850435256958,14.86909008026123,-0.6296977996826172,14.239392280578613,1.0
CQR-OneSided,0.9,0p9,test,-1435.92041015625,1162.8218994140625,-1437.0,1155.0,7.896051406860352,14.776412010192871,-0.6296977996826172,14.146714210510254,1.0
CQR-OneSided,0.9,0p9,test,-1431.221923828125,1159.0938720703125,-1437.0,1170.0,12.342195510864258,16.159385681152344,-0.6296977996826172,15.529687881469727,1.0
CQR-OneSided,0.9,0p9,test,-1421.08349609375,1147.8829345703125,-1437.0,1160.0,20.00395965576172,28.93903923034668,-0.6296977996826172,28.309341430664062,1.0
CQR-OneSided,0.9,0p9,test,-1414.054443359375,1142.2076416015625,-1437.0,1160.0,29.03561019897461,38.146209716796875,-0.6296977996826172,37.516510009765625,1.0
CQR-OneSided,0.9,0p9,test,-1435.5238037109375,1162.5611572265625,-1437.0,1170.0,7.583899974822998,15.892436027526855,-0.6296977996826172,15.262738227844238,1.0
CQR-OneSided,0.9,0p9,test,-1432.369873046875,1156.9964599609375,-1437.0,1160.0,5.5189971923828125,20.008739471435547,-0.6296977996826172,19.37904167175293,1.0
CQR-OneSided,0.9,0p9,test,-1428.8609619140625,1157.0758056640625,-1437.0,1155.0,8.399578094482422,14.225573539733887,-0.6296977996826172,13.59587574005127,1.0
CQR-OneSided,0.9,0p9,test,-1430.1903076171875,1158.2445068359375,-1437.0,1170.0,13.585416793823242,15.897233009338379,-0.6296977996826172,15.267535209655762,1.0
CQR-OneSided,0.9,0p9,test,-1433.752197265625,1161.085205078125,-1437.0,1155.0,6.897676467895508,15.083678245544434,-0.6296977996826172,14.453980445861816,1.0
CQR-OneSided,0.9,0p9,test,-1442.0576171875,1167.8533935546875,-1437.0,1170.0,5.494307041168213,15.936198234558105,-0.6296977996826172,15.306500434875488,1.0
CQR-OneSided,0.9,0p9,test,-1424.924072265625,1153.9019775390625,-1437.0,1165.0,16.40104103088379,14.443368911743164,-0.6296977996826172,13.813671112060547,0.0
CQR-OneSided,0.9,0p9,test,-1440.104248046875,1166.3126220703125,-1437.0,1170.0,4.820074081420898,16.665428161621094,-0.6296977996826172,16.035730361938477,1.0
CQR-OneSided,0.9,0p9,test,-1428.794189453125,1157.0673828125,-1437.0,1155.0,8.462233543395996,14.990789413452148,-0.6296977996826172,14.361091613769531,1.0
CQR-OneSided,0.9,0p9,test,-1421.787353515625,1148.4483642578125,-1437.0,1160.0,19.101436614990234,24.602500915527344,-0.6296977996826172,23.972803115844727,1.0
CQR-OneSided,0.9,0p9,test,-1430.9940185546875,1158.8487548828125,-1437.0,1155.0,7.133353233337402,15.026812553405762,-0.6296977996826172,14.397114753723145,1.0
CQR-OneSided,0.9,0p9,test,-1438.62158203125,1165.0289306640625,-1437.0,1165.0,1.6218401193618774,15.128205299377441,-0.6296977996826172,14.498507499694824,1.0
CQR-OneSided,0.9,0p9,test,-1367.1171875,1104.3072509765625,-1437.0,1160.0,89.3604507446289,95.99435424804688,-0.6296977996826172,95.36465454101562,1.0
CQR-OneSided,0.9,0p9,test,-1426.81982421875,1155.4444580078125,-1437.0,1155.0,10.189873695373535,14.571398735046387,-0.6296977996826172,13.94170093536377,1.0
CQR-OneSided,0.9,0p9,test,-1428.241943359375,1156.648193359375,-1437.0,1170.0,15.967914581298828,15.531729698181152,-0.6296977996826172,14.902031898498535,0.0
CQR-OneSided,0.9,0p9,test,-1431.145263671875,1158.9542236328125,-1437.0,1155.0,7.064971446990967,14.712139129638672,-0.6296977996826172,14.082441329956055,1.0
CQR-OneSided,0.9,0p9,test,-1411.215087890625,1139.9141845703125,-1437.0,1160.0,32.68488311767578,44.55287551879883,-0.6296977996826172,43.923179626464844,1.0
CQR-OneSided,0.9,0p9,test,-1429.374755859375,1154.576171875,-1437.0,1160.0,9.357470512390137,20.18846893310547,-0.6296977996826172,19.55877113342285,1.0
CQR-OneSided,0.9,0p9,test,-1432.623779296875,1160.1417236328125,-1437.0,1155.0,6.7519354820251465,14.592752456665039,-0.6296977996826172,13.963054656982422,1.0
CQR-OneSided,0.9,0p9,test,-1429.1583251953125,1157.3997802734375,-1437.0,1170.0,14.841071128845215,15.727460861206055,-0.6296977996826172,15.097763061523438,1.0
CQR-OneSided,0.9,0p9,test,-1462.6514892578125,1181.4464111328125,-1437.0,1160.0,33.43572235107422,34.78830337524414,-0.6296977996826172,34.158607482910156,1.0
CQR-OneSided,0.9,0p9,test,-1436.96435546875,1163.7447509765625,-1437.0,1170.0,6.255350589752197,16.201032638549805,-0.6296977996826172,15.571334838867188,1.0
CQR-OneSided,0.9,0p9,test,-1437.49365234375,1164.190673828125,-1437.0,1170.0,5.830263137817383,16.509782791137695,-0.6296977996826172,15.880084991455078,1.0
CQR-OneSided,0.9,0p9,test,-1427.8563232421875,1156.2957763671875,-1437.0,1155.0,9.235034942626953,14.777859687805176,-0.6296977996826172,14.148161888122559,1.0
CQR-OneSided,0.9,0p9,test,-1434.444580078125,1161.7159423828125,-1437.0,1170.0,8.669243812561035,16.378246307373047,-0.6296977996826172,15.74854850769043,1.0
CQR-OneSided,0.9,0p9,test,-1430.7490234375,1158.6414794921875,-1437.0,1155.0,7.2342987060546875,14.873867988586426,-0.6296977996826172,14.244170188903809,1.0
CQR-OneSided,0.9,0p9,test,-1429.8441162109375,1157.942138671875,-1437.0,1155.0,7.7371087074279785,15.454899787902832,-0.6296977996826172,14.825201988220215,1.0
CQR-OneSided,0.9,0p9,test,-1429.53076171875,1157.6636962890625,-1437.0,1165.0,10.469520568847656,14.992430686950684,-0.6296977996826172,14.362732887268066,1.0
CQR-OneSided,0.9,0p9,test,-1432.75830078125,1160.280029296875,-1437.0,1155.0,6.772792816162109,15.08399486541748,-0.6296977996826172,14.454297065734863,1.0
CQR-OneSided,0.9,0p9,test,-1433.9266357421875,1161.1934814453125,-1437.0,1155.0,6.914100170135498,14.541184425354004,-0.6296977996826172,13.911486625671387,1.0
CQR-OneSided,0.9,0p9,test,-1439.91943359375,1166.12109375,-1437.0,1170.0,4.85479211807251,15.936359405517578,-0.6296977996826172,15.306661605834961,1.0
CQR-OneSided,0.9,0p9,test,-1433.1715087890625,1160.6005859375,-1437.0,1165.0,5.831996917724609,14.815022468566895,-0.6296977996826172,14.185324668884277,1.0
CQR-OneSided,0.9,0p9,test,-1442.4627685546875,1168.1590576171875,-1437.0,1165.0,6.310426712036133,15.548846244812012,-0.6296977996826172,14.919148445129395,1.0
CQR-OneSided,0.9,0p9,test,-1436.0872802734375,1163.0430908203125,-1437.0,1170.0,7.016526699066162,16.315744400024414,-0.6296977996826172,15.686046600341797,1.0
CQR-OneSided,0.9,0p9,test,-1343.9931640625,1085.6455078125,-1437.0,1160.0,119.07502746582031,153.91554260253906,-0.6296977996826172,153.2858428955078,1.0
CQR-OneSided,0.9,0p9,test,-1444.586669921875,1169.9114990234375,-1437.0,1170.0,7.587185859680176,16.17906951904297,-0.6296977996826172,15.549371719360352,1.0
CQR-OneSided,0.9,0p9,test,-1401.5296630859375,1132.0928955078125,-1437.0,1160.0,45.13259506225586,48.0602912902832,-0.6296977996826172,47.43059539794922,1.0
CQR-OneSided,0.9,0p9,test,-1430.9761962890625,1158.8956298828125,-1437.0,1170.0,12.63302230834961,16.172319412231445,-0.6296977996826172,15.542621612548828,1.0
CQR-OneSided,0.9,0p9,test,-1433.765869140625,1161.0941162109375,-1437.0,1155.0,6.899119853973389,15.06109619140625,-0.6296977996826172,14.431398391723633,1.0
CQR-OneSided,0.9,0p9,test,-1431.835693359375,1159.5211181640625,-1437.0,1155.0,6.863714218139648,14.876791954040527,-0.6296977996826172,14.24709415435791,1.0
CQR-OneSided,0.9,0p9,test,-1433.12255859375,1160.6055908203125,-1437.0,1170.0,10.163143157958984,15.674748420715332,-0.6296977996826172,15.045050621032715,1.0
CQR-OneSided,0.9,0p9,test,-1432.777099609375,1157.324462890625,-1437.0,1160.0,4.999138355255127,18.26295280456543,-0.6296977996826172,17.633255004882812,1.0
CQR-OneSided,0.9,0p9,test,-1436.09423828125,1162.9639892578125,-1437.0,1165.0,2.2283949851989746,14.776128768920898,-0.6296977996826172,14.146430969238281,1.0
CQR-OneSided,0.9,0p9,test,-1428.838623046875,1157.121826171875,-1437.0,1165.0,11.343442916870117,15.310900688171387,-0.6296977996826172,14.68120288848877,1.0
CQR-OneSided,0.9,0p9,test,-1429.2767333984375,1157.4453125,-1437.0,1155.0,8.101136207580566,14.77802562713623,-0.6296977996826172,14.148327827453613,1.0
CQR-OneSided,0.9,0p9,test,-1418.826171875,1146.06103515625,-1437.0,1160.0,22.903772354125977,37.08993911743164,-0.6296977996826172,36.460243225097656,1.0
CQR-OneSided,0.9,0p9,test,-1437.5308837890625,1161.1612548828125,-1437.0,1160.0,1.276851773262024,14.093168258666992,-0.6296977996826172,13.463470458984375,1.0
CQR-OneSided,0.9,0p9,test,-1436.7314453125,1163.5380859375,-1437.0,1170.0,6.46749210357666,15.883138656616211,-0.6296977996826172,15.253440856933594,1.0
CQR-OneSided,0.9,0p9,test,-1432.761962890625,1160.3056640625,-1437.0,1170.0,10.580222129821777,15.529467582702637,-0.6296977996826172,14.89976978302002,1.0
CQR-OneSided,0.9,0p9,test,-1431.6473388671875,1159.4017333984375,-1437.0,1170.0,11.873257637023926,15.507538795471191,-0.6296977996826172,14.877840995788574,1.0
CQR-OneSided,0.9,0p9,test,-1433.415771484375,1160.7667236328125,-1437.0,1165.0,5.546830177307129,14.315685272216797,-0.6296977996826172,13.68598747253418,1.0
CQR-OneSided,0.9,0p9,test,-1430.5665283203125,1158.5474853515625,-1437.0,1170.0,13.135815620422363,15.835030555725098,-0.6296977996826172,15.20533275604248,1.0
CQR-OneSided,0.9,0p9,test,-1428.0382080078125,1156.4283447265625,-1437.0,1155.0,9.07490348815918,14.532022476196289,-0.6296977996826172,13.902324676513672,1.0
CQR-OneSided,0.9,0p9,test,-1433.7452392578125,1161.1077880859375,-1437.0,1170.0,9.469155311584473,15.648829460144043,-0.6296977996826172,15.019131660461426,1.0
CQR-OneSided,0.9,0p9,test,-1432.8353271484375,1160.3663330078125,-1437.0,1170.0,10.495333671569824,15.551426887512207,-0.6296977996826172,14.92172908782959,1.0
CQR-OneSided,0.9,0p9,test,-1441.533935546875,1167.4359130859375,-1437.0,1170.0,5.20875358581543,16.0880126953125,-0.6296977996826172,15.458314895629883,1.0
CQR-OneSided,0.9,0p9,test,-1439.4197998046875,1165.7747802734375,-1437.0,1170.0,4.869077205657959,16.97667121887207,-0.6296977996826172,16.346973419189453,1.0
CQR-OneSided,0.9,0p9,test,-1404.2303466796875,1134.2738037109375,-1437.0,1160.0,41.661582946777344,49.05341720581055,-0.6296977996826172,48.42372131347656,1.0
CQR-OneSided,0.9,0p9,test,-1441.3468017578125,1167.24755859375,-1437.0,1165.0,4.893486022949219,15.365118980407715,-0.6296977996826172,14.735421180725098,1.0
CQR-OneSided,0.9,0p9,test,-1383.3785400390625,1117.4365234375,-1437.0,1160.0,68.46101379394531,71.7340316772461,-0.6296977996826172,71.10433197021484,1.0
CQR-OneSided,0.9,0p9,test,-1427.5125732421875,1156.0174560546875,-1437.0,1155.0,9.541828155517578,14.778780937194824,-0.6296977996826172,14.149083137512207,1.0
CQR-OneSided,0.9,0p9,test,-1429.463134765625,1154.6497802734375,-1437.0,1160.0,9.242791175842285,24.157114028930664,-0.6296977996826172,23.527416229248047,1.0
CQR-OneSided,0.9,0p9,test,-1441.31494140625,1167.2122802734375,-1437.0,1165.0,4.849010467529297,15.215574264526367,-0.6296977996826172,14.58587646484375,1.0
CQR-OneSided,0.9,0p9,test,-1429.05712890625,1157.271240234375,-1437.0,1155.0,8.261219024658203,14.839577674865723,-0.6296977996826172,14.209879875183105,1.0
CQR-OneSided,0.9,0p9,test,-1421.0086669921875,1150.7255859375,-1437.0,1155.0,16.552743911743164,14.283565521240234,-0.6296977996826172,13.653867721557617,0.0
CQR-OneSided,0.9,0p9,test,-1442.0111083984375,1167.800048828125,-1437.0,1170.0,5.472750186920166,15.67417049407959,-0.6296977996826172,15.044472694396973,1.0
CQR-OneSided,0.9,0p9,test,-1427.083740234375,1155.66943359375,-1437.0,1155.0,9.938830375671387,14.754396438598633,-0.6296977996826172,14.124698638916016,1.0
CQR-OneSided,0.9,0p9,test,-1432.3209228515625,1159.9862060546875,-1437.0,1170.0,11.053046226501465,16.185632705688477,-0.6296977996826172,15.55593490600586,1.0
CQR-OneSided,0.9,0p9,test,-1430.9971923828125,1158.86376953125,-1437.0,1165.0,8.584115028381348,15.22695255279541,-0.6296977996826172,14.597254753112793,1.0
CQR-OneSided,0.9,0p9,test,-1420.5960693359375,1147.4871826171875,-1437.0,1160.0,20.63151741027832,28.539276123046875,-0.6296977996826172,27.909578323364258,1.0
CQR-OneSided,0.9,0p9,test,-1430.58544921875,1158.5333251953125,-1437.0,1165.0,9.108476638793945,15.246331214904785,-0.6296977996826172,14.616633415222168,1.0
CQR-OneSided,0.9,0p9,test,-1431.5631103515625,1159.3353271484375,-1437.0,1165.0,7.851642608642578,15.506110191345215,-0.6296977996826172,14.876412391662598,1.0
CQR-OneSided,0.9,0p9,test,-1433.894775390625,1161.175537109375,-1437.0,1165.0,4.926351070404053,14.670709609985352,-0.6296977996826172,14.041011810302734,1.0
CQR-OneSided,0.9,0p9,test,-1429.6697998046875,1157.7789306640625,-1437.0,1165.0,10.289590835571289,15.04643440246582,-0.6296977996826172,14.416736602783203,1.0
CQR-OneSided,0.9,0p9,test,-1446.891357421875,1171.763916015625,-1437.0,1170.0,10.047405242919922,15.923779487609863,-0.6296977996826172,15.294081687927246,1.0
CQR-OneSided,0.9,0p9,test,-1425.077880859375,1154.0386962890625,-1437.0,1155.0,11.96081256866455,14.631370544433594,-0.6296977996826172,14.001672744750977,1.0
CQR-OneSided,0.9,0p9,test,-1431.068603515625,1155.9456787109375,-1437.0,1160.0,7.184635639190674,23.454635620117188,-0.6296977996826172,22.82493782043457,1.0
CQR-OneSided,0.9,0p9,test,-1454.5299072265625,1174.8878173828125,-1437.0,1160.0,22.998798370361328,28.374486923217773,-0.6296977996826172,27.744789123535156,1.0
CQR-OneSided,0.9,0p9,test,-1427.36083984375,1155.903564453125,-1437.0,1155.0,9.681417465209961,14.938998222351074,-0.6296977996826172,14.309300422668457,1.0
CQR-OneSided,0.9,0p9,test,-1425.345703125,1154.2666015625,-1437.0,1155.0,11.677350044250488,14.818610191345215,-0.6296977996826172,14.188912391662598,1.0
CQR-OneSided,0.9,0p9,test,-1442.11279296875,1167.8656005859375,-1437.0,1165.0,5.861084938049316,15.331084251403809,-0.6296977996826172,14.701386451721191,1.0
CQR-OneSided,0.9,0p9,test,-1426.8302001953125,1155.4482421875,-1437.0,1155.0,10.179673194885254,14.487342834472656,-0.6296977996826172,13.857645034790039,1.0
CQR-OneSided,0.9,0p9,test,-1437.109619140625,1163.781494140625,-1437.0,1165.0,1.2234266996383667,14.73054313659668,-0.6296977996826172,14.100845336914062,1.0
CQR-OneSided,0.9,0p9,test,-1427.20751953125,1155.824951171875,-1437.0,1170.0,17.228601455688477,15.812907218933105,-0.6296977996826172,15.183209419250488,0.0
CQR-OneSided,0.9,0p9,test,-1431.3558349609375,1159.1212158203125,-1437.0,1155.0,6.988635063171387,14.677935600280762,-0.6296977996826172,14.048237800598145,1.0
CQR-OneSided,0.9,0p9,test,-1440.9371337890625,1163.9124755859375,-1437.0,1160.0,5.550539493560791,13.174796104431152,-0.6296977996826172,12.545098304748535,1.0
CQR-OneSided,0.9,0p9,test,-1440.6396484375,1166.6597900390625,-1437.0,1165.0,4.000242710113525,15.091233253479004,-0.6296977996826172,14.461535453796387,1.0
CQR-OneSided,0.9,0p9,test,-1426.012451171875,1154.8194580078125,-1437.0,1170.0,18.739665985107422,15.090450286865234,-0.6296977996826172,14.460752487182617,0.0
CQR-OneSided,0.9,0p9,test,-1426.8934326171875,1155.504638671875,-1437.0,1155.0,10.119158744812012,14.572035789489746,-0.6296977996826172,13.942337989807129,1.0
CQR-OneSided,0.9,0p9,test,-1437.56689453125,1164.15673828125,-1437.0,1165.0,1.016100287437439,14.83080005645752,-0.6296977996826172,14.201102256774902,1.0
CQR-OneSided,0.9,0p9,test,-1426.6331787109375,1155.3035888671875,-1437.0,1155.0,10.371265411376953,14.732389450073242,-0.6296977996826172,14.102691650390625,1.0
CQR-OneSided,0.9,0p9,test,-1429.1865234375,1157.36376953125,-1437.0,1165.0,10.925311088562012,14.633517265319824,-0.6296977996826172,14.003819465637207,1.0
CQR-OneSided,0.9,0p9,test,-1430.394287109375,1158.33984375,-1437.0,1155.0,7.402026653289795,14.620458602905273,-0.6296977996826172,13.990760803222656,1.0
CQR-OneSided,0.9,0p9,test,-1429.957275390625,1157.9708251953125,-1437.0,1165.0,9.950340270996094,14.358329772949219,-0.6296977996826172,13.728631973266602,1.0
CQR-OneSided,0.9,0p9,test,-1439.7999267578125,1165.975341796875,-1437.0,1165.0,2.964942216873169,15.048492431640625,-0.6296977996826172,14.418794631958008,1.0
CQR-OneSided,0.9,0p9,test,-1430.5970458984375,1158.49267578125,-1437.0,1165.0,9.129243850708008,14.453337669372559,-0.6296977996826172,13.823639869689941,1.0
CQR-OneSided,0.9,0p9,test,-1433.15966796875,1160.5889892578125,-1437.0,1165.0,5.848518371582031,14.792196273803711,-0.6296977996826172,14.162498474121094,1.0
CQR-OneSided,0.9,0p9,test,-1436.27978515625,1163.123779296875,-1437.0,1165.0,2.009704828262329,14.964995384216309,-0.6296977996826172,14.335297584533691,1.0
CQR-OneSided,0.9,0p9,test,-1452.657470703125,1173.3768310546875,-1437.0,1160.0,20.593591690063477,23.56131362915039,-0.6296977996826172,22.931615829467773,1.0
CQR-OneSided,0.9,0p9,test,-1435.585205078125,1162.6168212890625,-1437.0,1170.0,7.517511367797852,15.996729850769043,-0.6296977996826172,15.367032051086426,1.0
CQR-OneSided,0.9,0p9,test,-1443.38671875,1168.887451171875,-1437.0,1165.0,7.476794242858887,15.16712474822998,-0.6296977996826172,14.537426948547363,1.0
CQR-OneSided,0.9,0p9,test,-1435.3414306640625,1159.3934326171875,-1437.0,1160.0,1.7660057544708252,13.516462326049805,-0.6296977996826172,12.886764526367188,1.0
CQR-OneSided,0.9,0p9,test,-1431.85546875,1159.527099609375,-1437.0,1165.0,7.511247634887695,14.686302185058594,-0.6296977996826172,14.056604385375977,1.0
CQR-OneSided,0.9,0p9,test,-1428.798828125,1157.11865234375,-1437.0,1170.0,15.270505905151367,15.9022798538208,-0.6296977996826172,15.272582054138184,1.0
CQR-OneSided,0.9,0p9,test,-1430.0556640625,1155.125732421875,-1437.0,1160.0,8.484237670898438,19.31226921081543,-0.6296977996826172,18.682571411132812,1.0
CQR-OneSided,0.9,0p9,test,-1427.689453125,1156.2237548828125,-1437.0,1170.0,16.627422332763672,15.968771934509277,-0.6296977996826172,15.33907413482666,0.0
CQR-OneSided,0.9,0p9,test,-1441.02197265625,1163.9815673828125,-1437.0,1160.0,5.659429550170898,12.543449401855469,-0.6296977996826172,11.913751602172852,1.0
CQR-OneSided,0.9,0p9,test,-1445.714111328125,1170.7987060546875,-1437.0,1165.0,10.46712589263916,15.680760383605957,-0.6296977996826172,15.05106258392334,1.0
CQR-OneSided,0.9,0p9,test,-1439.319580078125,1165.6334228515625,-1437.0,1170.0,4.944436073303223,15.894906044006348,-0.6296977996826172,15.26520824432373,1.0
CQR-OneSided,0.9,0p9,test,-1423.0413818359375,1149.463134765625,-1437.0,1160.0,17.489097595214844,29.733489990234375,-0.6296977996826172,29.103792190551758,1.0
CQR-OneSided,0.9,0p9,test,-1416.735107421875,1144.37158203125,-1437.0,1160.0,25.59127426147461,33.43172073364258,-0.6296977996826172,32.802024841308594,1.0
CQR-OneSided,0.9,0p9,test,-1430.2532958984375,1158.2669677734375,-1437.0,1170.0,13.534477233886719,15.384084701538086,-0.6296977996826172,14.754386901855469,1.0
CQR-OneSided,0.9,0p9,test,-1423.1854248046875,1149.57763671875,-1437.0,1160.0,17.305147171020508,24.327600479125977,-0.6296977996826172,23.69790267944336,1.0
CQR-OneSided,0.9,0p9,test,-1426.8231201171875,1155.5118408203125,-1437.0,1170.0,17.705244064331055,15.76037311553955,-0.6296977996826172,15.130675315856934,0.0
CQR-OneSided,0.9,0p9,test,-1428.24169921875,1156.6585693359375,-1437.0,1170.0,15.959373474121094,15.716452598571777,-0.6296977996826172,15.08675479888916,0.0
CQR-OneSided,0.9,0p9,test,-1485.98046875,1200.282958984375,-1437.0,1160.0,63.41769027709961,60.28691482543945,-0.6296977996826172,59.65721893310547,0.0
CQR-OneSided,0.9,0p9,test,-1427.217529296875,1152.8343505859375,-1437.0,1160.0,12.126139640808105,19.281356811523438,-0.6296977996826172,18.65165901184082,1.0
CQR-OneSided,0.9,0p9,test,-1436.1339111328125,1163.059814453125,-1437.0,1170.0,6.994018077850342,15.988432884216309,-0.6296977996826172,15.358735084533691,1.0
CQR-OneSided,0.9,0p9,test,-1441.203857421875,1167.1287841796875,-1437.0,1165.0,4.712126731872559,15.324895858764648,-0.6296977996826172,14.695198059082031,1.0
CQR-OneSided,0.9,0p9,test,-1425.57373046875,1154.4300537109375,-1437.0,1155.0,11.440475463867188,14.478460311889648,-0.6296977996826172,13.848762512207031,1.0
CQR-OneSided,0.9,0p9,test,-1436.555908203125,1163.3458251953125,-1437.0,1165.0,1.712749719619751,14.922362327575684,-0.6296977996826172,14.292664527893066,1.0
CQR-OneSided,0.9,0p9,test,-1434.505126953125,1161.6868896484375,-1437.0,1155.0,7.137148380279541,14.968307495117188,-0.6296977996826172,14.33860969543457,1.0
CQR-OneSided,0.9,0p9,test,-1442.52978515625,1168.29296875,-1437.0,1170.0,5.78726863861084,16.98729133605957,-0.6296977996826172,16.357593536376953,1.0
CQR-OneSided,0.9,0p9,test,-1463.006103515625,1181.7298583984375,-1437.0,1160.0,33.88958740234375,40.98033142089844,-0.6296977996826172,40.35063171386719,1.0
CQR-OneSided,0.9,0p9,test,-1427.611572265625,1156.1514892578125,-1437.0,1165.0,12.901113510131836,15.801297187805176,-0.6296977996826172,15.171599388122559,1.0
CQR-OneSided,0.9,0p9,test,-1427.4036865234375,1155.927978515625,-1437.0,1155.0,9.641077995300293,14.75379467010498,-0.6296977996826172,14.124096870422363,1.0
CQR-OneSided,0.9,0p9,test,-1428.1212158203125,1156.5079345703125,-1437.0,1155.0,9.005924224853516,14.739673614501953,-0.6296977996826172,14.109975814819336,1.0
CQR-OneSided,0.9,0p9,test,-1437.8138427734375,1164.4124755859375,-1437.0,1170.0,5.646482944488525,15.857481956481934,-0.6296977996826172,15.227784156799316,1.0
CQR-OneSided,0.9,0p9,test,-1439.2860107421875,1165.629638671875,-1437.0,1170.0,4.932129859924316,16.332061767578125,-0.6296977996826172,15.702363967895508,1.0
CQR-OneSided,0.9,0p9,test,-1438.49462890625,1161.9400634765625,-1437.0,1160.0,2.449032783508301,12.726324081420898,-0.6296977996826172,12.096626281738281,1.0
CQR-OneSided,0.9,0p9,test,-1437.16943359375,1163.846435546875,-1437.0,1165.0,1.1659411191940308,15.012393951416016,-0.6296977996826172,14.382696151733398,1.0
CQR-OneSided,0.9,0p9,test,-1427.5968017578125,1156.1468505859375,-1437.0,1170.0,16.74305534362793,15.92916202545166,-0.6296977996826172,15.299464225769043,0.0
CQR-OneSided,0.9,0p9,test,-1437.099609375,1163.8489990234375,-1437.0,1170.0,6.1518073081970215,16.11353874206543,-0.6296977996826172,15.483840942382812,1.0
CQR-OneSided,0.9,0p9,test,-1419.23291015625,1146.3887939453125,-1437.0,1160.0,22.38156509399414,35.29193878173828,-0.6296977996826172,34.66223907470703,1.0
CQR-OneSided,0.9,0p9,test,-1436.045654296875,1162.9603271484375,-1437.0,1155.0,8.017330169677734,15.426907539367676,-0.6296977996826172,14.797209739685059,1.0
CQR-OneSided,0.9,0p9,test,-1432.6322021484375,1160.234375,-1437.0,1170.0,10.697901725769043,16.11085319519043,-0.6296977996826172,15.481155395507812,1.0
CQR-OneSided,0.9,0p9,test,-1440.739990234375,1166.7371826171875,-1437.0,1165.0,4.123752117156982,15.055872917175293,-0.6296977996826172,14.426175117492676,1.0
CQR-OneSided,0.9,0p9,test,-1450.3673095703125,1171.5279541015625,-1437.0,1160.0,17.65159034729004,22.03523063659668,-0.6296977996826172,21.405532836914062,1.0
CQR-OneSided,0.9,0p9,test,-1437.512451171875,1164.1258544921875,-1437.0,1165.0,1.0132800340652466,15.031327247619629,-0.6296977996826172,14.401629447937012,1.0
CQR-OneSided,0.9,0p9,test,-1470.5400390625,1187.8131103515625,-1437.0,1160.0,43.57181930541992,50.26282501220703,-0.6296977996826172,49.63312530517578,1.0
CQR-OneSided,0.9,0p9,test,-1344.931640625,1086.4007568359375,-1437.0,1160.0,117.87039947509766,146.84898376464844,-0.6296977996826172,146.2192840576172,1.0
CQR-OneSided,0.9,0p9,test,-1433.462158203125,1160.8489990234375,-1437.0,1165.0,5.4540934562683105,15.047998428344727,-0.6296977996826172,14.41830062866211,1.0
CQR-OneSided,0.9,0p9,test,-1440.5286865234375,1166.628173828125,-1437.0,1170.0,4.880660057067871,16.186006546020508,-0.6296977996826172,15.55630874633789,1.0
CQR-OneSided,0.9,0p9,test,-1440.622802734375,1163.6578369140625,-1437.0,1160.0,5.14824914932251,12.252203941345215,-0.6296977996826172,11.622506141662598,1.0
CQR-OneSided,0.9,0p9,test,-1395.465576171875,1127.1988525390625,-1437.0,1160.0,52.92469787597656,64.38233184814453,-0.6296977996826172,63.75263214111328,1.0
CQR-OneSided,0.9,0p9,test,-1437.5296630859375,1164.145751953125,-1437.0,1155.0,9.161076545715332,15.160065650939941,-0.6296977996826172,14.530367851257324,1.0
CQR-OneSided,0.9,0p9,test,-1433.7880859375,1161.1478271484375,-1437.0,1170.0,9.416865348815918,15.749836921691895,-0.6296977996826172,15.120139122009277,1.0
CQR-OneSided,0.9,0p9,test,-1425.26318359375,1154.1805419921875,-1437.0,1155.0,11.765388488769531,14.490050315856934,-0.6296977996826172,13.860352516174316,1.0
CQR-OneSided,0.9,0p9,test,-1428.35107421875,1156.701904296875,-1437.0,1155.0,8.814783096313477,14.887160301208496,-0.6296977996826172,14.257462501525879,1.0
CQR-OneSided,0.9,0p9,test,-1431.840576171875,1159.5789794921875,-1437.0,1170.0,11.62829875946045,15.879436492919922,-0.6296977996826172,15.249738693237305,1.0
CQR-OneSided,0.9,0p9,test,-1428.981689453125,1157.193603515625,-1437.0,1165.0,11.190760612487793,14.548674583435059,-0.6296977996826172,13.918976783752441,1.0
CQR-OneSided,0.9,0p9,test,-1430.167724609375,1158.15673828125,-1437.0,1155.0,7.5262861251831055,14.61386775970459,-0.6296977996826172,13.984169960021973,1.0
CQR-OneSided,0.9,0p9,test,-1431.539794921875,1159.2967529296875,-1437.0,1155.0,6.948087692260742,15.124220848083496,-0.6296977996826172,14.494523048400879,1.0
CQR-OneSided,0.9,0p9,test,-1434.72802734375,1161.892333984375,-1437.0,1165.0,3.8496036529541016,15.37403392791748,-0.6296977996826172,14.744336128234863,1.0
CQR-OneSided,0.9,0p9,test,-1425.69775390625,1154.5355224609375,-1437.0,1155.0,11.311785697937012,14.545995712280273,-0.6296977996826172,13.916297912597656,1.0
CQR-OneSided,0.9,0p9,test,-1424.3494873046875,1153.4639892578125,-1437.0,1165.0,17.120601654052734,14.862539291381836,-0.6296977996826172,14.232841491699219,0.0
CQR-OneSided,0.9,0p9,test,-1431.5216064453125,1159.267822265625,-1437.0,1155.0,6.944573879241943,14.879195213317871,-0.6296977996826172,14.249497413635254,1.0
CQR-OneSided,0.9,0p9,test,-1440.510498046875,1163.5662841796875,-1437.0,1160.0,5.0041961669921875,13.896709442138672,-0.6296977996826172,13.267011642456055,1.0
CQR-OneSided,0.9,0p9,test,-1435.113525390625,1162.1649169921875,-1437.0,1165.0,3.405360698699951,14.725481986999512,-0.6296977996826172,14.095784187316895,1.0
CQR-OneSided,0.9,0p9,test,-1467.8084716796875,1185.609619140625,-1437.0,1160.0,40.0626335144043,42.4527702331543,-0.6296977996826172,41.82307434082031,1.0
CQR-OneSided,0.9,0p9,test,-1423.309326171875,1152.5909423828125,-1437.0,1155.0,13.90101146697998,14.362494468688965,-0.6296977996826172,13.732796669006348,0.0
CQR-OneSided,0.9,0p9,test,-1428.5069580078125,1156.839599609375,-1437.0,1155.0,8.689987182617188,15.079865455627441,-0.6296977996826172,14.450167655944824,1.0
CQR-OneSided,0.9,0p9,test,-1441.65283203125,1167.4974365234375,-1437.0,1165.0,5.2807230949401855,15.451979637145996,-0.6296977996826172,14.822281837463379,1.0
CQR-OneSided,0.9,0p9,test,-1436.77197265625,1163.5045166015625,-1437.0,1165.0,1.512768030166626,14.66512680053711,-0.6296977996826172,14.035429000854492,1.0
CQR-OneSided,0.9,0p9,test,-1430.21337890625,1158.2647705078125,-1437.0,1170.0,13.556321144104004,15.938163757324219,-0.6296977996826172,15.308465957641602,1.0
CQR-OneSided,0.9,0p9,test,-1427.80810546875,1156.2496337890625,-1437.0,1165.0,12.690935134887695,14.644830703735352,-0.6296977996826172,14.015132904052734,1.0
CQR-OneSided,0.9,0p9,test,-1419.69775390625,1146.7628173828125,-1437.0,1160.0,21.78510284423828,32.28022766113281,-0.6296977996826172,31.650529861450195,1.0
CQR-OneSided,0.9,0p9,test,-1438.74755859375,1165.189208984375,-1437.0,1170.0,5.118366241455078,16.235063552856445,-0.6296977996826172,15.605365753173828,1.0
CQR-OneSided,0.9,0p9,test,-1437.3619384765625,1164.05029296875,-1437.0,1170.0,5.960705757141113,15.91120433807373,-0.6296977996826172,15.281506538391113,1.0
CQR-OneSided,0.9,0p9,test,-1424.80615234375,1150.8883056640625,-1437.0,1160.0,15.222118377685547,25.11040687561035,-0.6296977996826172,24.480709075927734,1.0
CQR-OneSided,0.9,0p9,test,-1428.7325439453125,1156.9993896484375,-1437.0,1155.0,8.505785942077637,14.693513870239258,-0.6296977996826172,14.06381607055664,1.0
CQR-OneSided,0.9,0p9,test,-1439.388427734375,1165.6776123046875,-1437.0,1165.0,2.482689142227173,15.694195747375488,-0.6296977996826172,15.064497947692871,1.0
CQR-OneSided,0.9,0p9,test,-1432.6280517578125,1160.1524658203125,-1437.0,1155.0,6.757354259490967,14.705240249633789,-0.6296977996826172,14.075542449951172,1.0
CQR-OneSided,0.9,0p9,test,-1431.83447265625,1159.5291748046875,-1437.0,1155.0,6.869941711425781,15.041739463806152,-0.6296977996826172,14.412041664123535,1.0
CQR-OneSided,0.9,0p9,test,-1438.907470703125,1165.3172607421875,-1437.0,1165.0,1.933674931526184,16.148759841918945,-0.6296977996826172,15.519062042236328,1.0
CQR-OneSided,0.9,0p9,test,-1427.4515380859375,1156.0343017578125,-1437.0,1170.0,16.917856216430664,16.022098541259766,-0.6296977996826172,15.392400741577148,0.0
CQR-OneSided,0.9,0p9,test,-1428.0025634765625,1156.47265625,-1437.0,1170.0,16.246318817138672,15.851483345031738,-0.6296977996826172,15.221785545349121,0.0
CQR-OneSided,0.9,0p9,test,-1386.9814453125,1120.345458984375,-1437.0,1160.0,63.830543518066406,64.19218444824219,-0.6296977996826172,63.56248474121094,0.0
CQR-OneSided,0.9,0p9,test,-1426.28955078125,1152.085205078125,-1437.0,1160.0,13.317570686340332,23.371858596801758,-0.6296977996826172,22.74216079711914,1.0
CQR-OneSided,0.9,0p9,test,-1441.3447265625,1167.21240234375,-1437.0,1165.0,4.875589370727539,14.794731140136719,-0.6296977996826172,14.165033340454102,1.0
CQR-OneSided,0.9,0p9,test,-1433.1455078125,1157.6224365234375,-1437.0,1160.0,4.528787612915039,22.656768798828125,-0.6296977996826172,22.027070999145508,1.0
CQR-OneSided,0.9,0p9,test,-1427.03955078125,1155.6339111328125,-1437.0,1155.0,9.980600357055664,14.753986358642578,-0.6296977996826172,14.124288558959961,1.0
CQR-OneSided,0.9,0p9,test,-1428.842041015625,1157.1494140625,-1437.0,1170.0,15.22136116027832,15.820674896240234,-0.6296977996826172,15.190977096557617,0.0
CQR-OneSided,0.9,0p9,test,-1434.624755859375,1161.77294921875,-1437.0,1165.0,4.006948947906494,14.761763572692871,-0.6296977996826172,14.132065773010254,1.0
CQR-OneSided,0.9,0p9,test,-1451.8804931640625,1172.7481689453125,-1437.0,1160.0,19.594511032104492,27.633739471435547,-0.6296977996826172,27.00404167175293,1.0
CQR-OneSided,0.9,0p9,test,-1430.675537109375,1158.594970703125,-1437.0,1155.0,7.274795055389404,15.108390808105469,-0.6296977996826172,14.478693008422852,1.0
CQR-OneSided,0.9,0p9,test,-1445.1932373046875,1167.3486328125,-1437.0,1160.0,11.005977630615234,15.648837089538574,-0.6296977996826172,15.019139289855957,1.0
CQR-OneSided,0.9,0p9,test,-1427.9737548828125,1156.4520263671875,-1437.0,1170.0,16.279455184936523,15.933009147644043,-0.6296977996826172,15.303311347961426,0.0
CQR-OneSided,0.9,0p9,test,-1429.098876953125,1157.3448486328125,-1437.0,1170.0,14.919136047363281,15.589926719665527,-0.6296977996826172,14.96022891998291,1.0
CQR-OneSided,0.9,0p9,test,-1440.79248046875,1166.8585205078125,-1437.0,1170.0,4.924611568450928,16.487548828125,-0.6296977996826172,15.857851028442383,1.0
CQR-OneSided,0.9,0p9,test,-1431.1893310546875,1158.993408203125,-1437.0,1165.0,8.357213973999023,14.771116256713867,-0.6296977996826172,14.14141845703125,1.0
CQR-OneSided,0.9,0p9,test,-1425.132080078125,1151.14990234375,-1437.0,1160.0,14.804450035095215,20.274749755859375,-0.6296977996826172,19.645051956176758,1.0
CQR-OneSided,0.9,0p9,test,-1433.3433837890625,1160.7437744140625,-1437.0,1155.0,6.808948993682861,14.910579681396484,-0.6296977996826172,14.280881881713867,1.0
CQR-OneSided,0.9,0p9,test,-1445.752197265625,1167.80224609375,-1437.0,1160.0,11.725016593933105,13.832435607910156,-0.6296977996826172,13.202737808227539,1.0
CQR-OneSided,0.9,0p9,test,-1427.885498046875,1156.3541259765625,-1437.0,1170.0,16.409875869750977,15.438952445983887,-0.6296977996826172,14.80925464630127,0.0
CQR-OneSided,0.9,0p9,test,-1429.74755859375,1157.8338623046875,-1437.0,1155.0,7.786442279815674,14.926957130432129,-0.6296977996826172,14.297259330749512,1.0
CQR-OneSided,0.9,0p9,test,-1429.653076171875,1157.8126220703125,-1437.0,1170.0,14.230582237243652,15.972844123840332,-0.6296977996826172,15.343146324157715,1.0
CQR-OneSided,0.9,0p9,test,-1433.6337890625,1160.9935302734375,-1437.0,1155.0,6.874138355255127,15.16417407989502,-0.6296977996826172,14.534476280212402,1.0
CQR-OneSided,0.9,0p9,test,-1448.6968994140625,1170.1793212890625,-1437.0,1160.0,15.505999565124512,13.118155479431152,-0.6296977996826172,12.488457679748535,0.0
CQR-OneSided,0.9,0p9,test,-1438.122314453125,1164.645751953125,-1437.0,1165.0,1.1768947839736938,15.521490097045898,-0.6296977996826172,14.891792297363281,1.0
CQR-OneSided,0.9,0p9,test,-1436.1761474609375,1163.022216796875,-1437.0,1165.0,2.142512321472168,14.689329147338867,-0.6296977996826172,14.05963134765625,1.0
CQR-OneSided,0.9,0p9,test,-1443.937255859375,1169.408447265625,-1437.0,1170.0,6.96243143081665,16.567556381225586,-0.6296977996826172,15.937858581542969,1.0
CQR-OneSided,0.9,0p9,test,-1431.9150390625,1156.6263427734375,-1437.0,1160.0,6.102326393127441,13.912550926208496,-0.6296977996826172,13.282853126525879,1.0
CQR-OneSided,0.9,0p9,test,-1362.43408203125,1100.5294189453125,-1437.0,1160.0,95.37728118896484,111.21900177001953,-0.6296977996826172,110.58930206298828,1.0
CQR-OneSided,0.9,0p9,test,-1434.5684814453125,1161.7586669921875,-1437.0,1170.0,8.592546463012695,15.374119758605957,-0.6296977996826172,14.74442195892334,1.0
CQR-OneSided,0.9,0p9,test,-1428.111083984375,1156.4976806640625,-1437.0,1155.0,9.014204025268555,14.700560569763184,-0.6296977996826172,14.070862770080566,1.0
CQR-OneSided,0.9,0p9,test,-1437.215576171875,1163.939453125,-1437.0,1170.0,6.064379692077637,16.053146362304688,-0.6296977996826172,15.42344856262207,1.0
CQR-OneSided,0.9,0p9,test,-1434.533447265625,1161.7008056640625,-1437.0,1165.0,4.119292259216309,14.803011894226074,-0.6296977996826172,14.173314094543457,1.0
CQR-OneSided,0.9,0p9,test,-1432.844970703125,1160.3284912109375,-1437.0,1155.0,6.757002830505371,14.701216697692871,-0.6296977996826172,14.071518898010254,1.0
CQR-OneSided,0.9,0p9,test,-1438.0982666015625,1164.684326171875,-1437.0,1170.0,5.427944183349609,16.599699020385742,-0.6296977996826172,15.970001220703125,1.0
CQR-OneSided,0.9,0p9,test,-1426.330810546875,1155.07861328125,-1437.0,1165.0,14.569334983825684,15.061480522155762,-0.6296977996826172,14.431782722473145,0.0
CQR-OneSided,0.9,0p9,test,-1431.4713134765625,1159.2760009765625,-1437.0,1170.0,12.065260887145996,15.797764778137207,-0.6296977996826172,15.16806697845459,1.0
CQR-OneSided,0.9,0p9,test,-1435.71923828125,1162.681640625,-1437.0,1155.0,7.787679672241211,15.177580833435059,-0.6296977996826172,14.547883033752441,1.0
CQR-OneSided,0.9,0p9,test,-1423.97314453125,1153.1634521484375,-1437.0,1165.0,17.60121726989746,14.92862606048584,-0.6296977996826172,14.298928260803223,0.0
CQR-OneSided,0.9,0p9,test,-1432.342041015625,1156.9727783203125,-1437.0,1160.0,5.555236339569092,24.30727195739746,-0.6296977996826172,23.677574157714844,1.0
CQR-OneSided,0.9,0p9,test,-1383.885498046875,1117.8455810546875,-1437.0,1160.0,67.80962371826172,67.87764739990234,-0.6296977996826172,67.2479476928711,0.0
CQR-OneSided,0.9,0p9,test,-1429.91845703125,1158.0352783203125,-1437.0,1170.0,13.903338432312012,16.080934524536133,-0.6296977996826172,15.451236724853516,1.0
CQR-OneSided,0.9,0p9,test,-1446.7392578125,1168.5982666015625,-1437.0,1160.0,12.991663932800293,16.896509170532227,-0.6296977996826172,16.26681137084961,1.0
CQR-OneSided,0.9,0p9,test,-1426.530029296875,1152.2825927734375,-1437.0,1160.0,13.006869316101074,32.56025314331055,-0.6296977996826172,31.93055534362793,1.0
CQR-OneSided,0.9,0p9,test,-1436.9375,1163.7130126953125,-1437.0,1170.0,6.287298202514648,16.030925750732422,-0.6296977996826172,15.401227951049805,1.0
CQR-OneSided,0.9,0p9,test,-1435.245361328125,1159.316162109375,-1437.0,1160.0,1.8831863403320312,12.812019348144531,-0.6296977996826172,12.182321548461914,1.0
CQR-OneSided,0.9,0p9,test,-1431.794921875,1159.4962158203125,-1437.0,1155.0,6.878139019012451,15.030352592468262,-0.6296977996826172,14.400654792785645,1.0
CQR-OneSided,0.9,0p9,test,-1403.1171875,1133.3782958984375,-1437.0,1160.0,43.09013748168945,51.07211685180664,-0.6296977996826172,50.442420959472656,1.0
CQR-OneSided,0.9,0p9,test,-1437.886474609375,1164.409912109375,-1437.0,1165.0,1.0649136304855347,14.726184844970703,-0.6296977996826172,14.096487045288086,1.0
CQR-OneSided,0.9,0p9,test,-1427.050048828125,1155.6900634765625,-1437.0,1170.0,17.42916488647461,15.67290210723877,-0.6296977996826172,15.043204307556152,0.0
CQR-OneSided,0.9,0p9,test,-1448.57080078125,1170.0765380859375,-1437.0,1160.0,15.343404769897461,17.32084083557129,-0.6296977996826172,16.691143035888672,1.0
CQR-OneSided,0.9,0p9,test,-1432.823486328125,1160.3660888671875,-1437.0,1170.0,10.500262260437012,15.74424934387207,-0.6296977996826172,15.114551544189453,1.0
CQR-OneSided,0.9,0p9,test,-1432.67431640625,1160.1724853515625,-1437.0,1165.0,6.482008457183838,14.411408424377441,-0.6296977996826172,13.781710624694824,1.0
CQR-OneSided,0.9,0p9,test,-1432.814697265625,1160.3070068359375,-1437.0,1155.0,6.758778095245361,14.77403736114502,-0.6296977996826172,14.144339561462402,1.0
CQR-OneSided,0.9,0p9,test,-1432.83642578125,1157.3748779296875,-1437.0,1160.0,4.922053813934326,22.689233779907227,-0.6296977996826172,22.05953598022461,1.0
CQR-OneSided,0.9,0p9,test,-1432.609619140625,1160.1466064453125,-1437.0,1155.0,6.764835357666016,14.852021217346191,-0.6296977996826172,14.222323417663574,1.0
CQR-OneSided,0.9,0p9,test,-1378.888916015625,1113.8121337890625,-1437.0,1160.0,74.2308349609375,75.44491577148438,-0.6296977996826172,74.81521606445312,1.0
CQR-OneSided,0.9,0p9,test,-1429.2879638671875,1157.5279541015625,-1437.0,1170.0,14.663813591003418,16.137855529785156,-0.6296977996826172,15.508157730102539,1.0
CQR-OneSided,0.9,0p9,test,-1410.409912109375,1139.2640380859375,-1437.0,1160.0,33.71962356567383,41.46510696411133,-0.6296977996826172,40.835411071777344,1.0
CQR-OneSided,0.9,0p9,test,-1443.9866943359375,1169.419677734375,-1437.0,1170.0,7.010753631591797,16.039274215698242,-0.6296977996826172,15.409576416015625,1.0
CQR-OneSided,0.9,0p9,test,-1429.7099609375,1154.8470458984375,-1437.0,1160.0,8.927350997924805,17.41796875,-0.6296977996826172,16.788270950317383,1.0
CQR-OneSided,0.9,0p9,test,-1442.106689453125,1167.9232177734375,-1437.0,1170.0,5.51283073425293,16.493051528930664,-0.6296977996826172,15.863353729248047,1.0
CQR-OneSided,0.9,0p9,test,-1438.400146484375,1164.8541259765625,-1437.0,1165.0,1.4077248573303223,15.222034454345703,-0.6296977996826172,14.592336654663086,1.0
CQR-OneSided,0.9,0p9,test,-1362.34619140625,1100.456787109375,-1437.0,1160.0,95.49127960205078,107.24642944335938,-0.6296977996826172,106.61672973632812,1.0
CQR-OneSided,0.9,0p9,test,-1441.84765625,1164.6484375,-1437.0,1160.0,6.7162299156188965,12.359119415283203,-0.6296977996826172,11.729421615600586,1.0
CQR-OneSided,0.9,0p9,test,-1442.915771484375,1168.502197265625,-1437.0,1165.0,6.8747172355651855,15.10494613647461,-0.6296977996826172,14.475248336791992,1.0
CQR-OneSided,0.9,0p9,test,-1422.5556640625,1152.010986328125,-1437.0,1155.0,14.750357627868652,14.864350318908691,-0.6296977996826172,14.234652519226074,0.0
CQR-OneSided,0.9,0p9,test,-1439.0408935546875,1162.38232421875,-1437.0,1160.0,3.136991500854492,13.703011512756348,-0.6296977996826172,13.07331371307373,1.0
CQR-OneSided,0.9,0p9,test,-1435.22216796875,1162.2952880859375,-1437.0,1170.0,7.907166004180908,15.492901802062988,-0.6296977996826172,14.863204002380371,1.0
CQR-OneSided,0.9,0p9,test,-1426.783203125,1155.4805908203125,-1437.0,1170.0,17.753765106201172,15.76806926727295,-0.6296977996826172,15.138371467590332,0.0
CQR-OneSided,0.9,0p9,test,-1433.92919921875,1161.2130126953125,-1437.0,1165.0,4.875560760498047,14.799345970153809,-0.6296977996826172,14.169648170471191,1.0
CQR-OneSided,0.9,0p9,test,-1421.6033935546875,1148.3023681640625,-1437.0,1160.0,19.33623695373535,35.31660079956055,-0.6296977996826172,34.68690490722656,1.0
CQR-OneSided,0.9,0p9,test,-1429.871337890625,1157.997802734375,-1437.0,1170.0,13.959604263305664,16.101778030395508,-0.6296977996826172,15.47208023071289,1.0
CQR-OneSided,0.9,0p9,test,-1431.5068359375,1159.30712890625,-1437.0,1170.0,12.021328926086426,15.855923652648926,-0.6296977996826172,15.226225852966309,1.0
CQR-OneSided,0.9,0p9,test,-1440.8740234375,1166.8814697265625,-1437.0,1165.0,4.306736946105957,15.705156326293945,-0.6296977996826172,15.075458526611328,1.0
CQR-OneSided,0.9,0p9,test,-1431.16943359375,1158.984619140625,-1437.0,1155.0,7.062060356140137,14.918657302856445,-0.6296977996826172,14.288959503173828,1.0
CQR-OneSided,0.9,0p9,test,-1426.685302734375,1155.3782958984375,-1437.0,1165.0,14.10567855834961,15.332289695739746,-0.6296977996826172,14.702591896057129,1.0
CQR-OneSided,0.9,0p9,test,-1424.56787109375,1150.6947021484375,-1437.0,1160.0,15.528888702392578,24.148706436157227,-0.6296977996826172,23.51900863647461,1.0
CQR-OneSided,0.9,0p9,test,-1422.408203125,1148.9512939453125,-1437.0,1160.0,18.302852630615234,27.41176414489746,-0.6296977996826172,26.782066345214844,1.0
CQR-OneSided,0.9,0p9,test,-1438.5928955078125,1165.01806640625,-1437.0,1165.0,1.5929979085922241,15.361433982849121,-0.6296977996826172,14.731736183166504,1.0
CQR-OneSided,0.9,0p9,test,-1437.788330078125,1164.4071044921875,-1437.0,1165.0,0.9864022135734558,16.084409713745117,-0.6296977996826172,15.4547119140625,1.0
CQR-OneSided,0.9,0p9,test,-1435.68408203125,1162.69921875,-1437.0,1170.0,7.418426036834717,16.04889488220215,-0.6296977996826172,15.419197082519531,1.0
CQR-OneSided,0.9,0p9,test,-1428.7032470703125,1156.9989013671875,-1437.0,1165.0,11.526217460632324,15.073576927185059,-0.6296977996826172,14.443879127502441,1.0
CQR-OneSided,0.9,0p9,test,-1439.2403564453125,1165.5770263671875,-1437.0,1170.0,4.95801305770874,16.02206039428711,-0.6296977996826172,15.392362594604492,1.0
CQR-OneSided,0.9,0p9,test,-1440.3455810546875,1163.4349365234375,-1437.0,1160.0,4.794966220855713,12.277289390563965,-0.6296977996826172,11.647591590881348,1.0
CQR-OneSided,0.9,0p9,test,-1439.52001953125,1165.7904052734375,-1437.0,1165.0,2.6410677433013916,15.789326667785645,-0.6296977996826172,15.159628868103027,1.0
CQR-OneSided,0.9,0p9,test,-1427.815185546875,1156.3248291015625,-1437.0,1170.0,16.473346710205078,15.929560661315918,-0.6296977996826172,15.2998628616333,0.0
CQR-OneSided,0.9,0p9,test,-1433.730224609375,1158.093994140625,-1437.0,1160.0,3.7847442626953125,14.685715675354004,-0.6296977996826172,14.056017875671387,1.0
CQR-OneSided,0.9,0p9,test,-1426.7608642578125,1155.4158935546875,-1437.0,1155.0,10.247578620910645,14.898018836975098,-0.6296977996826172,14.26832103729248,1.0
CQR-OneSided,0.9,0p9,test,-1431.778564453125,1159.5211181640625,-1437.0,1165.0,7.568456649780273,15.634831428527832,-0.6296977996826172,15.005133628845215,1.0
CQR-OneSided,0.9,0p9,test,-1432.0699462890625,1159.7080078125,-1437.0,1155.0,6.816946983337402,14.81806755065918,-0.6296977996826172,14.188369750976562,1.0
CQR-OneSided,0.9,0p9,test,-1436.187255859375,1163.072021484375,-1437.0,1165.0,2.0922844409942627,15.367246627807617,-0.6296977996826172,14.737548828125,1.0
CQR-OneSided,0.9,0p9,test,-1433.606689453125,1160.9381103515625,-1437.0,1155.0,6.839277267456055,14.60321044921875,-0.6296977996826172,13.973512649536133,1.0
CQR-OneSided,0.9,0p9,test,-1438.8231201171875,1165.1932373046875,-1437.0,1165.0,1.8333324193954468,15.192633628845215,-0.6296977996826172,14.562935829162598,1.0
CQR-OneSided,0.9,0p9,test,-1453.3052978515625,1173.8973388671875,-1437.0,1160.0,21.424257278442383,29.52762794494629,-0.6296977996826172,28.897930145263672,1.0
CQR-OneSided,0.9,0p9,test,-1433.928466796875,1161.1907958984375,-1437.0,1165.0,4.893296718597412,14.456783294677734,-0.6296977996826172,13.827085494995117,1.0
CQR-OneSided,0.9,0p9,test,-1441.71337890625,1167.6014404296875,-1437.0,1170.0,5.288575172424316,16.456836700439453,-0.6296977996826172,15.827138900756836,1.0
CQR-OneSided,0.9,0p9,test,-1437.623291015625,1164.2789306640625,-1437.0,1170.0,5.754921913146973,16.2338809967041,-0.6296977996826172,15.604183197021484,1.0
CQR-OneSided,0.9,0p9,test,-1430.9718017578125,1158.8123779296875,-1437.0,1155.0,7.132558822631836,14.709237098693848,-0.6296977996826172,14.07953929901123,1.0
CQR-OneSided,0.9,0p9,test,-1430.615234375,1158.51611328125,-1437.0,1165.0,9.099781036376953,14.559915542602539,-0.6296977996826172,13.930217742919922,1.0
CQR-OneSided,0.9,0p9,test,-1431.7115478515625,1159.4622802734375,-1437.0,1155.0,6.919513702392578,15.636174201965332,-0.6296977996826172,15.006476402282715,1.0
CQR-OneSided,0.9,0p9,test,-1425.52734375,1154.3978271484375,-1437.0,1155.0,11.488448143005371,14.564102172851562,-0.6296977996826172,13.934404373168945,1.0
CQR-OneSided,0.9,0p9,test,-1445.263671875,1170.415771484375,-1437.0,1165.0,9.88022518157959,15.360105514526367,-0.6296977996826172,14.73040771484375,1.0
CQR-OneSided,0.9,0p9,test,-1433.241943359375,1160.663818359375,-1437.0,1165.0,5.738070964813232,14.920257568359375,-0.6296977996826172,14.290559768676758,1.0
CQR-OneSided,0.9,0p9,test,-1428.31591796875,1153.7232666015625,-1437.0,1160.0,10.714974403381348,23.4837703704834,-0.6296977996826172,22.85407257080078,1.0
CQR-OneSided,0.9,0p9,test,-1428.8251953125,1154.1326904296875,-1437.0,1160.0,10.062442779541016,22.156614303588867,-0.6296977996826172,21.52691650390625,1.0
CQR-OneSided,0.9,0p9,test,-1431.173095703125,1158.9842529296875,-1437.0,1155.0,7.058830261230469,14.851943969726562,-0.6296977996826172,14.222246170043945,1.0
CQR-OneSided,0.9,0p9,test,-1347.813232421875,1088.730224609375,-1437.0,1160.0,114.16505432128906,142.0217742919922,-0.6296977996826172,141.39207458496094,1.0
CQR-OneSided,0.9,0p9,test,-1426.834716796875,1155.4786376953125,-1437.0,1155.0,10.176545143127441,14.962346076965332,-0.6296977996826172,14.332648277282715,1.0
CQR-OneSided,0.9,0p9,test,-1429.3165283203125,1157.47265625,-1437.0,1155.0,8.071540832519531,14.70149040222168,-0.6296977996826172,14.071792602539062,1.0
CQR-OneSided,0.9,0p9,test,-1436.494384765625,1163.3319091796875,-1437.0,1170.0,6.687232971191406,15.63149356842041,-0.6296977996826172,15.001795768737793,1.0
CQR-OneSided,0.9,0p9,test,-1428.8758544921875,1157.0909423828125,-1437.0,1165.0,11.33820629119873,14.294288635253906,-0.6296977996826172,13.664590835571289,1.0
CQR-OneSided,0.9,0p9,test,-1429.6011962890625,1157.7127685546875,-1437.0,1155.0,7.8804450035095215,14.86522102355957,-0.6296977996826172,14.235523223876953,1.0
CQR-OneSided,0.9,0p9,test,-1443.04052734375,1168.6458740234375,-1437.0,1170.0,6.190446376800537,15.91300106048584,-0.6296977996826172,15.283303260803223,1.0
CQR-OneSided,0.9,0p9,test,-1436.3204345703125,1163.1678466796875,-1437.0,1165.0,1.954122543334961,15.149165153503418,-0.6296977996826172,14.5194673538208,1.0
CQR-OneSided,0.9,0p9,test,-1436.89501953125,1163.6925048828125,-1437.0,1170.0,6.308368682861328,16.276121139526367,-0.6296977996826172,15.64642333984375,1.0
CQR-OneSided,0.9,0p9,test,-1432.068115234375,1159.6959228515625,-1437.0,1155.0,6.809932231903076,14.647541046142578,-0.6296977996826172,14.017843246459961,1.0
CQR-OneSided,0.9,0p9,test,-1423.690673828125,1149.9862060546875,-1437.0,1160.0,16.655757904052734,25.57021141052246,-0.6296977996826172,24.940513610839844,1.0
CQR-OneSided,0.9,0p9,test,-1439.5843505859375,1165.8135986328125,-1437.0,1165.0,2.70939302444458,15.231478691101074,-0.6296977996826172,14.601780891418457,1.0
CQR-OneSided,0.9,0p9,test,-1427.9033203125,1156.3262939453125,-1437.0,1155.0,9.19285774230957,14.637361526489258,-0.6296977996826172,14.00766372680664,1.0
CQR-OneSided,0.9,0p9,test,-1416.4337158203125,1144.1273193359375,-1437.0,1160.0,25.979108810424805,37.84002685546875,-0.6296977996826172,37.2103271484375,1.0
CQR-OneSided,0.9,0p9,test,-1434.8712158203125,1161.9813232421875,-1437.0,1155.0,7.298670768737793,14.923340797424316,-0.6296977996826172,14.2936429977417,1.0
CQR-OneSided,0.9,0p9,test,-1431.369873046875,1159.2098388671875,-1437.0,1155.0,7.030012607574463,16.02385139465332,-0.6296977996826172,15.394153594970703,1.0
CQR-OneSided,0.9,0p9,test,-1443.2037353515625,1168.71142578125,-1437.0,1165.0,7.229177951812744,14.70604419708252,-0.6296977996826172,14.076346397399902,1.0
CQR-OneSided,0.9,0p9,test,-1437.50439453125,1164.13232421875,-1437.0,1165.0,1.0036309957504272,15.271851539611816,-0.6296977996826172,14.6421537399292,1.0
CQR-OneSided,0.9,0p9,test,-1425.998046875,1154.8212890625,-1437.0,1165.0,14.988299369812012,15.310405731201172,-0.6296977996826172,14.680707931518555,0.0
CQR-OneSided,0.9,0p9,test,-1431.4195556640625,1159.216064453125,-1437.0,1170.0,12.142266273498535,15.472615242004395,-0.6296977996826172,14.842917442321777,1.0
CQR-OneSided,0.9,0p9,test,-1434.50244140625,1161.6650390625,-1437.0,1155.0,7.117622375488281,14.63573932647705,-0.6296977996826172,14.006041526794434,1.0
CQR-OneSided,0.9,0p9,test,-1438.24609375,1164.7247314453125,-1437.0,1165.0,1.2761356830596924,15.119287490844727,-0.6296977996826172,14.48958969116211,1.0
CQR-OneSided,0.9,0p9,test,-1434.267578125,1161.49560546875,-1437.0,1165.0,4.44374942779541,14.974181175231934,-0.6296977996826172,14.344483375549316,1.0
CQR-OneSided,0.9,0p9,test,-1441.7060546875,1164.5333251953125,-1437.0,1160.0,6.534369468688965,14.192899703979492,-0.6296977996826172,13.563201904296875,1.0
CQR-OneSided,0.9,0p9,test,-1417.802490234375,1145.2349853515625,-1437.0,1160.0,24.218795776367188,39.7008171081543,-0.6296977996826172,39.07112121582031,1.0
CQR-OneSided,0.9,0p9,test,-1429.266845703125,1157.4537353515625,-1437.0,1155.0,8.113106727600098,15.0766019821167,-0.6296977996826172,14.446904182434082,1.0
CQR-OneSided,0.9,0p9,test,-1424.8753662109375,1153.8887939453125,-1437.0,1155.0,12.175447463989258,14.874909400939941,-0.6296977996826172,14.245211601257324,1.0
CQR-OneSided,0.9,0p9,test,-1436.421142578125,1160.2664794921875,-1437.0,1160.0,0.6372497081756592,14.402480125427246,-0.6296977996826172,13.772782325744629,1.0
CQR-OneSided,0.9,0p9,test,-1432.2093505859375,1159.8250732421875,-1437.0,1155.0,6.799386024475098,14.885810852050781,-0.6296977996826172,14.256113052368164,1.0
CQR-OneSided,0.9,0p9,test,-1428.4482421875,1156.8397216796875,-1437.0,1170.0,15.6947603225708,15.989720344543457,-0.6296977996826172,15.36002254486084,0.0
CQR-OneSided,0.9,0p9,test,-1434.64404296875,1161.7982177734375,-1437.0,1155.0,7.19488000869751,14.949131965637207,-0.6296977996826172,14.31943416595459,1.0
CQR-OneSided,0.9,0p9,test,-1441.609375,1167.4541015625,-1437.0,1165.0,5.221968173980713,15.293891906738281,-0.6296977996826172,14.664194107055664,1.0
CQR-OneSided,0.9,0p9,test,-1446.1832275390625,1171.1475830078125,-1437.0,1165.0,11.050992965698242,15.126500129699707,-0.6296977996826172,14.49680233001709,1.0
CQR-OneSided,0.9,0p9,test,-1428.5819091796875,1156.9498291015625,-1437.0,1170.0,15.529687881469727,16.029523849487305,-0.6296977996826172,15.399826049804688,0.0
CQR-OneSided,0.9,0p9,test,-1432.401611328125,1159.956298828125,-1437.0,1155.0,6.760922908782959,14.493680953979492,-0.6296977996826172,13.863983154296875,1.0
CQR-OneSided,0.9,0p9,test,-1427.979736328125,1156.4527587890625,-1437.0,1170.0,16.275529861450195,15.850886344909668,-0.6296977996826172,15.22118854522705,0.0
CQR-OneSided,0.9,0p9,test,-1430.3133544921875,1158.2947998046875,-1437.0,1155.0,7.4543232917785645,14.99685287475586,-0.6296977996826172,14.367155075073242,1.0
CQR-OneSided,0.9,0p9,test,-1430.2984619140625,1158.330322265625,-1437.0,1165.0,9.454904556274414,15.774700164794922,-0.6296977996826172,15.145002365112305,1.0
CQR-OneSided,0.9,0p9,test,-1430.60400390625,1158.5206298828125,-1437.0,1165.0,9.104450225830078,14.78327751159668,-0.6296977996826172,14.153579711914062,1.0
CQR-OneSided,0.9,0p9,test,-1437.6883544921875,1164.2662353515625,-1437.0,1165.0,1.0061025619506836,14.991159439086914,-0.6296977996826172,14.361461639404297,1.0
CQR-OneSided,0.9,0p9,test,-1438.834716796875,1165.2791748046875,-1437.0,1170.0,5.064817428588867,16.592323303222656,-0.6296977996826172,15.962625503540039,1.0
CQR-OneSided,0.9,0p9,test,-1429.521728515625,1157.6290283203125,-1437.0,1155.0,7.926937103271484,14.532644271850586,-0.6296977996826172,13.902946472167969,1.0
CQR-OneSided,0.9,0p9,test,-1435.3291015625,1159.3836669921875,-1437.0,1160.0,1.7809457778930664,13.458755493164062,-0.6296977996826172,12.829057693481445,1.0
CQR-OneSided,0.9,0p9,test,-1419.119873046875,1146.2960205078125,-1437.0,1160.0,22.5277156829834,30.220937728881836,-0.6296977996826172,29.59123992919922,1.0
CQR-OneSided,0.9,0p9,test,-1428.401123046875,1156.7611083984375,-1437.0,1170.0,15.786352157592773,15.253579139709473,-0.6296977996826172,14.623881340026855,0.0
CQR-OneSided,0.9,0p9,test,-1431.7117919921875,1159.4034423828125,-1437.0,1155.0,6.881529331207275,14.575321197509766,-0.6296977996826172,13.945623397827148,1.0
CQR-OneSided,0.9,0p9,test,-1442.40673828125,1168.0965576171875,-1437.0,1165.0,6.23068904876709,15.248868942260742,-0.6296977996826172,14.619171142578125,1.0
CQR-OneSided,0.9,0p9,test,-1433.1790771484375,1160.6116943359375,-1437.0,1155.0,6.789003372192383,14.91770076751709,-0.6296977996826172,14.288002967834473,1.0
CQR-OneSided,0.9,0p9,test,-1446.680419921875,1168.5499267578125,-1437.0,1160.0,12.915563583374023,17.193517684936523,-0.6296977996826172,16.563819885253906,1.0
CQR-OneSided,0.9,0p9,test,-1435.039794921875,1162.1187744140625,-1437.0,1165.0,3.48480486869812,14.936469078063965,-0.6296977996826172,14.306771278381348,1.0
CQR-OneSided,0.9,0p9,test,-1438.7904052734375,1165.220947265625,-1437.0,1170.0,5.103420257568359,16.192670822143555,-0.6296977996826172,15.562973022460938,1.0
CQR-OneSided,0.9,0p9,test,-1425.387451171875,1151.3553466796875,-1437.0,1160.0,14.476923942565918,16.1276798248291,-0.6296977996826172,15.497982025146484,1.0
CQR-OneSided,0.9,0p9,test,-1440.8466796875,1166.8348388671875,-1437.0,1165.0,4.261875152587891,15.24156665802002,-0.6296977996826172,14.611868858337402,1.0
CQR-OneSided,0.9,0p9,test,-1434.8758544921875,1162.0057373046875,-1437.0,1165.0,3.6711857318878174,15.291029930114746,-0.6296977996826172,14.661332130432129,1.0
CQR-OneSided,0.9,0p9,test,-1425.601806640625,1151.529541015625,-1437.0,1160.0,14.200967788696289,21.209999084472656,-0.6296977996826172,20.58030128479004,1.0
CQR-OneSided,0.9,0p9,test,-1428.1993408203125,1156.6307373046875,-1437.0,1170.0,16.005897521972656,15.851449012756348,-0.6296977996826172,15.22175121307373,0.0
CQR-OneSided,0.9,0p9,test,-1430.34228515625,1158.2823486328125,-1437.0,1165.0,9.457907676696777,14.34575080871582,-0.6296977996826172,13.716053009033203,1.0
CQR-OneSided,0.9,0p9,test,-1429.306640625,1157.4478759765625,-1437.0,1155.0,8.073405265808105,14.419570922851562,-0.6296977996826172,13.789873123168945,1.0
CQR-OneSided,0.9,0p9,test,-1430.504638671875,1158.4466552734375,-1437.0,1155.0,7.353172779083252,14.907010078430176,-0.6296977996826172,14.277312278747559,1.0
CQR-OneSided,0.9,0p9,test,-1428.742919921875,1154.066162109375,-1437.0,1160.0,10.16807746887207,21.798580169677734,-0.6296977996826172,21.168882369995117,1.0
CQR-OneSided,0.9,0p9,test,-1428.4202880859375,1156.79736328125,-1437.0,1170.0,15.74551010131836,15.625964164733887,-0.6296977996826172,14.99626636505127,0.0
CQR-OneSided,0.9,0p9,test,-1400.104736328125,1130.94189453125,-1437.0,1160.0,46.96417999267578,51.88847732543945,-0.6296977996826172,51.25878143310547,1.0
CQR-OneSided,0.9,0p9,test,-1439.31396484375,1165.65234375,-1437.0,1170.0,4.925093650817871,16.33503532409668,-0.6296977996826172,15.705337524414062,1.0
CQR-OneSided,0.9,0p9,test,-1430.685791015625,1158.6383056640625,-1437.0,1170.0,12.998358726501465,15.740840911865234,-0.6296977996826172,15.111143112182617,1.0
CQR-OneSided,0.9,0p9,test,-1430.727294921875,1158.60986328125,-1437.0,1165.0,8.954366683959961,14.621644973754883,-0.6296977996826172,13.991947174072266,1.0
CQR-OneSided,0.9,0p9,test,-1383.537353515625,1117.5648193359375,-1437.0,1160.0,68.2568588256836,67.5727310180664,-0.6296977996826172,66.94303131103516,0.0
CQR-OneSided,0.9,0p9,test,-1439.7509765625,1165.9464111328125,-1437.0,1165.0,2.9092209339141846,15.177046775817871,-0.6296977996826172,14.547348976135254,1.0
CQR-OneSided,0.9,0p9,test,-1433.137939453125,1160.5836181640625,-1437.0,1155.0,6.789131164550781,15.016213417053223,-0.6296977996826172,14.386515617370605,1.0
CQR-OneSided,0.9,0p9,test,-1441.2666015625,1164.1798095703125,-1437.0,1160.0,5.972829818725586,12.22321891784668,-0.6296977996826172,11.593521118164062,1.0
CQR-OneSided,0.9,0p9,test,-1440.7674560546875,1166.7435302734375,-1437.0,1165.0,4.151340007781982,14.7584810256958,-0.6296977996826172,14.128783226013184,1.0
CQR-OneSided,0.9,0p9,test,-1425.214111328125,1154.1549072265625,-1437.0,1155.0,11.816147804260254,14.737092971801758,-0.6296977996826172,14.10739517211914,1.0
CQR-OneSided,0.9,0p9,test,-1435.210693359375,1162.3282470703125,-1437.0,1170.0,7.877652645111084,16.271886825561523,-0.6296977996826172,15.642189025878906,1.0
CQR-OneSided,0.9,0p9,test,-1431.1519775390625,1158.9925537109375,-1437.0,1170.0,12.464478492736816,15.341286659240723,-0.6296977996826172,14.711588859558105,1.0
CQR-OneSided,0.9,0p9,test,-1441.388671875,1164.2750244140625,-1437.0,1160.0,6.126685619354248,14.186906814575195,-0.6296977996826172,13.557209014892578,1.0
CQR-OneSided,0.9,0p9,test,-1428.76123046875,1157.0377197265625,-1437.0,1155.0,8.487027168273926,14.950092315673828,-0.6296977996826172,14.320394515991211,1.0
CQR-OneSided,0.9,0p9,test,-1427.758056640625,1156.2626953125,-1437.0,1170.0,16.55678367614746,15.650882720947266,-0.6296977996826172,15.021184921264648,0.0
CQR-OneSided,0.9,0p9,test,-1430.987548828125,1158.8868408203125,-1437.0,1170.0,12.635342597961426,15.843663215637207,-0.6296977996826172,15.21396541595459,1.0
CQR-OneSided,0.9,0p9,test,-1444.390380859375,1169.7135009765625,-1437.0,1165.0,8.765547752380371,15.41330337524414,-0.6296977996826172,14.783605575561523,1.0
CQR-OneSided,0.9,0p9,test,-1441.957763671875,1167.841796875,-1437.0,1170.0,5.407148838043213,17.21489143371582,-0.6296977996826172,16.585193634033203,1.0
CQR-OneSided,0.9,0p9,test,-1434.376953125,1161.5654296875,-1437.0,1155.0,7.070024013519287,14.659255027770996,-0.6296977996826172,14.029557228088379,1.0
CQR-OneSided,0.9,0p9,test,-1392.060546875,1124.4451904296875,-1437.0,1160.0,57.30356979370117,59.81673812866211,-0.6296977996826172,59.187042236328125,1.0
CQR-OneSided,0.9,0p9,test,-1440.703857421875,1166.763671875,-1437.0,1165.0,4.102328300476074,16.04254722595215,-0.6296977996826172,15.412849426269531,1.0
CQR-OneSided,0.9,0p9,test,-1435.7218017578125,1162.6990966796875,-1437.0,1170.0,7.411948204040527,15.496445655822754,-0.6296977996826172,14.866747856140137,1.0
CQR-OneSided,0.9,0p9,test,-1431.5889892578125,1159.314697265625,-1437.0,1165.0,7.84867525100708,14.746484756469727,-0.6296977996826172,14.11678695678711,1.0
CQR-OneSided,0.9,0p9,test,-1434.0634765625,1161.3631591796875,-1437.0,1170.0,9.122400283813477,15.605653762817383,-0.6296977996826172,14.975955963134766,1.0
CQR-OneSided,0.9,0p9,test,-1439.0638427734375,1165.3763427734375,-1437.0,1165.0,2.0978753566741943,14.931924819946289,-0.6296977996826172,14.302227020263672,1.0
CQR-OneSided,0.9,0p9,test,-1444.12646484375,1169.4764404296875,-1437.0,1165.0,8.415760040283203,15.000433921813965,-0.6296977996826172,14.370736122131348,1.0
CQR-OneSided,0.9,0p9,test,-1424.080810546875,1150.3033447265625,-1437.0,1160.0,16.153345108032227,26.859939575195312,-0.6296977996826172,26.230241775512695,1.0
CQR-OneSided,0.9,0p9,test,-1435.2197265625,1162.2298583984375,-1437.0,1165.0,3.292879819869995,14.37519645690918,-0.6296977996826172,13.745498657226562,1.0
CQR-OneSided,0.9,0p9,test,-1416.950439453125,1144.5452880859375,-1437.0,1160.0,25.314680099487305,32.42068862915039,-0.6296977996826172,31.790990829467773,1.0
CQR-OneSided,0.9,0p9,test,-1430.118896484375,1158.164794921875,-1437.0,1170.0,13.690202713012695,15.49472427368164,-0.6296977996826172,14.865026473999023,1.0
CQR-OneSided,0.9,0p9,test,-1433.21923828125,1160.6578369140625,-1437.0,1165.0,5.757476806640625,15.168819427490234,-0.6296977996826172,14.539121627807617,1.0
CQR-OneSided,0.9,0p9,test,-1439.719970703125,1165.9185791015625,-1437.0,1165.0,2.8708932399749756,15.164312362670898,-0.6296977996826172,14.534614562988281,1.0
CQR-OneSided,0.9,0p9,test,-1413.43359375,1141.7042236328125,-1437.0,1160.0,29.834728240966797,35.915199279785156,-0.6296977996826172,35.285499572753906,1.0
CQR-OneSided,0.9,0p9,test,-1430.4033203125,1158.3861083984375,-1437.0,1170.0,13.356595993041992,15.329014778137207,-0.6296977996826172,14.69931697845459,1.0
CQR-OneSided,0.9,0p9,test,-1399.8623046875,1130.7486572265625,-1437.0,1160.0,47.274192810058594,56.83338928222656,-0.6296977996826172,56.20368957519531,1.0
CQR-OneSided,0.9,0p9,test,-1435.504150390625,1162.495849609375,-1437.0,1155.0,7.643646240234375,14.993342399597168,-0.6296977996826172,14.36364459991455,1.0
CQR-OneSided,0.9,0p9,test,-1444.005615234375,1166.3885498046875,-1437.0,1160.0,9.48115062713623,13.07273006439209,-0.6296977996826172,12.443032264709473,1.0
CQR-OneSided,0.9,0p9,test,-1431.5498046875,1159.3050537109375,-1437.0,1165.0,7.882705211639404,15.127044677734375,-0.6296977996826172,14.497346878051758,1.0
CQR-OneSided,0.9,0p9,test,-1437.8681640625,1164.4801025390625,-1437.0,1170.0,5.587752342224121,16.26226234436035,-0.6296977996826172,15.632564544677734,1.0
CQR-OneSided,0.9,0p9,test,-1426.7578125,1155.4036865234375,-1437.0,1155.0,10.250140190124512,14.726869583129883,-0.6296977996826172,14.097171783447266,1.0
CQR-OneSided,0.9,0p9,test,-1349.172119140625,1089.8280029296875,-1437.0,1160.0,112.41817474365234,144.88677978515625,-0.6296977996826172,144.257080078125,1.0
CQR-OneSided,0.9,0p9,test,-1424.26708984375,1150.452392578125,-1437.0,1160.0,15.91489315032959,22.900476455688477,-0.6296977996826172,22.27077865600586,1.0
CQR-OneSided,0.9,0p9,test,-1442.7603759765625,1168.3857421875,-1437.0,1165.0,6.681704998016357,15.264772415161133,-0.6296977996826172,14.635074615478516,1.0
CQR-OneSided,0.9,0p9,test,-1427.77392578125,1156.21044921875,-1437.0,1155.0,9.305140495300293,14.457660675048828,-0.6296977996826172,13.827962875366211,1.0
CQR-OneSided,0.9,0p9,test,-1439.1312255859375,1165.40966796875,-1437.0,1165.0,2.1702420711517334,14.590179443359375,-0.6296977996826172,13.960481643676758,1.0
CQR-OneSided,0.9,0p9,test,-1446.10693359375,1171.1405029296875,-1437.0,1170.0,9.178071022033691,16.133440017700195,-0.6296977996826172,15.503742218017578,1.0
CQR-OneSided,0.9,0p9,test,-1440.012939453125,1166.14208984375,-1437.0,1155.0,11.542268753051758,14.939366340637207,-0.6296977996826172,14.30966854095459,1.0
CQR-OneSided,0.9,0p9,test,-1416.3603515625,1144.0679931640625,-1437.0,1160.0,26.07343292236328,36.33358383178711,-0.6296977996826172,35.703887939453125,1.0
CQR-OneSided,0.9,0p9,test,-1427.9638671875,1156.4193115234375,-1437.0,1170.0,16.312166213989258,15.471358299255371,-0.6296977996826172,14.841660499572754,0.0
CQR-OneSided,0.9,0p9,test,-1436.475830078125,1163.2808837890625,-1437.0,1165.0,1.7972519397735596,14.934332847595215,-0.6296977996826172,14.304635047912598,1.0
CQR-OneSided,0.9,0p9,test,-1445.14599609375,1167.3123779296875,-1437.0,1160.0,10.946603775024414,12.519402503967285,-0.6296977996826172,11.889704704284668,1.0
CQR-OneSided,0.9,0p9,test,-1427.4442138671875,1153.0172119140625,-1437.0,1160.0,11.83521842956543,20.416868209838867,-0.6296977996826172,19.78717041015625,1.0
CQR-OneSided,0.9,0p9,test,-1432.8402099609375,1160.394287109375,-1437.0,1170.0,10.467740058898926,15.976672172546387,-0.6296977996826172,15.34697437286377,1.0
CQR-OneSided,0.9,0p9,test,-1427.923583984375,1156.3465576171875,-1437.0,1155.0,9.175758361816406,14.721620559692383,-0.6296977996826172,14.091922760009766,1.0
CQR-OneSided,0.9,0p9,test,-1430.411865234375,1158.3629150390625,-1437.0,1155.0,7.396804332733154,14.766772270202637,-0.6296977996826172,14.13707447052002,1.0
CQR-OneSided,0.9,0p9,test,-1431.1708984375,1158.9932861328125,-1437.0,1155.0,7.0657453536987305,15.065295219421387,-0.6296977996826172,14.43559741973877,1.0
CQR-OneSided,0.9,0p9,test,-1350.828857421875,1091.1630859375,-1437.0,1160.0,110.29046630859375,140.53521728515625,-0.6296977996826172,139.905517578125,1.0
CQR-OneSided,0.9,0p9,test,-1432.86181640625,1160.3701171875,-1437.0,1165.0,6.209700584411621,15.16950511932373,-0.6296977996826172,14.539807319641113,1.0
CQR-OneSided,0.9,0p9,test,-1441.57177734375,1167.4215087890625,-1437.0,1165.0,5.173475742340088,15.278796195983887,-0.6296977996826172,14.64909839630127,1.0
CQR-OneSided,0.9,0p9,test,-1446.017822265625,1171.021484375,-1437.0,1165.0,10.843402862548828,15.282322883605957,-0.6296977996826172,14.65262508392334,1.0
CQR-OneSided,0.9,0p9,test,-1426.9884033203125,1155.5814208984375,-1437.0,1155.0,10.028465270996094,14.585685729980469,-0.6296977996826172,13.955987930297852,1.0
CQR-OneSided,0.9,0p9,test,-1442.7056884765625,1168.3394775390625,-1437.0,1165.0,6.61112642288208,15.248661994934082,-0.6296977996826172,14.618964195251465,1.0
CQR-OneSided,0.9,0p9,test,-1434.303466796875,1161.52978515625,-1437.0,1155.0,7.064657688140869,15.060372352600098,-0.6296977996826172,14.43067455291748,1.0
CQR-OneSided,0.9,0p9,test,-1389.0164794921875,1121.9879150390625,-1437.0,1160.0,61.21549606323242,61.11201095581055,-0.6296977996826172,60.48231506347656,0.0
CQR-OneSided,0.9,0p9,test,-1438.0303955078125,1164.5445556640625,-1437.0,1165.0,1.1265630722045898,15.021790504455566,-0.6296977996826172,14.39209270477295,1.0
CQR-OneSided,0.9,0p9,test,-1424.599365234375,1150.7198486328125,-1437.0,1160.0,15.488606452941895,20.292329788208008,-0.6296977996826172,19.66263198852539,1.0
CQR-OneSided,0.9,0p9,test,-1425.50244140625,1154.350830078125,-1437.0,1155.0,11.515870094299316,14.107878684997559,-0.6296977996826172,13.478180885314941,1.0
CQR-OneSided,0.9,0p9,test,-1386.0711669921875,1119.6097412109375,-1437.0,1160.0,65.00091552734375,66.19712829589844,-0.6296977996826172,65.56742858886719,1.0
CQR-OneSided,0.9,0p9,test,-1427.67431640625,1156.1512451171875,-1437.0,1155.0,9.396474838256836,14.82650089263916,-0.6296977996826172,14.196803092956543,1.0
CQR-OneSided,0.9,0p9,test,-1393.892333984375,1125.9256591796875,-1437.0,1160.0,54.94844436645508,59.641170501708984,-0.6296977996826172,59.011474609375,1.0
CQR-OneSided,0.9,0p9,test,-1426.3153076171875,1155.0865478515625,-1437.0,1170.0,18.345945358276367,15.472874641418457,-0.6296977996826172,14.84317684173584,0.0
CQR-OneSided,0.9,0p9,test,-1430.961181640625,1158.8035888671875,-1437.0,1155.0,7.136849403381348,14.705607414245605,-0.6296977996826172,14.075909614562988,1.0
CQR-OneSided,0.9,0p9,test,-1425.8179931640625,1154.693115234375,-1437.0,1170.0,18.956212997436523,15.663973808288574,-0.6296977996826172,15.034276008605957,0.0
CQR-OneSided,0.9,0p9,test,-1434.4053955078125,1161.5994873046875,-1437.0,1155.0,7.091206073760986,14.83240795135498,-0.6296977996826172,14.202710151672363,1.0
CQR-OneSided,0.9,0p9,test,-1437.641845703125,1164.2008056640625,-1437.0,1165.0,1.0250256061553955,14.537879943847656,-0.6296977996826172,13.908182144165039,1.0
CQR-OneSided,0.9,0p9,test,-1434.448486328125,1161.6873779296875,-1437.0,1170.0,8.695395469665527,15.804633140563965,-0.6296977996826172,15.174935340881348,1.0
CQR-OneSided,0.9,0p9,test,-1420.08203125,1147.074951171875,-1437.0,1160.0,21.290245056152344,36.84810256958008,-0.6296977996826172,36.218406677246094,1.0
CQR-OneSided,0.9,0p9,test,-1418.576904296875,1145.85595703125,-1437.0,1160.0,23.22637367248535,31.415178298950195,-0.6296977996826172,30.785480499267578,1.0
CQR-OneSided,0.9,0p9,test,-1431.98583984375,1159.6441650390625,-1437.0,1155.0,6.834476470947266,14.898361206054688,-0.6296977996826172,14.26866340637207,1.0
CQR-OneSided,0.9,0p9,test,-1441.3148193359375,1164.2188720703125,-1437.0,1160.0,6.034612655639648,12.257329940795898,-0.6296977996826172,11.627632141113281,1.0
CQR-OneSided,0.9,0p9,test,-1433.9542236328125,1161.2410888671875,-1437.0,1155.0,6.944633960723877,14.96312427520752,-0.6296977996826172,14.333426475524902,1.0
CQR-OneSided,0.9,0p9,test,-1426.163818359375,1151.9842529296875,-1437.0,1160.0,13.47868824005127,25.99431037902832,-0.6296977996826172,25.364612579345703,1.0
CQR-OneSided,0.9,0p9,test,-1433.600830078125,1160.9630126953125,-1437.0,1165.0,5.277463912963867,15.071088790893555,-0.6296977996826172,14.441390991210938,1.0
CQR-OneSided,0.9,0p9,test,-1412.7999267578125,1141.1942138671875,-1437.0,1160.0,30.648019790649414,35.96455001831055,-0.6296977996826172,35.33485412597656,1.0
CQR-OneSided,0.9,0p9,test,-1434.79150390625,1158.9493408203125,-1437.0,1160.0,2.4456777572631836,12.687494277954102,-0.6296977996826172,12.057796478271484,1.0
CQR-OneSided,0.9,0p9,test,-1424.9561767578125,1154.0093994140625,-1437.0,1165.0,16.3048152923584,15.907923698425293,-0.6296977996826172,15.278225898742676,0.0
CQR-OneSided,0.9,0p9,test,-1430.6551513671875,1158.6243896484375,-1437.0,1170.0,13.025422096252441,15.979134559631348,-0.6296977996826172,15.34943675994873,1.0
CQR-OneSided,0.9,0p9,test,-1430.3753662109375,1158.3443603515625,-1437.0,1155.0,7.4209513664245605,14.953415870666504,-0.6296977996826172,14.323718070983887,1.0
CQR-OneSided,0.9,0p9,test,-1428.0660400390625,1156.47216796875,-1437.0,1155.0,9.054442405700684,14.88670825958252,-0.6296977996826172,14.257010459899902,1.0
CQR-OneSided,0.9,0p9,test,-1430.40673828125,1158.35546875,-1437.0,1155.0,7.397991180419922,14.70633602142334,-0.6296977996826172,14.076638221740723,1.0
CQR-OneSided,0.9,0p9,test,-1459.115234375,1178.587646484375,-1437.0,1160.0,28.889171600341797,37.693992614746094,-0.6296977996826172,37.064292907714844,1.0
CQR-OneSided,0.9,0p9,test,-1438.507568359375,1164.9171142578125,-1437.0,1165.0,1.5098451375961304,14.808491706848145,-0.6296977996826172,14.178793907165527,1.0
CQR-OneSided,0.9,0p9,test,-1431.02587890625,1158.8494873046875,-1437.0,1155.0,7.106945991516113,14.597448348999023,-0.6296977996826172,13.967750549316406,1.0
CQR-OneSided,0.9,0p9,test,-1457.56201171875,1177.333251953125,-1437.0,1160.0,26.893083572387695,38.529075622558594,-0.6296977996826172,37.899375915527344,1.0
CQR-OneSided,0.9,0p9,test,-1437.7320556640625,1164.3328857421875,-1437.0,1165.0,0.9904276132583618,15.600422859191895,-0.6296977996826172,14.970725059509277,1.0
CQR-OneSided,0.9,0p9,test,-1437.949951171875,1164.4957275390625,-1437.0,1165.0,1.0754989385604858,15.339017868041992,-0.6296977996826172,14.709320068359375,1.0
CQR-OneSided,0.9,0p9,test,-1436.92041015625,1160.6710205078125,-1437.0,1160.0,0.6757240891456604,13.240906715393066,-0.6296977996826172,12.61120891571045,1.0
CQR-OneSided,0.9,0p9,test,-1442.765869140625,1168.378662109375,-1437.0,1165.0,6.682858943939209,15.064521789550781,-0.6296977996826172,14.434823989868164,1.0
CQR-OneSided,0.9,0p9,test,-1438.0457763671875,1164.6082763671875,-1437.0,1170.0,5.492206573486328,16.00612449645996,-0.6296977996826172,15.376426696777344,1.0
CQR-OneSided,0.9,0p9,test,-1436.3099365234375,1163.1375732421875,-1437.0,1165.0,1.9861572980880737,14.790443420410156,-0.6296977996826172,14.160745620727539,1.0
CQR-OneSided,0.9,0p9,test,-1424.218994140625,1153.3472900390625,-1437.0,1155.0,12.887418746948242,14.685333251953125,-0.6296977996826172,14.055635452270508,1.0
CQR-OneSided,0.9,0p9,test,-1429.40283203125,1154.5986328125,-1437.0,1160.0,9.321573257446289,15.942351341247559,-0.6296977996826172,15.312653541564941,1.0
CQR-OneSided,0.9,0p9,test,-1434.2076416015625,1161.5142822265625,-1437.0,1170.0,8.933345794677734,16.240074157714844,-0.6296977996826172,15.610376358032227,1.0
CQR-OneSided,0.9,0p9,test,-1442.970947265625,1168.6278076171875,-1437.0,1170.0,6.126591205596924,16.60806655883789,-0.6296977996826172,15.978368759155273,1.0
CQR-OneSided,0.9,0p9,test,-1438.171875,1161.6817626953125,-1437.0,1160.0,2.0497846603393555,19.80137062072754,-0.6296977996826172,19.171672821044922,1.0
CQR-OneSided,0.9,0p9,test,-1426.1646728515625,1154.9207763671875,-1437.0,1155.0,10.835617065429688,14.671043395996094,-0.6296977996826172,14.041345596313477,1.0
CQR-OneSided,0.9,0p9,test,-1430.501220703125,1158.4278564453125,-1437.0,1155.0,7.347403049468994,14.647295951843262,-0.6296977996826172,14.017598152160645,1.0
CQR-OneSided,0.9,0p9,test,-1467.221435546875,1185.1343994140625,-1437.0,1160.0,39.30741882324219,40.195552825927734,-0.6296977996826172,39.56585693359375,1.0
CQR-OneSided,0.9,0p9,test,-1439.217041015625,1162.5242919921875,-1437.0,1160.0,3.3596608638763428,15.937071800231934,-0.6296977996826172,15.307374000549316,1.0
CQR-OneSided,0.9,0p9,test,-1436.63427734375,1163.4022216796875,-1437.0,1165.0,1.6390999555587769,14.811638832092285,-0.6296977996826172,14.181941032409668,1.0
CQR-OneSided,0.9,0p9,test,-1432.97265625,1160.47509765625,-1437.0,1170.0,10.341337203979492,15.484911918640137,-0.6296977996826172,14.85521411895752,1.0
CQR-OneSided,0.9,0p9,test,-1439.099609375,1165.405517578125,-1437.0,1165.0,2.138411521911621,14.942389488220215,-0.6296977996826172,14.312691688537598,1.0
CQR-OneSided,0.9,0p9,test,-1438.0052490234375,1164.577880859375,-1437.0,1170.0,5.514517307281494,16.049657821655273,-0.6296977996826172,15.419960021972656,1.0
CQR-OneSided,0.9,0p9,test,-1439.6689453125,1165.9219970703125,-1437.0,1165.0,2.823711633682251,15.921618461608887,-0.6296977996826172,15.29192066192627,1.0
CQR-OneSided,0.9,0p9,test,-1437.0440673828125,1163.785888671875,-1437.0,1170.0,6.214267730712891,15.804841041564941,-0.6296977996826172,15.175143241882324,1.0
CQR-OneSided,0.9,0p9,test,-1437.4700927734375,1164.0987548828125,-1437.0,1165.0,1.0164791345596313,15.157109260559082,-0.6296977996826172,14.527411460876465,1.0
CQR-OneSided,0.9,0p9,test,-1395.57373046875,1127.282470703125,-1437.0,1160.0,52.78799819946289,54.326847076416016,-0.6296977996826172,53.69715118408203,1.0
CQR-OneSided,0.9,0p9,test,-1419.849609375,1146.8841552734375,-1437.0,1160.0,21.59076690673828,29.012968063354492,-0.6296977996826172,28.383270263671875,1.0
CQR-OneSided,0.9,0p9,test,-1433.76318359375,1161.1474609375,-1437.0,1170.0,9.425732612609863,16.096267700195312,-0.6296977996826172,15.466569900512695,1.0
CQR-OneSided,0.9,0p9,test,-1420.1695556640625,1147.1429443359375,-1437.0,1160.0,21.179418563842773,27.2307186126709,-0.6296977996826172,26.60102081298828,1.0
CQR-OneSided,0.9,0p9,test,-1433.1240234375,1157.6033935546875,-1437.0,1160.0,4.55707311630249,17.1112003326416,-0.6296977996826172,16.481502532958984,1.0
CQR-OneSided,0.9,0p9,test,-1432.1259765625,1159.7423095703125,-1437.0,1165.0,7.169338703155518,14.633929252624512,-0.6296977996826172,14.004231452941895,1.0
CQR-OneSided,0.9,0p9,test,-1438.6649169921875,1165.0885009765625,-1437.0,1170.0,5.18601655960083,15.639639854431152,-0.6296977996826172,15.009942054748535,1.0
CQR-OneSided,0.9,0p9,test,-1443.7080078125,1169.132568359375,-1437.0,1165.0,7.878799915313721,14.89433479309082,-0.6296977996826172,14.264636993408203,1.0
CQR-OneSided,0.9,0p9,test,-1425.95751953125,1154.7498779296875,-1437.0,1155.0,11.045312881469727,14.615470886230469,-0.6296977996826172,13.985773086547852,1.0
CQR-OneSided,0.9,0p9,test,-1431.358642578125,1159.1173095703125,-1437.0,1155.0,6.984064102172852,14.577376365661621,-0.6296977996826172,13.947678565979004,1.0
CQR-OneSided,0.9,0p9,test,-1446.367431640625,1168.2972412109375,-1437.0,1160.0,12.513711929321289,15.249377250671387,-0.6296977996826172,14.61967945098877,1.0
CQR-OneSided,0.9,0p9,test,-1393.2261962890625,1125.3896484375,-1437.0,1160.0,55.803428649902344,60.59443664550781,-0.6296977996826172,59.96473693847656,1.0
CQR-OneSided,0.9,0p9,test,-1403.193603515625,1133.43896484375,-1437.0,1160.0,42.99256896972656,54.308048248291016,-0.6296977996826172,53.67835235595703,1.0
CQR-OneSided,0.9,0p9,test,-1447.5489501953125,1169.253173828125,-1437.0,1160.0,14.0321626663208,14.55935287475586,-0.6296977996826172,13.929655075073242,0.0
CQR-OneSided,0.9,0p9,test,-1438.5494384765625,1161.9847412109375,-1437.0,1160.0,2.5179271697998047,13.058989524841309,-0.6296977996826172,12.429291725158691,1.0
CQR-OneSided,0.9,0p9,test,-1441.33203125,1167.233154296875,-1437.0,1165.0,4.873753547668457,15.361958503723145,-0.6296977996826172,14.732260704040527,1.0
CQR-OneSided,0.9,0p9,test,-1437.1085205078125,1163.8243408203125,-1437.0,1165.0,1.180657148361206,15.455662727355957,-0.6296977996826172,14.82596492767334,1.0
CQR-OneSided,0.9,0p9,test,-1407.23779296875,1136.7021484375,-1437.0,1160.0,37.796546936035156,46.260169982910156,-0.6296977996826172,45.630470275878906,1.0
CQR-OneSided,0.9,0p9,test,-1430.6793212890625,1158.6243896484375,-1437.0,1170.0,13.013666152954102,15.618733406066895,-0.6296977996826172,14.989035606384277,1.0
CQR-OneSided,0.9,0p9,test,-1432.767822265625,1160.2757568359375,-1437.0,1155.0,6.763500690460205,14.860762596130371,-0.6296977996826172,14.231064796447754,1.0
CQR-OneSided,0.9,0p9,test,-1465.455810546875,1183.7120361328125,-1437.0,1160.0,37.040435791015625,37.99049758911133,-0.6296977996826172,37.360801696777344,1.0
CQR-OneSided,0.9,0p9,test,-1433.1390380859375,1160.6348876953125,-1437.0,1170.0,10.129776000976562,15.965527534484863,-0.6296977996826172,15.335829734802246,1.0
CQR-OneSided,0.9,0p9,test,-1425.9727783203125,1154.8052978515625,-1437.0,1170.0,18.774412155151367,15.41833782196045,-0.6296977996826172,14.788640022277832,0.0
CQR-OneSided,0.9,0p9,test,-1438.14111328125,1164.6480712890625,-1437.0,1165.0,1.1941496133804321,15.30016040802002,-0.6296977996826172,14.670462608337402,1.0
CQR-OneSided,0.9,0p9,test,-1427.8746337890625,1156.304931640625,-1437.0,1155.0,9.218196868896484,14.679497718811035,-0.6296977996826172,14.049799919128418,1.0
CQR-OneSided,0.9,0p9,test,-1410.886962890625,1139.6497802734375,-1437.0,1160.0,33.106224060058594,43.517513275146484,-0.6296977996826172,42.8878173828125,1.0
CQR-OneSided,0.9,0p9,test,-1440.3134765625,1166.3797607421875,-1437.0,1165.0,3.589271068572998,14.819549560546875,-0.6296977996826172,14.189851760864258,1.0
CQR-OneSided,0.9,0p9,test,-1437.7451171875,1164.2828369140625,-1437.0,1165.0,1.0341771841049194,14.543220520019531,-0.6296977996826172,13.913522720336914,1.0
CQR-OneSided,0.9,0p9,test,-1436.522705078125,1163.3023681640625,-1437.0,1155.0,8.316076278686523,14.66773509979248,-0.6296977996826172,14.038037300109863,1.0
CQR-OneSided,0.9,0p9,test,-1435.201171875,1162.265380859375,-1437.0,1165.0,3.2732131481170654,15.212590217590332,-0.6296977996826172,14.582892417907715,1.0
CQR-OneSided,0.9,0p9,test,-1459.8968505859375,1179.2216796875,-1437.0,1160.0,29.895463943481445,33.797122955322266,-0.6296977996826172,33.16742706298828,1.0
CQR-OneSided,0.9,0p9,test,-1435.5167236328125,1162.5311279296875,-1437.0,1165.0,2.8801801204681396,15.38626480102539,-0.6296977996826172,14.756567001342773,1.0
CQR-OneSided,0.9,0p9,test,-1440.273193359375,1166.4381103515625,-1437.0,1170.0,4.837442874908447,16.48942756652832,-0.6296977996826172,15.859729766845703,1.0
CQR-OneSided,0.9,0p9,test,-1425.990234375,1154.7396240234375,-1437.0,1160.0,12.201905250549316,14.004390716552734,-0.6296977996826172,13.374692916870117,1.0
CQR-OneSided,0.9,0p9,test,-1432.515625,1160.0762939453125,-1437.0,1155.0,6.77335786819458,14.949873924255371,-0.6296977996826172,14.320176124572754,1.0
CQR-OneSided,0.9,0p9,test,-1432.442626953125,1160.0577392578125,-1437.0,1170.0,10.937010765075684,15.720316886901855,-0.6296977996826172,15.090619087219238,1.0
CQR-OneSided,0.9,0p9,test,-1436.8699951171875,1163.6610107421875,-1437.0,1170.0,6.340322494506836,16.068063735961914,-0.6296977996826172,15.438365936279297,1.0
CQR-OneSided,0.9,0p9,test,-1431.786376953125,1159.477294921875,-1437.0,1155.0,6.872265815734863,14.791409492492676,-0.6296977996826172,14.161711692810059,1.0
CQR-OneSided,0.9,0p9,test,-1436.67236328125,1163.412353515625,-1437.0,1165.0,1.6211005449295044,14.48699951171875,-0.6296977996826172,13.857301712036133,1.0
CQR-OneSided,0.9,0p9,test,-1434.46630859375,1161.64404296875,-1437.0,1165.0,4.2050018310546875,14.753878593444824,-0.6296977996826172,14.124180793762207,1.0
CQR-OneSided,0.9,0p9,test,-1444.286865234375,1166.61865234375,-1437.0,1160.0,9.844032287597656,12.323927879333496,-0.6296977996826172,11.694230079650879,1.0
CQR-OneSided,0.9,0p9,test,-1439.9072265625,1166.0648193359375,-1437.0,1165.0,3.096095323562622,15.07228946685791,-0.6296977996826172,14.442591667175293,1.0
CQR-OneSided,0.9,0p9,test,-1428.7445068359375,1157.0469970703125,-1437.0,1170.0,15.360125541687012,15.399323463439941,-0.6296977996826172,14.769625663757324,0.0
CQR-OneSided,0.9,0p9,test,-1434.776123046875,1161.905517578125,-1437.0,1165.0,3.810702085494995,14.952136993408203,-0.6296977996826172,14.322439193725586,1.0
CQR-OneSided,0.9,0p9,test,-1440.579833984375,1166.6075439453125,-1437.0,1165.0,3.924207925796509,15.046111106872559,-0.6296977996826172,14.416413307189941,1.0
CQR-OneSided,0.9,0p9,test,-1483.6590576171875,1198.3995361328125,-1437.0,1160.0,60.42840576171875,75.02278900146484,-0.6296977996826172,74.3930892944336,1.0
CQR-OneSided,0.9,0p9,test,-1438.970703125,1165.362060546875,-1437.0,1170.0,5.039261341094971,16.097028732299805,-0.6296977996826172,15.467330932617188,1.0
CQR-OneSided,0.9,0p9,test,-1442.9912109375,1168.564697265625,-1437.0,1165.0,6.971489906311035,15.124075889587402,-0.6296977996826172,14.494378089904785,1.0
CQR-OneSided,0.9,0p9,test,-1435.556640625,1162.5452880859375,-1437.0,1165.0,2.8476123809814453,15.080206871032715,-0.6296977996826172,14.450509071350098,1.0
CQR-OneSided,0.9,0p9,test,-1418.678466796875,1145.9385986328125,-1437.0,1160.0,23.095489501953125,32.44784927368164,-0.6296977996826172,31.818151473999023,1.0
CQR-OneSided,0.9,0p9,test,-1428.573974609375,1156.8348388671875,-1437.0,1155.0,8.62348747253418,14.09089469909668,-0.6296977996826172,13.461196899414062,1.0
CQR-OneSided,0.9,0p9,test,-1436.5625,1163.341552734375,-1437.0,1155.0,8.353017807006836,14.787914276123047,-0.6296977996826172,14.15821647644043,1.0
CQR-OneSided,0.9,0p9,test,-1446.033447265625,1168.0267333984375,-1437.0,1160.0,12.084354400634766,19.5528507232666,-0.6296977996826172,18.923152923583984,1.0
CQR-OneSided,0.9,0p9,test,-1429.2255859375,1157.4588623046875,-1437.0,1170.0,14.755393981933594,15.830975532531738,-0.6296977996826172,15.201277732849121,1.0
CQR-OneSided,0.9,0p9,test,-1430.359619140625,1158.3436279296875,-1437.0,1165.0,9.402231216430664,15.19737720489502,-0.6296977996826172,14.567679405212402,1.0
CQR-OneSided,0.9,0p9,test,-1428.01708984375,1156.4791259765625,-1437.0,1170.0,16.23288917541504,15.780266761779785,-0.6296977996826172,15.150568962097168,0.0
CQR-OneSided,0.9,0p9,test,-1430.5855712890625,1158.5120849609375,-1437.0,1155.0,7.312977313995361,14.923624992370605,-0.6296977996826172,14.293927192687988,1.0
CQR-OneSided,0.9,0p9,test,-1422.9071044921875,1149.3538818359375,-1437.0,1160.0,17.662092208862305,25.511655807495117,-0.6296977996826172,24.8819580078125,1.0
CQR-OneSided,0.9,0p9,test,-1440.401611328125,1166.45751953125,-1437.0,1165.0,3.7007193565368652,14.928303718566895,-0.6296977996826172,14.298605918884277,1.0
CQR-OneSided,0.9,0p9,test,-1434.5516357421875,1161.7120361328125,-1437.0,1165.0,4.099413871765137,14.735795021057129,-0.6296977996826172,14.106097221374512,1.0
CQR-OneSided,0.9,0p9,test,-1430.90625,1158.7362060546875,-1437.0,1165.0,8.738930702209473,14.303792953491211,-0.6296977996826172,13.674095153808594,1.0
CQR-OneSided,0.9,0p9,test,-1438.202880859375,1164.67431640625,-1437.0,1165.0,1.2461910247802734,14.850567817687988,-0.6296977996826172,14.220870018005371,1.0
CQR-OneSided,0.9,0p9,test,-1426.836181640625,1155.4578857421875,-1437.0,1155.0,10.174127578735352,14.569753646850586,-0.6296977996826172,13.940055847167969,1.0
CQR-OneSided,0.9,0p9,test,-1435.13427734375,1162.28369140625,-1437.0,1165.0,3.2953381538391113,16.492748260498047,-0.6296977996826172,15.86305046081543,1.0
CQR-OneSided,0.9,0p9,test,-1441.501708984375,1167.343017578125,-1437.0,1165.0,5.074949741363525,14.839408874511719,-0.6296977996826172,14.209711074829102,1.0
CQR-OneSided,0.9,0p9,test,-1432.746337890625,1157.298583984375,-1437.0,1160.0,5.038977146148682,14.869172096252441,-0.6296977996826172,14.239474296569824,1.0
CQR-OneSided,0.9,0p9,test,-1431.735595703125,1156.4813232421875,-1437.0,1160.0,6.332064151763916,18.006792068481445,-0.6296977996826172,17.377094268798828,1.0
CQR-OneSided,0.9,0p9,test,-1439.59814453125,1162.8311767578125,-1437.0,1160.0,3.842644453048706,12.896234512329102,-0.6296977996826172,12.266536712646484,1.0
CQR-OneSided,0.9,0p9,test,-1426.36767578125,1155.1500244140625,-1437.0,1165.0,14.493734359741211,15.89663028717041,-0.6296977996826172,15.266932487487793,1.0
CQR-OneSided,0.9,0p9,test,-1425.1485595703125,1154.1578369140625,-1437.0,1170.0,19.784610748291016,15.759638786315918,-0.6296977996826172,15.1299409866333,0.0
CQR-OneSided,0.9,0p9,test,-1441.767578125,1167.5955810546875,-1437.0,1165.0,5.428337097167969,15.52318000793457,-0.6296977996826172,14.893482208251953,1.0
CQR-OneSided,0.9,0p9,test,-1429.718505859375,1157.7969970703125,-1437.0,1155.0,7.800214767456055,14.667866706848145,-0.6296977996826172,14.038168907165527,1.0
CQR-OneSided,0.9,0p9,test,-1428.1817626953125,1156.557373046875,-1437.0,1155.0,8.954703330993652,14.743969917297363,-0.6296977996826172,14.114272117614746,1.0
CQR-OneSided,0.9,0p9,test,-1426.820556640625,1155.4637451171875,-1437.0,1155.0,10.190001487731934,14.894646644592285,-0.6296977996826172,14.264948844909668,1.0
CQR-OneSided,0.9,0p9,test,-1439.642578125,1165.8720703125,-1437.0,1165.0,2.782755136489868,15.447216987609863,-0.6296977996826172,14.817519187927246,1.0
CQR-OneSided,0.9,0p9,test,-1426.9140625,1155.5887451171875,-1437.0,1170.0,17.590065002441406,15.81469440460205,-0.6296977996826172,15.184996604919434,0.0
CQR-OneSided,0.9,0p9,test,-1434.217041015625,1161.4393310546875,-1437.0,1165.0,4.5192060470581055,14.697986602783203,-0.6296977996826172,14.068288803100586,1.0
CQR-OneSided,0.9,0p9,test,-1397.280029296875,1131.8436279296875,-1437.0,1160.0,48.68734359741211,64.63484191894531,-0.6296977996826172,64.00514221191406,1.0
CQR-OneSided,0.9,0p9,test,-1438.46923828125,1164.9249267578125,-1437.0,1170.0,5.283467769622803,15.548539161682129,-0.6296977996826172,14.918841361999512,1.0
CQR-OneSided,0.9,0p9,test,-1455.433349609375,1175.6168212890625,-1437.0,1160.0,24.159334182739258,32.48323440551758,-0.6296977996826172,31.85353660583496,1.0
CQR-OneSided,0.9,0p9,test,-1437.19091796875,1163.8837890625,-1437.0,1165.0,1.1324206590652466,15.339044570922852,-0.6296977996826172,14.709346771240234,1.0
CQR-OneSided,0.9,0p9,test,-1426.2728271484375,1155.0723876953125,-1437.0,1170.0,18.38221549987793,15.861237525939941,-0.6296977996826172,15.231539726257324,0.0
CQR-OneSided,0.9,0p9,test,-1432.135986328125,1159.75634765625,-1437.0,1165.0,7.152238845825195,14.718461036682129,-0.6296977996826172,14.088763236999512,1.0
CQR-OneSided,0.9,0p9,test,-1432.3592529296875,1159.9412841796875,-1437.0,1155.0,6.77885103225708,14.801807403564453,-0.6296977996826172,14.172109603881836,1.0
CQR-OneSided,0.9,0p9,test,-1433.350830078125,1160.742919921875,-1437.0,1165.0,5.607064247131348,14.771059036254883,-0.6296977996826172,14.141361236572266,1.0
CQR-OneSided,0.9,0p9,test,-1398.8631591796875,1129.9405517578125,-1437.0,1160.0,48.55912780761719,55.48304748535156,-0.6296977996826172,54.85334777832031,1.0
CQR-OneSided,0.9,0p9,test,-1431.678955078125,1159.4168701171875,-1437.0,1165.0,7.712642669677734,15.239611625671387,-0.6296977996826172,14.60991382598877,1.0
CQR-OneSided,0.9,0p9,test,-1427.934326171875,1156.4217529296875,-1437.0,1170.0,16.326519012451172,15.960330963134766,-0.6296977996826172,15.330633163452148,0.0
CQR-OneSided,0.9,0p9,test,-1340.8896484375,1083.1397705078125,-1437.0,1160.0,123.06378173828125,145.96380615234375,-0.6296977996826172,145.3341064453125,1.0
CQR-OneSided,0.9,0p9,test,-1441.778564453125,1164.59033203125,-1437.0,1160.0,6.626147270202637,13.925265312194824,-0.6296977996826172,13.295567512512207,1.0
CQR-OneSided,0.9,0p9,test,-1425.5819091796875,1151.5133056640625,-1437.0,1160.0,14.226622581481934,21.03116798400879,-0.6296977996826172,20.401470184326172,1.0
CQR-OneSided,0.9,0p9,test,-1422.893310546875,1149.3431396484375,-1437.0,1160.0,17.679574966430664,29.831254959106445,-0.6296977996826172,29.201557159423828,1.0
CQR-OneSided,0.9,0p9,test,-1435.060546875,1162.117919921875,-1437.0,1165.0,3.4738831520080566,14.632953643798828,-0.6296977996826172,14.003255844116211,1.0
CQR-OneSided,0.9,0p9,test,-1434.478759765625,1161.6988525390625,-1437.0,1170.0,8.675580978393555,15.60190486907959,-0.6296977996826172,14.972207069396973,1.0
CQR-OneSided,0.9,0p9,test,-1433.2958984375,1160.7642822265625,-1437.0,1170.0,9.950821876525879,16.028539657592773,-0.6296977996826172,15.398841857910156,1.0
CQR-OneSided,0.9,0p9,test,-1433.5760498046875,1160.9493408203125,-1437.0,1155.0,6.864262104034424,15.2033109664917,-0.6296977996826172,14.573613166809082,1.0
CQR-OneSided,0.9,0p9,test,-1437.7745361328125,1164.4007568359375,-1437.0,1170.0,5.652559757232666,16.21250343322754,-0.6296977996826172,15.582805633544922,1.0
CQR-OneSided,0.9,0p9,test,-1437.35498046875,1164.0045166015625,-1437.0,1165.0,1.0568814277648926,15.147419929504395,-0.6296977996826172,14.517722129821777,1.0
CQR-OneSided,0.9,0p9,test,-1443.2164306640625,1168.8060302734375,-1437.0,1170.0,6.330053329467773,16.244112014770508,-0.6296977996826172,15.61441421508789,1.0
CQR-OneSided,0.9,0p9,test,-1429.845458984375,1157.97900390625,-1437.0,1170.0,13.988988876342773,16.129688262939453,-0.6296977996826172,15.499990463256836,1.0
CQR-OneSided,0.9,0p9,test,-1354.220703125,1093.8997802734375,-1437.0,1160.0,105.93229675292969,126.7630615234375,-0.6296977996826172,126.13336181640625,1.0
CQR-OneSided,0.9,0p9,test,-1427.7703857421875,1156.2235107421875,-1437.0,1155.0,9.310357093811035,14.73181438446045,-0.6296977996826172,14.102116584777832,1.0
CQR-OneSided,0.9,0p9,test,-1338.697265625,1084.72119140625,-1437.0,1165.0,126.9177474975586,175.9439697265625,-0.6296977996826172,175.31427001953125,1.0
CQR-OneSided,0.9,0p9,test,-1433.0845947265625,1160.503173828125,-1437.0,1155.0,6.75391149520874,14.38424301147461,-0.6296977996826172,13.754545211791992,1.0
CQR-OneSided,0.9,0p9,test,-1422.493408203125,1151.9263916015625,-1437.0,1155.0,14.828630447387695,14.285467147827148,-0.6296977996826172,13.655769348144531,0.0
CQR-OneSided,0.9,0p9,test,-1443.228759765625,1168.8294677734375,-1437.0,1170.0,6.337790489196777,16.466764450073242,-0.6296977996826172,15.837066650390625,1.0
CQR-OneSided,0.9,0p9,test,-1433.1103515625,1160.603271484375,-1437.0,1170.0,10.169949531555176,15.823599815368652,-0.6296977996826172,15.193902015686035,1.0
CQR-OneSided,0.9,0p9,test,-1390.8211669921875,1123.4442138671875,-1437.0,1160.0,58.8966064453125,58.426963806152344,-0.6296977996826172,57.797264099121094,0.0
CQR-OneSided,0.9,0p9,test,-1424.5023193359375,1153.5489501953125,-1437.0,1155.0,12.581635475158691,14.249045372009277,-0.6296977996826172,13.61934757232666,1.0
CQR-OneSided,0.9,0p9,test,-1442.4365234375,1168.1759033203125,-1437.0,1170.0,5.734379768371582,16.261638641357422,-0.6296977996826172,15.631940841674805,1.0
CQR-OneSided,0.9,0p9,test,-1430.2115478515625,1158.191162109375,-1437.0,1155.0,7.5011067390441895,14.6065034866333,-0.6296977996826172,13.976805686950684,1.0
CQR-OneSided,0.9,0p9,test,-1429.7021484375,1157.8421630859375,-1437.0,1170.0,14.179973602294922,15.76863956451416,-0.6296977996826172,15.138941764831543,1.0
CQR-OneSided,0.9,0p9,test,-1428.6719970703125,1154.0089111328125,-1437.0,1160.0,10.259082794189453,21.73423194885254,-0.6296977996826172,21.104534149169922,1.0
CQR-OneSided,0.9,0p9,test,-1430.5020751953125,1158.4517822265625,-1437.0,1165.0,9.22508430480957,15.029215812683105,-0.6296977996826172,14.399518013000488,1.0
CQR-OneSided,0.9,0p9,test,-1437.268310546875,1160.9493408203125,-1437.0,1160.0,0.9865285158157349,13.384098052978516,-0.6296977996826172,12.754400253295898,1.0
CQR-OneSided,0.9,0p9,test,-1437.608642578125,1164.1953125,-1437.0,1165.0,1.008943796157837,14.935090065002441,-0.6296977996826172,14.305392265319824,1.0
CQR-OneSided,0.9,0p9,test,-1430.9833984375,1158.8685302734375,-1437.0,1170.0,12.653422355651855,15.565937042236328,-0.6296977996826172,14.936239242553711,1.0
CQR-OneSided,0.9,0p9,test,-1399.88134765625,1130.763427734375,-1437.0,1160.0,47.25009536743164,56.212120056152344,-0.6296977996826172,55.582420349121094,1.0
CQR-OneSided,0.9,0p9,test,-1418.441650390625,1145.7498779296875,-1437.0,1160.0,23.39825439453125,35.874935150146484,-0.6296977996826172,35.2452392578125,1.0
CQR-OneSided,0.9,0p9,test,-1435.87890625,1162.7679443359375,-1437.0,1165.0,2.497783660888672,14.433610916137695,-0.6296977996826172,13.803913116455078,1.0
CQR-OneSided,0.9,0p9,test,-1433.805908203125,1161.1229248046875,-1437.0,1165.0,5.02333927154541,15.004389762878418,-0.6296977996826172,14.3746919631958,1.0
CQR-OneSided,0.9,0p9,test,-1427.7552490234375,1153.2703857421875,-1437.0,1160.0,11.434733390808105,31.79193687438965,-0.6296977996826172,31.16223907470703,1.0
CQR-OneSided,0.9,0p9,test,-1431.4168701171875,1159.179443359375,-1437.0,1155.0,6.974172592163086,14.820034980773926,-0.6296977996826172,14.190337181091309,1.0
CQR-OneSided,0.9,0p9,test,-1437.1376953125,1163.8179931640625,-1437.0,1165.0,1.190000057220459,14.962986946105957,-0.6296977996826172,14.33328914642334,1.0
CQR-OneSided,0.9,0p9,test,-1429.189208984375,1157.4329833984375,-1437.0,1170.0,14.796566009521484,15.868196487426758,-0.6296977996826172,15.23849868774414,1.0
CQR-OneSided,0.9,0p9,test,-1372.41650390625,1108.5853271484375,-1437.0,1160.0,82.54996490478516,78.6749038696289,-0.6296977996826172,78.04520416259766,0.0
CQR-OneSided,0.9,0p9,test,-1430.98583984375,1158.893310546875,-1437.0,1170.0,12.63046646118164,15.986478805541992,-0.6296977996826172,15.356781005859375,1.0
CQR-OneSided,0.9,0p9,test,-1435.415771484375,1162.4212646484375,-1437.0,1165.0,3.0264923572540283,14.9082670211792,-0.6296977996826172,14.278569221496582,1.0
CQR-OneSided,0.9,0p9,test,-1439.0118408203125,1165.38427734375,-1437.0,1165.0,2.0482120513916016,15.858842849731445,-0.6296977996826172,15.229145050048828,1.0
CQR-OneSided,0.9,0p9,test,-1435.24755859375,1162.3043212890625,-1437.0,1165.0,3.2152347564697266,15.262558937072754,-0.6296977996826172,14.632861137390137,1.0
CQR-OneSided,0.9,0p9,test,-1423.9229736328125,1153.101806640625,-1437.0,1155.0,13.21407413482666,14.595338821411133,-0.6296977996826172,13.965641021728516,1.0
CQR-OneSided,0.9,0p9,test,-1434.1722412109375,1161.4600830078125,-1437.0,1170.0,8.99591064453125,15.757160186767578,-0.6296977996826172,15.127462387084961,1.0
CQR-OneSided,0.9,0p9,test,-1429.79052734375,1157.85107421875,-1437.0,1155.0,7.752749443054199,14.619817733764648,-0.6296977996826172,13.990119934082031,1.0
CQR-OneSided,0.9,0p9,test,-1448.8505859375,1170.302001953125,-1437.0,1160.0,15.702471733093262,20.78352928161621,-0.6296977996826172,20.153831481933594,1.0
CQR-OneSided,0.9,0p9,test,-1433.1275634765625,1160.552001953125,-1437.0,1165.0,5.897495269775391,14.612494468688965,-0.6296977996826172,13.982796669006348,1.0
CQR-OneSided,0.9,0p9,test,-1440.1378173828125,1166.299560546875,-1437.0,1170.0,4.851716041564941,15.950797080993652,-0.6296977996826172,15.321099281311035,1.0
CQR-OneSided,0.9,0p9,test,-1422.788818359375,1149.2591552734375,-1437.0,1160.0,17.813573837280273,25.63278579711914,-0.6296977996826172,25.003087997436523,1.0
CQR-OneSided,0.9,0p9,test,-1428.449951171875,1156.7698974609375,-1437.0,1155.0,8.731315612792969,14.66828727722168,-0.6296977996826172,14.038589477539062,1.0
CQR-OneSided,0.9,0p9,test,-1443.606201171875,1169.1143798828125,-1437.0,1170.0,6.665299892425537,16.074594497680664,-0.6296977996826172,15.444896697998047,1.0
CQR-OneSided,0.9,0p9,test,-1436.70166015625,1163.5255126953125,-1437.0,1170.0,6.481357574462891,16.097501754760742,-0.6296977996826172,15.467803955078125,1.0
CQR-OneSided,0.9,0p9,test,-1442.9833984375,1168.5780029296875,-1437.0,1165.0,6.971596717834473,15.465018272399902,-0.6296977996826172,14.835320472717285,1.0
CQR-OneSided,0.95,0p95,test,-1428.775390625,1157.1007080078125,-1437.0,1170.0,15.298233032226562,18.10538101196289,-0.9931640625,17.11221694946289,1.0
CQR-OneSided,0.95,0p95,test,-1429.815673828125,1157.9451904296875,-1437.0,1170.0,14.033281326293945,18.138460159301758,-0.9931640625,17.145296096801758,1.0
CQR-OneSided,0.95,0p95,test,-1436.151123046875,1162.9871826171875,-1437.0,1165.0,2.1844966411590576,16.723583221435547,-0.9931640625,15.730419158935547,1.0
CQR-OneSided,0.95,0p95,test,-1428.134521484375,1156.552490234375,-1437.0,1170.0,16.106901168823242,17.564495086669922,-0.9931640625,16.571331024169922,1.0
CQR-OneSided,0.95,0p95,test,-1431.7080078125,1159.3851318359375,-1437.0,1165.0,7.715693473815918,16.60409927368164,-0.9931640625,15.61093521118164,1.0
CQR-OneSided,0.95,0p95,test,-1431.6357421875,1159.4044189453125,-1437.0,1170.0,11.876093864440918,17.87889862060547,-0.9931640625,16.88573455810547,1.0
CQR-OneSided,0.95,0p95,test,-1410.1640625,1139.066650390625,-1437.0,1160.0,34.034873962402344,52.738101959228516,-0.9931640625,51.744937896728516,1.0
CQR-OneSided,0.95,0p95,test,-1428.695556640625,1156.9761962890625,-1437.0,1155.0,8.536341667175293,17.033279418945312,-0.9931640625,16.040115356445312,1.0
CQR-OneSided,0.95,0p95,test,-1430.935791015625,1158.8646240234375,-1437.0,1170.0,12.679559707641602,18.349349975585938,-0.9931640625,17.356185913085938,1.0
CQR-OneSided,0.95,0p95,test,-1424.042236328125,1153.2493896484375,-1437.0,1170.0,21.177501678466797,17.713552474975586,-0.9931640625,16.720388412475586,0.0
CQR-OneSided,0.95,0p95,test,-1429.8165283203125,1157.8912353515625,-1437.0,1155.0,7.743481636047363,17.186485290527344,-0.9931640625,16.193321228027344,1.0
CQR-OneSided,0.95,0p95,test,-1458.2274169921875,1177.8717041015625,-1437.0,1160.0,27.748891830444336,38.07002258300781,-0.9931640625,37.07685852050781,1.0
CQR-OneSided,0.95,0p95,test,-1432.377197265625,1159.9676513671875,-1437.0,1155.0,6.785857677459717,17.25698471069336,-0.9931640625,16.26382064819336,1.0
CQR-OneSided,0.95,0p95,test,-1443.624267578125,1169.0716552734375,-1437.0,1165.0,7.775557518005371,17.27941131591797,-0.9931640625,16.28624725341797,1.0
CQR-OneSided,0.95,0p95,test,-1428.970947265625,1157.186279296875,-1437.0,1155.0,8.321388244628906,16.84276580810547,-0.9931640625,15.849601745605469,1.0
CQR-OneSided,0.95,0p95,test,-1433.4090576171875,1160.8544921875,-1437.0,1170.0,9.825231552124023,18.16480255126953,-0.9931640625,17.17163848876953,1.0
CQR-OneSided,0.95,0p95,test,-1428.562744140625,1156.87109375,-1437.0,1155.0,8.642237663269043,17.07744598388672,-0.9931640625,16.08428192138672,1.0
CQR-OneSided,0.95,0p95,test,-1418.9290771484375,1146.1419677734375,-1437.0,1160.0,22.772863388061523,32.18265914916992,-0.9931640625,31.189495086669922,1.0
CQR-OneSided,0.95,0p95,test,-1430.983154296875,1158.8873291015625,-1437.0,1170.0,12.637003898620605,18.102384567260742,-0.9931640625,17.109220504760742,1.0
CQR-OneSided,0.95,0p95,test,-1429.220947265625,1157.468994140625,-1437.0,1170.0,14.749229431152344,18.241168975830078,-0.9931640625,17.248004913330078,1.0
CQR-OneSided,0.95,0p95,test,-1449.721923828125,1174.104248046875,-1437.0,1165.0,15.643998146057129,18.957611083984375,-0.9931640625,17.964447021484375,1.0
CQR-OneSided,0.95,0p95,test,-1439.9610595703125,1163.1243896484375,-1437.0,1160.0,4.304612159729004,14.65018081665039,-0.9931640625,13.65701675415039,1.0
CQR-OneSided,0.95,0p95,test,-1437.1650390625,1163.8975830078125,-1437.0,1170.0,6.104648113250732,18.231456756591797,-0.9931640625,17.238292694091797,1.0
CQR-OneSided,0.95,0p95,test,-1440.755859375,1166.7861328125,-1437.0,1165.0,4.158936023712158,17.870372772216797,-0.9931640625,16.877208709716797,1.0
CQR-OneSided,0.95,0p95,test,-1430.732421875,1158.613525390625,-1437.0,1155.0,7.234645843505859,16.876361846923828,-0.9931640625,15.883197784423828,1.0
CQR-OneSided,0.95,0p95,test,-1433.801513671875,1161.0965576171875,-1437.0,1165.0,5.046501636505127,16.873001098632812,-0.9931640625,15.879837036132812,1.0
CQR-OneSided,0.95,0p95,test,-1402.7666015625,1133.0908203125,-1437.0,1160.0,43.54342269897461,59.479610443115234,-0.9931640625,58.486446380615234,1.0
CQR-OneSided,0.95,0p95,test,-1441.8719482421875,1167.64892578125,-1437.0,1165.0,5.545510768890381,17.216197967529297,-0.9931640625,16.223033905029297,1.0
CQR-OneSided,0.95,0p95,test,-1426.4638671875,1155.1517333984375,-1437.0,1155.0,10.537225723266602,16.75589370727539,-0.9931640625,15.76272964477539,1.0
CQR-OneSided,0.95,0p95,test,-1426.1048583984375,1154.8720703125,-1437.0,1155.0,10.895892143249512,16.915878295898438,-0.9931640625,15.922714233398438,1.0
CQR-OneSided,0.95,0p95,test,-1431.71484375,1159.4183349609375,-1437.0,1165.0,7.686862945556641,16.993362426757812,-0.9931640625,16.000198364257812,1.0
CQR-OneSided,0.95,0p95,test,-1440.17333984375,1166.2718505859375,-1437.0,1165.0,3.4187264442443848,17.193252563476562,-0.9931640625,16.200088500976562,1.0
CQR-OneSided,0.95,0p95,test,-1437.895263671875,1164.44775390625,-1437.0,1165.0,1.0518901348114014,17.476436614990234,-0.9931640625,16.483272552490234,1.0
CQR-OneSided,0.95,0p95,test,-1427.83642578125,1156.276123046875,-1437.0,1155.0,9.25200366973877,16.969154357910156,-0.9931640625,15.975990295410156,1.0
CQR-OneSided,0.95,0p95,test,-1499.5048828125,1211.19921875,-1437.0,1160.0,80.79740905761719,89.421630859375,-0.9931640625,88.428466796875,1.0
CQR-OneSided,0.95,0p95,test,-1437.26806640625,1163.91943359375,-1437.0,1165.0,1.1133208274841309,17.122756958007812,-0.9931640625,16.129592895507812,1.0
CQR-OneSided,0.95,0p95,test,-1440.9974365234375,1167.0367431640625,-1437.0,1170.0,4.97598123550415,18.851665496826172,-0.9931640625,17.858501434326172,1.0
CQR-OneSided,0.95,0p95,test,-1428.9649658203125,1157.184814453125,-1437.0,1155.0,8.326775550842285,16.901004791259766,-0.9931640625,15.907840728759766,1.0
CQR-OneSided,0.95,0p95,test,-1438.30224609375,1161.7864990234375,-1437.0,1160.0,2.21075177192688,17.120819091796875,-0.9931640625,16.127655029296875,1.0
CQR-OneSided,0.95,0p95,test,-1430.728759765625,1158.630859375,-1437.0,1165.0,8.938366889953613,17.193321228027344,-0.9931640625,16.200157165527344,1.0
CQR-OneSided,0.95,0p95,test,-1430.611572265625,1158.567626953125,-1437.0,1170.0,13.096227645874023,17.759817123413086,-0.9931640625,16.766653060913086,1.0
CQR-OneSided,0.95,0p95,test,-1425.943359375,1154.7474365234375,-1437.0,1155.0,11.059524536132812,17.00106430053711,-0.9931640625,16.00790023803711,1.0
CQR-OneSided,0.95,0p95,test,-1444.5006103515625,1166.7913818359375,-1437.0,1160.0,10.118399620056152,14.637927055358887,-0.9931640625,13.644762992858887,1.0
CQR-OneSided,0.95,0p95,test,-1435.528076171875,1162.5185546875,-1437.0,1165.0,2.8851571083068848,17.249404907226562,-0.9931640625,16.256240844726562,1.0
CQR-OneSided,0.95,0p95,test,-1441.66943359375,1167.4769287109375,-1437.0,1165.0,5.285715103149414,17.079280853271484,-0.9931640625,16.086116790771484,1.0
CQR-OneSided,0.95,0p95,test,-1436.62841796875,1163.400390625,-1437.0,1165.0,1.6422007083892822,17.124042510986328,-0.9931640625,16.130878448486328,1.0
CQR-OneSided,0.95,0p95,test,-1433.143310546875,1160.5662841796875,-1437.0,1155.0,6.771821975708008,16.922691345214844,-0.9931640625,15.929527282714844,1.0
CQR-OneSided,0.95,0p95,test,-1435.516845703125,1162.5841064453125,-1437.0,1170.0,7.5627522468566895,18.555601119995117,-0.9931640625,17.562437057495117,1.0
CQR-OneSided,0.95,0p95,test,-1412.630126953125,1141.05810546875,-1437.0,1160.0,30.865612030029297,43.30653762817383,-0.9931640625,42.31337356567383,1.0
CQR-OneSided,0.95,0p95,test,-1441.641845703125,1167.478759765625,-1437.0,1165.0,5.2622222900390625,17.46466064453125,-0.9931640625,16.47149658203125,1.0
CQR-OneSided,0.95,0p95,test,-1347.4638671875,1088.4459228515625,-1437.0,1160.0,114.61546325683594,150.9119110107422,-0.9931640625,149.9187469482422,1.0
CQR-OneSided,0.95,0p95,test,-1428.38525390625,1156.721435546875,-1437.0,1155.0,8.785055160522461,16.974395751953125,-0.9931640625,15.981231689453125,1.0
CQR-OneSided,0.95,0p95,test,-1434.58837890625,1161.741943359375,-1437.0,1165.0,4.053498268127441,17.007957458496094,-0.9931640625,16.014793395996094,1.0
CQR-OneSided,0.95,0p95,test,-1436.7978515625,1163.6124267578125,-1437.0,1170.0,6.39077091217041,18.431190490722656,-0.9931640625,17.438026428222656,1.0
CQR-OneSided,0.95,0p95,test,-1436.84033203125,1163.5946044921875,-1437.0,1165.0,1.4144364595413208,17.5058650970459,-0.9931640625,16.5127010345459,1.0
CQR-OneSided,0.95,0p95,test,-1424.129638671875,1150.3426513671875,-1437.0,1160.0,16.0906982421875,35.05442428588867,-0.9931640625,34.06126022338867,1.0
CQR-OneSided,0.95,0p95,test,-1434.8193359375,1161.9158935546875,-1437.0,1165.0,3.7771694660186768,16.797096252441406,-0.9931640625,15.803932189941406,1.0
CQR-OneSided,0.95,0p95,test,-1455.5338134765625,1175.697509765625,-1437.0,1160.0,24.28814697265625,37.034358978271484,-0.9931640625,36.041194915771484,1.0
CQR-OneSided,0.95,0p95,test,-1453.5902099609375,1174.1282958984375,-1437.0,1160.0,21.790910720825195,28.371322631835938,-0.9931640625,27.378158569335938,1.0
CQR-OneSided,0.95,0p95,test,-1419.919677734375,1146.9439697265625,-1437.0,1160.0,21.498775482177734,36.76474380493164,-0.9931640625,35.77157974243164,1.0
CQR-OneSided,0.95,0p95,test,-1425.5458984375,1154.4268798828125,-1437.0,1155.0,11.468430519104004,17.029647827148438,-0.9931640625,16.036483764648438,1.0
CQR-OneSided,0.95,0p95,test,-1430.6661376953125,1155.6190185546875,-1437.0,1160.0,7.701351642608643,21.70098114013672,-0.9931640625,20.70781707763672,1.0
CQR-OneSided,0.95,0p95,test,-1436.899169921875,1160.65283203125,-1437.0,1160.0,0.6605727672576904,15.493200302124023,-0.9931640625,14.500036239624023,1.0
CQR-OneSided,0.95,0p95,test,-1416.53759765625,1144.2105712890625,-1437.0,1160.0,25.846004486083984,40.354801177978516,-0.9931640625,39.361637115478516,1.0
CQR-OneSided,0.95,0p95,test,-1428.990234375,1157.2628173828125,-1437.0,1170.0,15.046334266662598,17.882387161254883,-0.9931640625,16.889223098754883,1.0
CQR-OneSided,0.95,0p95,test,-1429.608642578125,1157.7633056640625,-1437.0,1165.0,10.344172477722168,17.903316497802734,-0.9931640625,16.910152435302734,1.0
CQR-OneSided,0.95,0p95,test,-1432.3492431640625,1159.930419921875,-1437.0,1155.0,6.777800559997559,17.004745483398438,-0.9931640625,16.011581420898438,1.0
CQR-OneSided,0.95,0p95,test,-1431.4447021484375,1159.196533203125,-1437.0,1155.0,6.962199687957764,16.979816436767578,-0.9931640625,15.986652374267578,1.0
CQR-OneSided,0.95,0p95,test,-1433.318359375,1160.7076416015625,-1437.0,1155.0,6.792028427124023,16.90680694580078,-0.9931640625,15.913642883300781,1.0
CQR-OneSided,0.95,0p95,test,-1475.96533203125,1192.191650390625,-1437.0,1160.0,50.54304885864258,70.19973754882812,-0.9931640625,69.20657348632812,1.0
CQR-OneSided,0.95,0p95,test,-1436.8924560546875,1163.6640625,-1437.0,1170.0,6.336850166320801,18.005924224853516,-0.9931640625,17.012760162353516,1.0
CQR-OneSided,0.95,0p95,test,-1434.988037109375,1162.09619140625,-1437.0,1165.0,3.5327184200286865,17.526107788085938,-0.9931640625,16.532943725585938,1.0
CQR-OneSided,0.95,0p95,test,-1432.54931640625,1160.07666015625,-1437.0,1155.0,6.7513747215271,16.766469955444336,-0.9931640625,15.773305892944336,1.0
CQR-OneSided,0.95,0p95,test,-1434.784912109375,1161.9515380859375,-1437.0,1165.0,3.7682535648345947,17.835731506347656,-0.9931640625,16.842567443847656,1.0
CQR-OneSided,0.95,0p95,test,-1431.558837890625,1159.3016357421875,-1437.0,1165.0,7.878933906555176,17.185375213623047,-0.9931640625,16.192211151123047,1.0
CQR-OneSided,0.95,0p95,test,-1431.111572265625,1158.94921875,-1437.0,1165.0,8.443076133728027,17.361907958984375,-0.9931640625,16.368743896484375,1.0
CQR-OneSided,0.95,0p95,test,-1427.6041259765625,1156.0916748046875,-1437.0,1155.0,9.459080696105957,17.014442443847656,-0.9931640625,16.021278381347656,1.0
CQR-OneSided,0.95,0p95,test,-1431.271484375,1159.1201171875,-1437.0,1170.0,12.295842170715332,18.088050842285156,-0.9931640625,17.094886779785156,1.0
CQR-OneSided,0.95,0p95,test,-1435.6741943359375,1162.6597900390625,-1437.0,1170.0,7.458983898162842,17.698835372924805,-0.9931640625,16.705671310424805,1.0
CQR-OneSided,0.95,0p95,test,-1423.494140625,1152.8077392578125,-1437.0,1170.0,21.86280059814453,17.731691360473633,-0.9931640625,16.738527297973633,0.0
CQR-OneSided,0.95,0p95,test,-1422.844482421875,1152.2354736328125,-1437.0,1155.0,14.422943115234375,16.945114135742188,-0.9931640625,15.951950073242188,1.0
CQR-OneSided,0.95,0p95,test,-1426.5919189453125,1152.330810546875,-1437.0,1160.0,12.928442001342773,25.779827117919922,-0.9931640625,24.786663055419922,1.0
CQR-OneSided,0.95,0p95,test,-1431.67529296875,1159.3797607421875,-1437.0,1155.0,6.894549369812012,16.913738250732422,-0.9931640625,15.920574188232422,1.0
CQR-OneSided,0.95,0p95,test,-1429.5020751953125,1157.732421875,-1437.0,1170.0,14.377493858337402,18.82327651977539,-0.9931640625,17.83011245727539,1.0
CQR-OneSided,0.95,0p95,test,-1438.580810546875,1165.028076171875,-1437.0,1165.0,1.5810598134994507,17.96050453186035,-0.9931640625,16.96734046936035,1.0
CQR-OneSided,0.95,0p95,test,-1443.04052734375,1165.6104736328125,-1437.0,1160.0,8.244112014770508,22.149940490722656,-0.9931640625,21.156776428222656,1.0
CQR-OneSided,0.95,0p95,test,-1443.260498046875,1168.7750244140625,-1437.0,1165.0,7.310584545135498,17.241558074951172,-0.9931640625,16.248394012451172,1.0
CQR-OneSided,0.95,0p95,test,-1433.1126708984375,1160.5577392578125,-1437.0,1165.0,5.902966022491455,17.163341522216797,-0.9931640625,16.170177459716797,1.0
CQR-OneSided,0.95,0p95,test,-1442.8895263671875,1165.4879150390625,-1437.0,1160.0,8.050076484680176,20.669878005981445,-0.9931640625,19.676713943481445,1.0
CQR-OneSided,0.95,0p95,test,-1425.36962890625,1154.3388671875,-1437.0,1170.0,19.507347106933594,17.983036041259766,-0.9931640625,16.989871978759766,0.0
CQR-OneSided,0.95,0p95,test,-1431.84521484375,1159.5501708984375,-1437.0,1165.0,7.501496315002441,17.443450927734375,-0.9931640625,16.450286865234375,1.0
CQR-OneSided,0.95,0p95,test,-1404.443603515625,1134.4456787109375,-1437.0,1160.0,41.3877067565918,52.664085388183594,-0.9931640625,51.670921325683594,1.0
CQR-OneSided,0.95,0p95,test,-1438.362548828125,1161.8358154296875,-1437.0,1160.0,2.286210298538208,16.32451629638672,-0.9931640625,15.331352233886719,1.0
CQR-OneSided,0.95,0p95,test,-1440.5379638671875,1163.5914306640625,-1437.0,1160.0,5.041384696960449,15.237010955810547,-0.9931640625,14.243846893310547,1.0
CQR-OneSided,0.95,0p95,test,-1427.9384765625,1156.423828125,-1437.0,1170.0,16.32248878479004,18.107330322265625,-0.9931640625,17.114166259765625,1.0
CQR-OneSided,0.95,0p95,test,-1423.754638671875,1150.0386962890625,-1437.0,1160.0,16.57308578491211,28.705589294433594,-0.9931640625,27.712425231933594,1.0
CQR-OneSided,0.95,0p95,test,-1440.71826171875,1166.8037109375,-1437.0,1170.0,4.9032368659973145,18.754308700561523,-0.9931640625,17.761144638061523,1.0
CQR-OneSided,0.95,0p95,test,-1428.445068359375,1156.7664794921875,-1437.0,1155.0,8.735405921936035,16.9356746673584,-0.9931640625,15.942510604858398,1.0
CQR-OneSided,0.95,0p95,test,-1436.381591796875,1163.2137451171875,-1437.0,1155.0,8.236991882324219,17.345836639404297,-0.9931640625,16.352672576904297,1.0
CQR-OneSided,0.95,0p95,test,-1425.8525390625,1154.7154541015625,-1437.0,1170.0,18.917802810668945,17.7274169921875,-0.9931640625,16.7342529296875,0.0
CQR-OneSided,0.95,0p95,test,-1438.249267578125,1164.7120361328125,-1437.0,1165.0,1.282026767730713,17.12041473388672,-0.9931640625,16.12725067138672,1.0
CQR-OneSided,0.95,0p95,test,-1431.4256591796875,1159.1787109375,-1437.0,1155.0,6.966699600219727,16.940471649169922,-0.9931640625,15.947307586669922,1.0
CQR-OneSided,0.95,0p95,test,-1430.557373046875,1158.5233154296875,-1437.0,1170.0,13.161373138427734,17.74664306640625,-0.9931640625,16.75347900390625,1.0
CQR-OneSided,0.95,0p95,test,-1441.720703125,1167.49462890625,-1437.0,1165.0,5.339308261871338,16.732934951782227,-0.9931640625,15.739770889282227,1.0
CQR-OneSided,0.95,0p95,test,-1435.825439453125,1162.7408447265625,-1437.0,1165.0,2.5462472438812256,16.951082229614258,-0.9931640625,15.957918167114258,1.0
CQR-OneSided,0.95,0p95,test,-1438.477294921875,1164.9852294921875,-1437.0,1170.0,5.227840900421143,18.652816772460938,-0.9931640625,17.659652709960938,1.0
CQR-OneSided,0.95,0p95,test,-1431.84912109375,1159.539794921875,-1437.0,1155.0,6.8659515380859375,17.24181365966797,-0.9931640625,16.24864959716797,1.0
CQR-OneSided,0.95,0p95,test,-1428.4608154296875,1156.810546875,-1437.0,1170.0,15.712394714355469,17.464406967163086,-0.9931640625,16.471242904663086,1.0
CQR-OneSided,0.95,0p95,test,-1352.6156005859375,1092.6051025390625,-1437.0,1160.0,107.99443817138672,136.49830627441406,-0.9931640625,135.50514221191406,1.0
CQR-OneSided,0.95,0p95,test,-1426.4639892578125,1155.1610107421875,-1437.0,1155.0,10.537240982055664,16.89276123046875,-0.9931640625,15.89959716796875,1.0
CQR-OneSided,0.95,0p95,test,-1437.0472412109375,1163.744873046875,-1437.0,1165.0,1.256015658378601,17.233768463134766,-0.9931640625,16.240604400634766,1.0
CQR-OneSided,0.95,0p95,test,-1440.4559326171875,1166.552001953125,-1437.0,1170.0,4.881819248199463,18.07880210876465,-0.9931640625,17.08563804626465,1.0
CQR-OneSided,0.95,0p95,test,-1432.6602783203125,1160.2530517578125,-1437.0,1170.0,10.669404029846191,18.226547241210938,-0.9931640625,17.233383178710938,1.0
CQR-OneSided,0.95,0p95,test,-1441.0048828125,1166.9625244140625,-1437.0,1165.0,4.45988655090332,17.474803924560547,-0.9931640625,16.481639862060547,1.0
CQR-OneSided,0.95,0p95,test,-1430.544189453125,1158.468994140625,-1437.0,1155.0,7.3288068771362305,16.993541717529297,-0.9931640625,16.000377655029297,1.0
CQR-OneSided,0.95,0p95,test,-1437.474853515625,1161.1170654296875,-1437.0,1160.0,1.2138043642044067,16.771625518798828,-0.9931640625,15.778461456298828,1.0
CQR-OneSided,0.95,0p95,test,-1424.108642578125,1153.232666015625,-1437.0,1155.0,13.011940002441406,16.52920150756836,-0.9931640625,15.53603744506836,1.0
CQR-OneSided,0.95,0p95,test,-1432.942138671875,1160.4248046875,-1437.0,1155.0,6.774566173553467,17.249969482421875,-0.9931640625,16.256805419921875,1.0
CQR-OneSided,0.95,0p95,test,-1440.693115234375,1166.7244873046875,-1437.0,1165.0,4.075899600982666,17.730005264282227,-0.9931640625,16.736841201782227,1.0
CQR-OneSided,0.95,0p95,test,-1431.18408203125,1159.01953125,-1437.0,1165.0,8.342116355895996,17.53137969970703,-0.9931640625,16.53821563720703,1.0
CQR-OneSided,0.95,0p95,test,-1429.534423828125,1154.7059326171875,-1437.0,1160.0,9.152156829833984,20.581954956054688,-0.9931640625,19.588790893554688,1.0
CQR-OneSided,0.95,0p95,test,-1435.5406494140625,1162.5042724609375,-1437.0,1155.0,7.64485502243042,16.882747650146484,-0.9931640625,15.889583587646484,1.0
CQR-OneSided,0.95,0p95,test,-1433.52001953125,1160.873291015625,-1437.0,1165.0,5.398147106170654,16.937686920166016,-0.9931640625,15.944522857666016,1.0
CQR-OneSided,0.95,0p95,test,-1430.524658203125,1158.4532470703125,-1437.0,1155.0,7.338594436645508,16.995981216430664,-0.9931640625,16.002817153930664,1.0
CQR-OneSided,0.95,0p95,test,-1442.3253173828125,1165.03076171875,-1437.0,1160.0,7.325815200805664,21.930463790893555,-0.9931640625,20.937299728393555,1.0
CQR-OneSided,0.95,0p95,test,-1422.908935546875,1149.3541259765625,-1437.0,1160.0,17.660484313964844,28.516664505004883,-0.9931640625,27.523500442504883,1.0
CQR-OneSided,0.95,0p95,test,-1438.768310546875,1165.18994140625,-1437.0,1170.0,5.124801158905029,18.1409912109375,-0.9931640625,17.1478271484375,1.0
CQR-OneSided,0.95,0p95,test,-1439.97607421875,1166.0885009765625,-1437.0,1165.0,3.1688880920410156,16.817609786987305,-0.9931640625,15.824445724487305,1.0
CQR-OneSided,0.95,0p95,test,-1422.98779296875,1149.42236328125,-1437.0,1160.0,17.556432723999023,37.62639236450195,-0.9931640625,36.63322830200195,1.0
CQR-OneSided,0.95,0p95,test,-1435.105224609375,1162.1563720703125,-1437.0,1155.0,7.402961254119873,16.965408325195312,-0.9931640625,15.972244262695312,1.0
CQR-OneSided,0.95,0p95,test,-1426.249755859375,1154.984619140625,-1437.0,1155.0,10.750255584716797,16.844284057617188,-0.9931640625,15.851119995117188,1.0
CQR-OneSided,0.95,0p95,test,-1442.286865234375,1168.041015625,-1437.0,1170.0,5.638134956359863,18.215160369873047,-0.9931640625,17.221996307373047,1.0
CQR-OneSided,0.95,0p95,test,-1430.144287109375,1158.1448974609375,-1437.0,1165.0,9.695011138916016,16.95897674560547,-0.9931640625,15.965812683105469,1.0
CQR-OneSided,0.95,0p95,test,-1424.16357421875,1153.282470703125,-1437.0,1155.0,12.950819969177246,16.634035110473633,-0.9931640625,15.640871047973633,1.0
CQR-OneSided,0.95,0p95,test,-1426.350341796875,1155.0771484375,-1437.0,1155.0,10.649937629699707,17.010316848754883,-0.9931640625,16.017152786254883,1.0
CQR-OneSided,0.95,0p95,test,-1435.4720458984375,1162.4681396484375,-1437.0,1165.0,2.9571878910064697,17.15944480895996,-0.9931640625,16.16628074645996,1.0
CQR-OneSided,0.95,0p95,test,-1438.177001953125,1164.65966796875,-1437.0,1165.0,1.2252180576324463,17.21195411682129,-0.9931640625,16.21879005432129,1.0
CQR-OneSided,0.95,0p95,test,-1442.4510498046875,1168.1903076171875,-1437.0,1170.0,5.743598937988281,18.49150848388672,-0.9931640625,17.49834442138672,1.0
CQR-OneSided,0.95,0p95,test,-1428.663330078125,1156.967529296875,-1437.0,1170.0,15.47079086303711,17.355430603027344,-0.9931640625,16.362266540527344,1.0
CQR-OneSided,0.95,0p95,test,-1425.632080078125,1154.5416259765625,-1437.0,1170.0,19.18830108642578,17.844207763671875,-0.9931640625,16.851043701171875,0.0
CQR-OneSided,0.95,0p95,test,-1432.5526123046875,1160.15869140625,-1437.0,1170.0,10.799565315246582,18.10301399230957,-0.9931640625,17.10984992980957,1.0
CQR-OneSided,0.95,0p95,test,-1427.6722412109375,1156.138916015625,-1437.0,1155.0,9.397031784057617,16.899660110473633,-0.9931640625,15.906496047973633,1.0
CQR-OneSided,0.95,0p95,test,-1426.4583740234375,1155.1766357421875,-1437.0,1155.0,10.543105125427246,17.210817337036133,-0.9931640625,16.217653274536133,1.0
CQR-OneSided,0.95,0p95,test,-1423.25732421875,1152.6314697265625,-1437.0,1170.0,22.147844314575195,18.037395477294922,-0.9931640625,17.044231414794922,0.0
CQR-OneSided,0.95,0p95,test,-1453.9981689453125,1174.4608154296875,-1437.0,1160.0,22.31709861755371,22.4129581451416,-0.9931640625,21.4197940826416,0.0
CQR-OneSided,0.95,0p95,test,-1436.8212890625,1163.5577392578125,-1437.0,1165.0,1.453290581703186,17.13951873779297,-0.9931640625,16.14635467529297,1.0
CQR-OneSided,0.95,0p95,test,-1442.97021484375,1168.54345703125,-1437.0,1165.0,6.94258975982666,17.30891227722168,-0.9931640625,16.31574821472168,1.0
CQR-OneSided,0.95,0p95,test,-1429.433349609375,1157.571044921875,-1437.0,1155.0,7.991525173187256,17.00978660583496,-0.9931640625,16.01662254333496,1.0
CQR-OneSided,0.95,0p95,test,-1429.2728271484375,1157.438720703125,-1437.0,1155.0,8.102873802185059,16.971717834472656,-0.9931640625,15.978553771972656,1.0
CQR-OneSided,0.95,0p95,test,-1428.12646484375,1156.51318359375,-1437.0,1165.0,12.278667449951172,17.000492095947266,-0.9931640625,16.007328033447266,1.0
CQR-OneSided,0.95,0p95,test,-1437.622802734375,1164.2120361328125,-1437.0,1165.0,1.0043755769729614,17.23493194580078,-0.9931640625,16.24176788330078,1.0
CQR-OneSided,0.95,0p95,test,-1392.5552978515625,1124.8458251953125,-1437.0,1160.0,56.666988372802734,62.844234466552734,-0.9931640625,61.851070404052734,1.0
CQR-OneSided,0.95,0p95,test,-1439.55615234375,1165.83154296875,-1437.0,1170.0,4.889780044555664,18.208965301513672,-0.9931640625,17.215801239013672,1.0
CQR-OneSided,0.95,0p95,test,-1426.25341796875,1155.04541015625,-1437.0,1170.0,18.415449142456055,17.8526611328125,-0.9931640625,16.8594970703125,0.0
CQR-OneSided,0.95,0p95,test,-1430.540771484375,1158.4598388671875,-1437.0,1155.0,7.32749080657959,16.905977249145508,-0.9931640625,15.912813186645508,1.0
CQR-OneSided,0.95,0p95,test,-1454.0062255859375,1174.4619140625,-1437.0,1160.0,22.32394790649414,34.88713455200195,-0.9931640625,33.89397048950195,1.0
CQR-OneSided,0.95,0p95,test,-1430.579345703125,1158.498779296875,-1437.0,1155.0,7.3120622634887695,17.018104553222656,-0.9931640625,16.024940490722656,1.0
CQR-OneSided,0.95,0p95,test,-1441.6031494140625,1167.506591796875,-1437.0,1170.0,5.235080718994141,18.50263214111328,-0.9931640625,17.50946807861328,1.0
CQR-OneSided,0.95,0p95,test,-1433.7755126953125,1161.124755859375,-1437.0,1170.0,9.442842483520508,17.70462417602539,-0.9931640625,16.71146011352539,1.0
CQR-OneSided,0.95,0p95,test,-1421.4451904296875,1151.0968017578125,-1437.0,1155.0,16.03705406188965,16.834915161132812,-0.9931640625,15.841751098632812,0.0
CQR-OneSided,0.95,0p95,test,-1438.18994140625,1161.6922607421875,-1437.0,1160.0,2.0687453746795654,14.89663028717041,-0.9931640625,13.90346622467041,1.0
CQR-OneSided,0.95,0p95,test,-1424.6932373046875,1153.7960205078125,-1437.0,1170.0,20.347612380981445,18.092044830322266,-0.9931640625,17.098880767822266,0.0
CQR-OneSided,0.95,0p95,test,-1449.1771240234375,1173.6221923828125,-1437.0,1165.0,14.920607566833496,18.231258392333984,-0.9931640625,17.238094329833984,1.0
CQR-OneSided,0.95,0p95,test,-1416.4931640625,1144.1732177734375,-1437.0,1160.0,25.904003143310547,32.5615234375,-0.9931640625,31.568359375,1.0
CQR-OneSided,0.95,0p95,test,-1435.0238037109375,1159.1405029296875,-1437.0,1160.0,2.1550142765045166,21.150312423706055,-0.9931640625,20.157148361206055,1.0
CQR-OneSided,0.95,0p95,test,-1433.638916015625,1161.0252685546875,-1437.0,1170.0,9.58345890045166,17.888473510742188,-0.9931640625,16.895309448242188,1.0
CQR-OneSided,0.95,0p95,test,-1436.327880859375,1163.1829833984375,-1437.0,1170.0,6.850069999694824,17.59210968017578,-0.9931640625,16.59894561767578,1.0
CQR-OneSided,0.95,0p95,test,-1427.605224609375,1156.0894775390625,-1437.0,1155.0,9.457735061645508,16.965534210205078,-0.9931640625,15.972370147705078,1.0
CQR-OneSided,0.95,0p95,test,-1428.1966552734375,1156.60693359375,-1437.0,1170.0,16.02726173400879,17.65869903564453,-0.9931640625,16.66553497314453,1.0
CQR-OneSided,0.95,0p95,test,-1430.27001953125,1155.3031005859375,-1437.0,1160.0,8.206917762756348,27.05455780029297,-0.9931640625,26.06139373779297,1.0
CQR-OneSided,0.95,0p95,test,-1427.944580078125,1153.4208984375,-1437.0,1160.0,11.193087577819824,25.40736198425293,-0.9931640625,24.41419792175293,1.0
CQR-OneSided,0.95,0p95,test,-1429.419189453125,1157.564697265625,-1437.0,1155.0,8.002897262573242,17.09326171875,-0.9931640625,16.10009765625,1.0
CQR-OneSided,0.95,0p95,test,-1435.924072265625,1162.8460693359375,-1437.0,1155.0,7.919496536254883,17.398086547851562,-0.9931640625,16.404922485351562,1.0
CQR-OneSided,0.95,0p95,test,-1428.830078125,1157.1270751953125,-1437.0,1170.0,15.24663257598877,17.788837432861328,-0.9931640625,16.795673370361328,1.0
CQR-OneSided,0.95,0p95,test,-1437.603515625,1164.2877197265625,-1437.0,1170.0,5.744073390960693,18.81736946105957,-0.9931640625,17.82420539855957,1.0
CQR-OneSided,0.95,0p95,test,-1429.919189453125,1158.029541015625,-1437.0,1170.0,13.907902717590332,18.14615821838379,-0.9931640625,17.15299415588379,1.0
CQR-OneSided,0.95,0p95,test,-1436.8720703125,1163.694091796875,-1437.0,1170.0,6.307205677032471,18.804718017578125,-0.9931640625,17.811553955078125,1.0
CQR-OneSided,0.95,0p95,test,-1385.6026611328125,1119.2320556640625,-1437.0,1160.0,65.6026840209961,73.82994842529297,-0.9931640625,72.83678436279297,1.0
CQR-OneSided,0.95,0p95,test,-1422.1767578125,1151.6839599609375,-1437.0,1155.0,15.18962287902832,16.7626895904541,-0.9931640625,15.769525527954102,1.0
CQR-OneSided,0.95,0p95,test,-1441.64306640625,1167.5220947265625,-1437.0,1170.0,5.262896537780762,18.243938446044922,-0.9931640625,17.250774383544922,1.0
CQR-OneSided,0.95,0p95,test,-1415.2969970703125,1143.207763671875,-1437.0,1160.0,27.44083595275879,40.08189010620117,-0.9931640625,39.08872604370117,1.0
CQR-OneSided,0.95,0p95,test,-1438.1788330078125,1164.6998291015625,-1437.0,1165.0,1.2164496183395386,17.868703842163086,-0.9931640625,16.875539779663086,1.0
CQR-OneSided,0.95,0p95,test,-1428.7698974609375,1157.0501708984375,-1437.0,1155.0,8.48161506652832,17.274227142333984,-0.9931640625,16.281063079833984,1.0
CQR-OneSided,0.95,0p95,test,-1433.38427734375,1160.7708740234375,-1437.0,1155.0,6.810024738311768,17.054946899414062,-0.9931640625,16.061782836914062,1.0
CQR-OneSided,0.95,0p95,test,-1432.416259765625,1159.9840087890625,-1437.0,1155.0,6.771337985992432,17.000526428222656,-0.9931640625,16.007362365722656,1.0
CQR-OneSided,0.95,0p95,test,-1422.644775390625,1152.086181640625,-1437.0,1165.0,19.309043884277344,17.11232566833496,-0.9931640625,16.11916160583496,0.0
CQR-OneSided,0.95,0p95,test,-1426.4498291015625,1152.2169189453125,-1437.0,1160.0,13.110395431518555,30.323726654052734,-0.9931640625,29.330562591552734,1.0
CQR-OneSided,0.95,0p95,test,-1425.119140625,1154.081298828125,-1437.0,1155.0,11.916325569152832,17.005695343017578,-0.9931640625,16.012531280517578,1.0
CQR-OneSided,0.95,0p95,test,-1436.043701171875,1162.953369140625,-1437.0,1170.0,7.11122465133667,17.596567153930664,-0.9931640625,16.603403091430664,1.0
CQR-OneSided,0.95,0p95,test,-1447.400146484375,1169.1324462890625,-1437.0,1160.0,13.840686798095703,16.827354431152344,-0.9931640625,15.834190368652344,1.0
CQR-OneSided,0.95,0p95,test,-1414.528564453125,1142.58984375,-1437.0,1160.0,28.426729202270508,43.70354080200195,-0.9931640625,42.71037673950195,1.0
CQR-OneSided,0.95,0p95,test,-1432.10107421875,1156.7803955078125,-1437.0,1160.0,5.862194538116455,21.927671432495117,-0.9931640625,20.934507369995117,1.0
CQR-OneSided,0.95,0p95,test,-1443.4000244140625,1168.959228515625,-1437.0,1170.0,6.484097480773926,18.517349243164062,-0.9931640625,17.524185180664062,1.0
CQR-OneSided,0.95,0p95,test,-1427.3916015625,1155.91748046875,-1437.0,1155.0,9.652103424072266,16.97618865966797,-0.9931640625,15.983024597167969,1.0
CQR-OneSided,0.95,0p95,test,-1429.075439453125,1157.3394775390625,-1437.0,1170.0,14.936113357543945,18.05093002319336,-0.9931640625,17.05776596069336,1.0
CQR-OneSided,0.95,0p95,test,-1439.15869140625,1165.4571533203125,-1437.0,1165.0,2.20656681060791,17.271766662597656,-0.9931640625,16.278602600097656,1.0
CQR-OneSided,0.95,0p95,test,-1431.994873046875,1159.672607421875,-1437.0,1165.0,7.309747219085693,17.469032287597656,-0.9931640625,16.475868225097656,1.0
CQR-OneSided,0.95,0p95,test,-1431.4632568359375,1159.278076171875,-1437.0,1170.0,12.067111015319824,18.14101219177246,-0.9931640625,17.14784812927246,1.0
CQR-OneSided,0.95,0p95,test,-1434.0341796875,1161.3048095703125,-1437.0,1155.0,6.967547416687012,17.184724807739258,-0.9931640625,16.191560745239258,1.0
CQR-OneSided,0.95,0p95,test,-1405.28955078125,1135.1300048828125,-1437.0,1160.0,40.29974365234375,53.14878463745117,-0.9931640625,52.15562057495117,1.0
CQR-OneSided,0.95,0p95,test,-1449.552001953125,1170.8697509765625,-1437.0,1160.0,16.60434341430664,20.604450225830078,-0.9931640625,19.611286163330078,1.0
CQR-OneSided,0.95,0p95,test,-1426.074951171875,1154.8565673828125,-1437.0,1155.0,10.925990104675293,17.042482376098633,-0.9931640625,16.049318313598633,1.0
CQR-OneSided,0.95,0p95,test,-1441.44384765625,1167.333251953125,-1437.0,1155.0,13.109419822692871,17.739395141601562,-0.9931640625,16.746231079101562,1.0
CQR-OneSided,0.95,0p95,test,-1443.85986328125,1169.27734375,-1437.0,1160.0,11.538060188293457,17.59626007080078,-0.9931640625,16.60309600830078,1.0
CQR-OneSided,0.95,0p95,test,-1429.1942138671875,1157.3802490234375,-1437.0,1155.0,8.160630226135254,17.04199981689453,-0.9931640625,16.04883575439453,1.0
CQR-OneSided,0.95,0p95,test,-1425.966796875,1154.8099365234375,-1437.0,1170.0,18.774173736572266,17.788110733032227,-0.9931640625,16.794946670532227,0.0
CQR-OneSided,0.95,0p95,test,-1436.342529296875,1163.1663818359375,-1437.0,1165.0,1.9479279518127441,17.072187423706055,-0.9931640625,16.079023361206055,1.0
CQR-OneSided,0.95,0p95,test,-1400.728759765625,1131.44677734375,-1437.0,1160.0,46.161556243896484,59.089542388916016,-0.9931640625,58.096378326416016,1.0
CQR-OneSided,0.95,0p95,test,-1445.452392578125,1170.5648193359375,-1437.0,1165.0,10.119790077209473,17.50611114501953,-0.9931640625,16.51294708251953,1.0
CQR-OneSided,0.95,0p95,test,-1426.679443359375,1152.402099609375,-1437.0,1160.0,12.815692901611328,32.908447265625,-0.9931640625,31.915283203125,1.0
CQR-OneSided,0.95,0p95,test,-1423.2808837890625,1152.552734375,-1437.0,1165.0,18.524269104003906,16.384511947631836,-0.9931640625,15.391347885131836,0.0
CQR-OneSided,0.95,0p95,test,-1419.95263671875,1149.8848876953125,-1437.0,1155.0,17.798229217529297,16.75863265991211,-0.9931640625,15.76546859741211,0.0
CQR-OneSided,0.95,0p95,test,-1428.3619384765625,1156.7008056640625,-1437.0,1155.0,8.803910255432129,16.950374603271484,-0.9931640625,15.957210540771484,1.0
CQR-OneSided,0.95,0p95,test,-1443.070068359375,1168.706298828125,-1437.0,1170.0,6.206399440765381,18.744064331054688,-0.9931640625,17.750900268554688,1.0
CQR-OneSided,0.95,0p95,test,-1427.616943359375,1156.17529296875,-1437.0,1170.0,16.708209991455078,18.295307159423828,-0.9931640625,17.302143096923828,1.0
CQR-OneSided,0.95,0p95,test,-1443.0035400390625,1165.5809326171875,-1437.0,1160.0,8.196907997131348,14.826521873474121,-0.9931640625,13.833357810974121,1.0
CQR-OneSided,0.95,0p95,test,-1442.744873046875,1168.41455078125,-1437.0,1170.0,5.959632396697998,18.243804931640625,-0.9931640625,17.250640869140625,1.0
CQR-OneSided,0.95,0p95,test,-1433.409423828125,1160.8250732421875,-1437.0,1165.0,5.506564140319824,17.61707305908203,-0.9931640625,16.62390899658203,1.0
CQR-OneSided,0.95,0p95,test,-1432.1461181640625,1156.8135986328125,-1437.0,1160.0,5.806317329406738,15.89187240600586,-0.9931640625,14.89870834350586,1.0
CQR-OneSided,0.95,0p95,test,-1438.6884765625,1165.1612548828125,-1437.0,1170.0,5.124881267547607,18.747074127197266,-0.9931640625,17.753910064697266,1.0
CQR-OneSided,0.95,0p95,test,-1434.0836181640625,1161.309814453125,-1437.0,1165.0,4.7034831047058105,16.65542221069336,-0.9931640625,15.66225814819336,1.0
CQR-OneSided,0.95,0p95,test,-1433.2135009765625,1157.676025390625,-1437.0,1160.0,4.442795753479004,17.955059051513672,-0.9931640625,16.961894989013672,1.0
CQR-OneSided,0.95,0p95,test,-1428.185302734375,1156.5814208984375,-1437.0,1170.0,16.05481719970703,17.378984451293945,-0.9931640625,16.385820388793945,1.0
CQR-OneSided,0.95,0p95,test,-1437.86328125,1164.4449462890625,-1437.0,1170.0,5.621732711791992,17.912805557250977,-0.9931640625,16.919641494750977,1.0
CQR-OneSided,0.95,0p95,test,-1425.1851806640625,1154.1226806640625,-1437.0,1155.0,11.847347259521484,16.831886291503906,-0.9931640625,15.838722229003906,1.0
CQR-OneSided,0.95,0p95,test,-1440.08203125,1166.28125,-1437.0,1170.0,4.829908847808838,18.64752197265625,-0.9931640625,17.65435791015625,1.0
CQR-OneSided,0.95,0p95,test,-1431.902099609375,1159.572509765625,-1437.0,1155.0,6.848097324371338,17.069580078125,-0.9931640625,16.076416015625,1.0
CQR-OneSided,0.95,0p95,test,-1443.75439453125,1166.1893310546875,-1437.0,1160.0,9.1613130569458,14.57280158996582,-0.9931640625,13.57963752746582,1.0
CQR-OneSided,0.95,0p95,test,-1433.744140625,1161.1199951171875,-1437.0,1170.0,9.458070755004883,18.06241226196289,-0.9931640625,17.06924819946289,1.0
CQR-OneSided,0.95,0p95,test,-1428.4207763671875,1156.809326171875,-1437.0,1170.0,15.735214233398438,18.03297996520996,-0.9931640625,17.03981590270996,1.0
CQR-OneSided,0.95,0p95,test,-1442.18115234375,1167.9105224609375,-1437.0,1165.0,5.94268274307251,17.421573638916016,-0.9931640625,16.428409576416016,1.0
CQR-OneSided,0.95,0p95,test,-1434.4610595703125,1158.6832275390625,-1437.0,1160.0,2.86008882522583,16.15043830871582,-0.9931640625,15.15727424621582,1.0
CQR-OneSided,0.95,0p95,test,-1430.0648193359375,1158.0859375,-1437.0,1155.0,7.590766906738281,17.06667709350586,-0.9931640625,16.07351303100586,1.0
CQR-OneSided,0.95,0p95,test,-1429.2353515625,1157.42724609375,-1437.0,1155.0,8.135188102722168,17.273855209350586,-0.9931640625,16.280691146850586,1.0
CQR-OneSided,0.95,0p95,test,-1437.1402587890625,1163.842529296875,-1437.0,1165.0,1.1659377813339233,17.58238983154297,-0.9931640625,16.58922576904297,1.0
CQR-OneSided,0.95,0p95,test,-1429.951171875,1158.0010986328125,-1437.0,1155.0,7.661107540130615,17.192550659179688,-0.9931640625,16.199386596679688,1.0
CQR-OneSided,0.95,0p95,test,-1436.3486328125,1163.1845703125,-1437.0,1165.0,1.9287468194961548,17.277647018432617,-0.9931640625,16.284482955932617,1.0
CQR-OneSided,0.95,0p95,test,-1434.673828125,1161.8194580078125,-1437.0,1155.0,7.205281734466553,17.14093780517578,-0.9931640625,16.14777374267578,1.0
CQR-OneSided,0.95,0p95,test,-1430.504638671875,1155.4910888671875,-1437.0,1160.0,7.906959056854248,24.728641510009766,-0.9931640625,23.735477447509766,1.0
CQR-OneSided,0.95,0p95,test,-1435.7586669921875,1162.7342529296875,-1437.0,1165.0,2.5835087299346924,17.732269287109375,-0.9931640625,16.739105224609375,1.0
CQR-OneSided,0.95,0p95,test,-1435.5537109375,1162.58544921875,-1437.0,1170.0,7.554291248321533,18.059890747070312,-0.9931640625,17.066726684570312,1.0
CQR-OneSided,0.95,0p95,test,-1443.54248046875,1169.0250244140625,-1437.0,1165.0,7.68146276473999,17.620460510253906,-0.9931640625,16.627296447753906,1.0
CQR-OneSided,0.95,0p95,test,-1433.234375,1160.7115478515625,-1437.0,1170.0,10.022737503051758,18.136886596679688,-0.9931640625,17.143722534179688,1.0
CQR-OneSided,0.95,0p95,test,-1431.1136474609375,1158.9278564453125,-1437.0,1155.0,7.07652473449707,16.95757484436035,-0.9931640625,15.964410781860352,1.0
CQR-OneSided,0.95,0p95,test,-1428.26123046875,1153.6768798828125,-1437.0,1160.0,10.786470413208008,21.534595489501953,-0.9931640625,20.541431427001953,1.0
CQR-OneSided,0.95,0p95,test,-1449.930419921875,1171.1737060546875,-1437.0,1160.0,17.08939552307129,26.5770263671875,-0.9931640625,25.5838623046875,1.0
CQR-OneSided,0.95,0p95,test,-1434.4443359375,1161.6517333984375,-1437.0,1165.0,4.212162017822266,17.424360275268555,-0.9931640625,16.431196212768555,1.0
CQR-OneSided,0.95,0p95,test,-1427.84033203125,1153.3380126953125,-1437.0,1160.0,11.326147079467773,25.373882293701172,-0.9931640625,24.380718231201172,1.0
CQR-OneSided,0.95,0p95,test,-1435.91162109375,1162.8472900390625,-1437.0,1155.0,7.9224066734313965,17.57974624633789,-0.9931640625,16.58658218383789,1.0
CQR-OneSided,0.95,0p95,test,-1440.6474609375,1166.6734619140625,-1437.0,1155.0,12.230031967163086,17.487468719482422,-0.9931640625,16.494304656982422,1.0
CQR-OneSided,0.95,0p95,test,-1421.8316650390625,1148.4866943359375,-1437.0,1160.0,19.042966842651367,32.765193939208984,-0.9931640625,31.772029876708984,1.0
CQR-OneSided,0.95,0p95,test,-1430.74072265625,1158.631591796875,-1437.0,1165.0,8.929455757141113,17.03880500793457,-0.9931640625,16.04564094543457,1.0
CQR-OneSided,0.95,0p95,test,-1431.2198486328125,1159.0211181640625,-1437.0,1155.0,7.041274070739746,17.076234817504883,-0.9931640625,16.083070755004883,1.0
CQR-OneSided,0.95,0p95,test,-1431.0172119140625,1158.8502197265625,-1437.0,1155.0,7.11462926864624,16.980079650878906,-0.9931640625,15.986915588378906,1.0
CQR-OneSided,0.95,0p95,test,-1438.49951171875,1165.020751953125,-1437.0,1170.0,5.200139045715332,18.967844009399414,-0.9931640625,17.974679946899414,1.0
CQR-OneSided,0.95,0p95,test,-1440.7164306640625,1166.7904052734375,-1437.0,1170.0,4.9105353355407715,18.51195526123047,-0.9931640625,17.51879119873047,1.0
CQR-OneSided,0.95,0p95,test,-1428.850830078125,1157.1729736328125,-1437.0,1170.0,15.196762084960938,18.3128662109375,-0.9931640625,17.3197021484375,1.0
CQR-OneSided,0.95,0p95,test,-1432.211181640625,1159.829833984375,-1437.0,1165.0,7.047226428985596,17.185531616210938,-0.9931640625,16.192367553710938,1.0
CQR-OneSided,0.95,0p95,test,-1437.186279296875,1163.8460693359375,-1437.0,1165.0,1.1688694953918457,17.017202377319336,-0.9931640625,16.024038314819336,1.0
CQR-OneSided,0.95,0p95,test,-1433.2122802734375,1160.619140625,-1437.0,1155.0,6.77654504776001,16.86104965209961,-0.9931640625,15.86788558959961,1.0
CQR-OneSided,0.95,0p95,test,-1414.3076171875,1142.4119873046875,-1437.0,1160.0,28.71031951904297,45.675479888916016,-0.9931640625,44.682315826416016,1.0
CQR-OneSided,0.95,0p95,test,-1432.812255859375,1160.3231201171875,-1437.0,1165.0,6.27777099609375,17.301780700683594,-0.9931640625,16.308616638183594,1.0
CQR-OneSided,0.95,0p95,test,-1446.9193115234375,1171.735595703125,-1437.0,1165.0,11.990036964416504,17.243709564208984,-0.9931640625,16.250545501708984,1.0
CQR-OneSided,0.95,0p95,test,-1405.2568359375,1138.2342529296875,-1437.0,1165.0,41.521484375,44.57625198364258,-0.9931640625,43.58308792114258,1.0
CQR-OneSided,0.95,0p95,test,-1420.1861572265625,1147.1573486328125,-1437.0,1160.0,21.157482147216797,32.983516693115234,-0.9931640625,31.990352630615234,1.0
CQR-OneSided,0.95,0p95,test,-1439.498779296875,1165.8316650390625,-1437.0,1170.0,4.85992956161499,18.99814224243164,-0.9931640625,18.00497817993164,1.0
CQR-OneSided,0.95,0p95,test,-1431.1900634765625,1159.0096435546875,-1437.0,1155.0,7.059221267700195,17.294946670532227,-0.9931640625,16.301782608032227,1.0
CQR-OneSided,0.95,0p95,test,-1432.705810546875,1160.2320556640625,-1437.0,1165.0,6.416646480560303,17.210418701171875,-0.9931640625,16.217254638671875,1.0
CQR-OneSided,0.95,0p95,test,-1446.838623046875,1168.6776123046875,-1437.0,1160.0,13.118668556213379,20.692317962646484,-0.9931640625,19.699153900146484,1.0
CQR-OneSided,0.95,0p95,test,-1436.4879150390625,1163.3358154296875,-1437.0,1165.0,1.7411895990371704,17.92082977294922,-0.9931640625,16.92766571044922,1.0
CQR-OneSided,0.95,0p95,test,-1437.448486328125,1164.0821533203125,-1437.0,1155.0,9.093219757080078,17.43205451965332,-0.9931640625,16.43889045715332,1.0
CQR-OneSided,0.95,0p95,test,-1434.7034912109375,1161.9071044921875,-1437.0,1170.0,8.412425994873047,18.237491607666016,-0.9931640625,17.244327545166016,1.0
CQR-OneSided,0.95,0p95,test,-1435.078857421875,1162.1956787109375,-1437.0,1170.0,8.037302017211914,17.97739028930664,-0.9931640625,16.98422622680664,1.0
CQR-OneSided,0.95,0p95,test,-1425.38671875,1154.28857421875,-1437.0,1155.0,11.635051727294922,16.870216369628906,-0.9931640625,15.877052307128906,1.0
CQR-OneSided,0.95,0p95,test,-1442.7681884765625,1168.3709716796875,-1437.0,1165.0,6.680976390838623,17.159276962280273,-0.9931640625,16.166112899780273,1.0
CQR-OneSided,0.95,0p95,test,-1435.6214599609375,1162.641357421875,-1437.0,1170.0,7.486654281616211,18.0919189453125,-0.9931640625,17.0987548828125,1.0
CQR-OneSided,0.95,0p95,test,-1435.04833984375,1162.148193359375,-1437.0,1155.0,7.409834384918213,17.570907592773438,-0.9931640625,16.577743530273438,1.0
CQR-OneSided,0.95,0p95,test,-1431.5399169921875,1159.2860107421875,-1437.0,1155.0,6.941354274749756,17.173938751220703,-0.9931640625,16.180774688720703,1.0
CQR-OneSided,0.95,0p95,test,-1425.8809814453125,1154.7039794921875,-1437.0,1155.0,11.122958183288574,17.12678337097168,-0.9931640625,16.13361930847168,1.0
CQR-OneSided,0.95,0p95,test,-1418.8082275390625,1148.945068359375,-1437.0,1155.0,19.172969818115234,16.553913116455078,-0.9931640625,15.560749053955078,0.0
CQR-OneSided,0.95,0p95,test,-1429.403076171875,1157.5498046875,-1437.0,1155.0,8.013411521911621,17.059097290039062,-0.9931640625,16.065933227539062,1.0
CQR-OneSided,0.95,0p95,test,-1425.4713134765625,1154.3634033203125,-1437.0,1155.0,11.546249389648438,16.971790313720703,-0.9931640625,15.978626251220703,1.0
CQR-OneSided,0.95,0p95,test,-1430.29736328125,1158.2686767578125,-1437.0,1155.0,7.457183837890625,16.991514205932617,-0.9931640625,15.998350143432617,1.0
CQR-OneSided,0.95,0p95,test,-1421.6817626953125,1151.28955078125,-1437.0,1160.0,17.6215877532959,16.909095764160156,-0.9931640625,15.915931701660156,0.0
CQR-OneSided,0.95,0p95,test,-1435.4171142578125,1162.4130859375,-1437.0,1165.0,3.0327630043029785,17.020225524902344,-0.9931640625,16.027061462402344,1.0
CQR-OneSided,0.95,0p95,test,-1427.21484375,1155.8365478515625,-1437.0,1170.0,17.21489715576172,18.08892059326172,-0.9931640625,17.09575653076172,0.0
CQR-OneSided,0.95,0p95,test,-1446.517333984375,1171.466064453125,-1437.0,1170.0,9.629589080810547,18.225975036621094,-0.9931640625,17.232810974121094,1.0
CQR-OneSided,0.95,0p95,test,-1440.67578125,1166.7535400390625,-1437.0,1170.0,4.904168605804443,18.48396873474121,-0.9931640625,17.49080467224121,1.0
CQR-OneSided,0.95,0p95,test,-1432.614501953125,1160.1927490234375,-1437.0,1170.0,10.743125915527344,17.8408145904541,-0.9931640625,16.8476505279541,1.0
CQR-OneSided,0.95,0p95,test,-1445.2216796875,1170.3660888671875,-1437.0,1165.0,9.817888259887695,17.309955596923828,-0.9931640625,16.316791534423828,1.0
CQR-OneSided,0.95,0p95,test,-1412.21630859375,1140.7230224609375,-1437.0,1160.0,31.397981643676758,44.7780647277832,-0.9931640625,43.7849006652832,1.0
CQR-OneSided,0.95,0p95,test,-1436.7708740234375,1163.5103759765625,-1437.0,1165.0,1.5071425437927246,17.04782485961914,-0.9931640625,16.05466079711914,1.0
CQR-OneSided,0.95,0p95,test,-1443.43603515625,1168.8978271484375,-1437.0,1165.0,7.52433443069458,16.97744369506836,-0.9931640625,15.98427963256836,1.0
CQR-OneSided,0.95,0p95,test,-1479.5306396484375,1195.0743408203125,-1437.0,1160.0,55.12771224975586,65.29903411865234,-0.9931640625,64.30587005615234,1.0
CQR-OneSided,0.95,0p95,test,-1431.050537109375,1158.8822021484375,-1437.0,1155.0,7.104055404663086,17.048095703125,-0.9931640625,16.054931640625,1.0
CQR-OneSided,0.95,0p95,test,-1429.969970703125,1157.998291015625,-1437.0,1155.0,7.6427130699157715,16.888565063476562,-0.9931640625,15.895401000976562,1.0
CQR-OneSided,0.95,0p95,test,-1428.8734130859375,1157.1390380859375,-1437.0,1155.0,8.403386116027832,17.375009536743164,-0.9931640625,16.381845474243164,1.0
CQR-OneSided,0.95,0p95,test,-1434.124755859375,1161.4031982421875,-1437.0,1170.0,9.064878463745117,17.638763427734375,-0.9931640625,16.645599365234375,1.0
CQR-OneSided,0.95,0p95,test,-1429.8560791015625,1157.9097900390625,-1437.0,1155.0,7.713785171508789,16.94194793701172,-0.9931640625,15.948783874511719,1.0
CQR-OneSided,0.95,0p95,test,-1428.2305908203125,1156.664794921875,-1437.0,1170.0,15.960269927978516,18.199750900268555,-0.9931640625,17.206586837768555,1.0
CQR-OneSided,0.95,0p95,test,-1430.892578125,1158.7509765625,-1437.0,1155.0,7.167316436767578,16.99260711669922,-0.9931640625,15.999443054199219,1.0
CQR-OneSided,0.95,0p95,test,-1428.520263671875,1156.8382568359375,-1437.0,1155.0,8.6766996383667,17.106019973754883,-0.9931640625,16.112855911254883,1.0
CQR-OneSided,0.95,0p95,test,-1426.120361328125,1154.891357421875,-1437.0,1155.0,10.880181312561035,17.018108367919922,-0.9931640625,16.024944305419922,1.0
CQR-OneSided,0.95,0p95,test,-1429.3203125,1157.485595703125,-1437.0,1155.0,8.071913719177246,17.106597900390625,-0.9931640625,16.113433837890625,1.0
CQR-OneSided,0.95,0p95,test,-1414.34375,1142.4395751953125,-1437.0,1160.0,28.664859771728516,37.95851516723633,-0.9931640625,36.96535110473633,1.0
CQR-OneSided,0.95,0p95,test,-1431.45263671875,1159.2493896484375,-1437.0,1170.0,12.09747314453125,17.791297912597656,-0.9931640625,16.798133850097656,1.0
CQR-OneSided,0.95,0p95,test,-1434.51220703125,1161.687744140625,-1437.0,1155.0,7.135477066040039,17.13353729248047,-0.9931640625,16.14037322998047,1.0
CQR-OneSided,0.95,0p95,test,-1437.3785400390625,1161.0372314453125,-1437.0,1160.0,1.1041474342346191,15.333073616027832,-0.9931640625,14.339909553527832,1.0
CQR-OneSided,0.95,0p95,test,-1430.7393798828125,1158.681640625,-1437.0,1170.0,12.934473991394043,17.945327758789062,-0.9931640625,16.952163696289062,1.0
CQR-OneSided,0.95,0p95,test,-1439.644775390625,1165.921630859375,-1437.0,1170.0,4.860857009887695,18.508804321289062,-0.9931640625,17.515640258789062,1.0
CQR-OneSided,0.95,0p95,test,-1429.93359375,1157.970947265625,-1437.0,1155.0,7.665547847747803,16.935134887695312,-0.9931640625,15.941970825195312,1.0
CQR-OneSided,0.95,0p95,test,-1425.99267578125,1154.7803955078125,-1437.0,1155.0,11.009514808654785,16.897228240966797,-0.9931640625,15.904064178466797,1.0
CQR-OneSided,0.95,0p95,test,-1435.88330078125,1162.82373046875,-1437.0,1155.0,7.9030232429504395,17.575504302978516,-0.9931640625,16.582340240478516,1.0
CQR-OneSided,0.95,0p95,test,-1447.982177734375,1169.603515625,-1437.0,1160.0,14.58889102935791,14.452775955200195,-0.9931640625,13.459611892700195,0.0
CQR-OneSided,0.95,0p95,test,-1427.3651123046875,1152.95556640625,-1437.0,1160.0,11.935456275939941,26.175140380859375,-0.9931640625,25.181976318359375,1.0
CQR-OneSided,0.95,0p95,test,-1432.193115234375,1159.8101806640625,-1437.0,1165.0,7.0739216804504395,17.08864402770996,-0.9931640625,16.09547996520996,1.0
CQR-OneSided,0.95,0p95,test,-1442.044677734375,1167.8525390625,-1437.0,1170.0,5.482733249664307,18.328510284423828,-0.9931640625,17.335346221923828,1.0
CQR-OneSided,0.95,0p95,test,-1448.3349609375,1169.8839111328125,-1437.0,1160.0,15.039050102233887,25.662487030029297,-0.9931640625,24.669322967529297,1.0
CQR-OneSided,0.95,0p95,test,-1427.48974609375,1156.0478515625,-1437.0,1170.0,16.885122299194336,17.880252838134766,-0.9931640625,16.887088775634766,1.0
CQR-OneSided,0.95,0p95,test,-1430.9697265625,1158.8172607421875,-1437.0,1165.0,8.636576652526855,17.035200119018555,-0.9931640625,16.042036056518555,1.0
CQR-OneSided,0.95,0p95,test,-1425.3612060546875,1154.33154296875,-1437.0,1170.0,19.51824951171875,18.004131317138672,-0.9931640625,17.010967254638672,0.0
CQR-OneSided,0.95,0p95,test,-1437.535888671875,1164.2154541015625,-1437.0,1170.0,5.8093156814575195,18.516094207763672,-0.9931640625,17.522930145263672,1.0
CQR-OneSided,0.95,0p95,test,-1435.52294921875,1159.5406494140625,-1437.0,1160.0,1.5468297004699707,16.381324768066406,-0.9931640625,15.388160705566406,1.0
CQR-OneSided,0.95,0p95,test,-1448.7718505859375,1170.239501953125,-1437.0,1160.0,15.602046966552734,19.916683197021484,-0.9931640625,18.923519134521484,1.0
CQR-OneSided,0.95,0p95,test,-1441.615234375,1167.522216796875,-1437.0,1170.0,5.2383012771606445,18.62625503540039,-0.9931640625,17.63309097290039,1.0
CQR-OneSided,0.95,0p95,test,-1449.172119140625,1170.562744140625,-1437.0,1160.0,16.1162052154541,23.436809539794922,-0.9931640625,22.443645477294922,1.0
CQR-OneSided,0.95,0p95,test,-1442.519287109375,1168.2208251953125,-1437.0,1170.0,5.798964977264404,18.047138214111328,-0.9931640625,17.053974151611328,1.0
CQR-OneSided,0.95,0p95,test,-1430.0914306640625,1158.1690673828125,-1437.0,1170.0,13.700339317321777,18.152790069580078,-0.9931640625,17.159626007080078,1.0
CQR-OneSided,0.95,0p95,test,-1434.1519775390625,1161.4525146484375,-1437.0,1170.0,9.009480476379395,18.12039566040039,-0.9931640625,17.12723159790039,1.0
CQR-OneSided,0.95,0p95,test,-1471.102294921875,1188.268310546875,-1437.0,1160.0,44.29519271850586,53.42249298095703,-0.9931640625,52.42932891845703,1.0
CQR-OneSided,0.95,0p95,test,-1460.228759765625,1179.488037109375,-1437.0,1160.0,30.320932388305664,40.3147087097168,-0.9931640625,39.3215446472168,1.0
CQR-OneSided,0.95,0p95,test,-1423.8306884765625,1153.0482177734375,-1437.0,1155.0,13.313159942626953,17.134601593017578,-0.9931640625,16.141437530517578,1.0
CQR-OneSided,0.95,0p95,test,-1435.0732421875,1159.1788330078125,-1437.0,1160.0,2.094447612762451,17.547725677490234,-0.9931640625,16.554561614990234,1.0
CQR-OneSided,0.95,0p95,test,-1433.510986328125,1160.935791015625,-1437.0,1170.0,9.712522506713867,18.165618896484375,-0.9931640625,17.172454833984375,1.0
CQR-OneSided,0.95,0p95,test,-1424.89208984375,1153.9354248046875,-1437.0,1170.0,20.11646270751953,17.71405792236328,-0.9931640625,16.72089385986328,0.0
CQR-OneSided,0.95,0p95,test,-1429.70751953125,1157.7869873046875,-1437.0,1155.0,7.806892395019531,16.90816307067871,-0.9931640625,15.914999008178711,1.0
CQR-OneSided,0.95,0p95,test,-1432.268798828125,1159.910400390625,-1437.0,1170.0,11.143799781799316,17.801944732666016,-0.9931640625,16.808780670166016,1.0
CQR-OneSided,0.95,0p95,test,-1428.7955322265625,1157.0638427734375,-1437.0,1155.0,8.460067749023438,17.167579650878906,-0.9931640625,16.174415588378906,1.0
CQR-OneSided,0.95,0p95,test,-1436.54736328125,1163.3406982421875,-1437.0,1165.0,1.71993088722229,17.205615997314453,-0.9931640625,16.212451934814453,1.0
CQR-OneSided,0.95,0p95,test,-1434.09765625,1158.3902587890625,-1437.0,1160.0,3.3188650608062744,18.471691131591797,-0.9931640625,17.478527069091797,1.0
CQR-OneSided,0.95,0p95,test,-1432.931884765625,1160.411376953125,-1437.0,1155.0,6.769975185394287,17.16692352294922,-0.9931640625,16.17375946044922,1.0
CQR-OneSided,0.95,0p95,test,-1438.037109375,1164.609130859375,-1437.0,1170.0,5.4897236824035645,18.325916290283203,-0.9931640625,17.332752227783203,1.0
CQR-OneSided,0.95,0p95,test,-1428.409423828125,1156.8072509765625,-1437.0,1170.0,15.743144989013672,18.14797592163086,-0.9931640625,17.15481185913086,1.0
CQR-OneSided,0.95,0p95,test,-1433.223876953125,1160.62158203125,-1437.0,1165.0,5.7818379402160645,16.741912841796875,-0.9931640625,15.748748779296875,1.0
CQR-OneSided,0.95,0p95,test,-1422.61328125,1149.1180419921875,-1437.0,1160.0,18.038700103759766,31.711833953857422,-0.9931640625,30.718669891357422,1.0
CQR-OneSided,0.95,0p95,test,-1439.8729248046875,1166.0242919921875,-1437.0,1165.0,3.050060987472534,17.107402801513672,-0.9931640625,16.114238739013672,1.0
CQR-OneSided,0.95,0p95,test,-1439.859375,1166.0579833984375,-1437.0,1170.0,4.869858264923096,17.909236907958984,-0.9931640625,16.916072845458984,1.0
CQR-OneSided,0.95,0p95,test,-1432.267822265625,1159.863525390625,-1437.0,1165.0,6.984044551849365,16.961956024169922,-0.9931640625,15.968791961669922,1.0
CQR-OneSided,0.95,0p95,test,-1428.24853515625,1156.6063232421875,-1437.0,1155.0,8.897663116455078,16.920066833496094,-0.9931640625,15.926902770996094,1.0
CQR-OneSided,0.95,0p95,test,-1433.2685546875,1160.719970703125,-1437.0,1170.0,10.002131462097168,17.801828384399414,-0.9931640625,16.808664321899414,1.0
CQR-OneSided,0.95,0p95,test,-1443.875732421875,1169.303466796875,-1437.0,1165.0,8.111444473266602,17.784414291381836,-0.9931640625,16.791250228881836,1.0
CQR-OneSided,0.95,0p95,test,-1430.1627197265625,1158.1727294921875,-1437.0,1155.0,7.5375471115112305,17.195484161376953,-0.9931640625,16.202320098876953,1.0
CQR-OneSided,0.95,0p95,test,-1442.14892578125,1167.8837890625,-1437.0,1165.0,5.901497840881348,17.373281478881836,-0.9931640625,16.380117416381836,1.0
CQR-OneSided,0.95,0p95,test,-1433.2889404296875,1160.6744384765625,-1437.0,1165.0,5.699337005615234,16.751861572265625,-0.9931640625,15.758697509765625,1.0
CQR-OneSided,0.95,0p95,test,-1438.3924560546875,1164.8192138671875,-1437.0,1165.0,1.40414297580719,16.988868713378906,-0.9931640625,15.995704650878906,1.0
CQR-OneSided,0.95,0p95,test,-1427.57275390625,1156.1246337890625,-1437.0,1170.0,16.774944305419922,18.0477294921875,-0.9931640625,17.0545654296875,1.0
CQR-OneSided,0.95,0p95,test,-1437.64501953125,1164.2933349609375,-1437.0,1170.0,5.743002414703369,18.329984664916992,-0.9931640625,17.336820602416992,1.0
CQR-OneSided,0.95,0p95,test,-1429.81494140625,1157.9188232421875,-1437.0,1170.0,14.05631160736084,17.699913024902344,-0.9931640625,16.706748962402344,1.0
CQR-OneSided,0.95,0p95,test,-1431.561279296875,1159.375244140625,-1437.0,1170.0,11.935874938964844,18.419052124023438,-0.9931640625,17.425888061523438,1.0
CQR-OneSided,0.95,0p95,test,-1433.408447265625,1160.808349609375,-1437.0,1155.0,6.829068660736084,17.353347778320312,-0.9931640625,16.360183715820312,1.0
CQR-OneSided,0.95,0p95,test,-1434.891357421875,1161.9898681640625,-1437.0,1165.0,3.6752233505249023,17.03969383239746,-0.9931640625,16.04652976989746,1.0
CQR-OneSided,0.95,0p95,test,-1438.9520263671875,1165.3092041015625,-1437.0,1155.0,10.492383003234863,17.611141204833984,-0.9931640625,16.617977142333984,1.0
CQR-OneSided,0.95,0p95,test,-1438.621826171875,1162.043701171875,-1437.0,1160.0,2.609029531478882,16.639432907104492,-0.9931640625,15.646268844604492,1.0
CQR-OneSided,0.95,0p95,test,-1442.8173828125,1168.43212890625,-1437.0,1165.0,6.75436544418335,17.50877571105957,-0.9931640625,16.51561164855957,1.0
CQR-OneSided,0.95,0p95,test,-1426.9036865234375,1155.5140380859375,-1437.0,1155.0,10.109391212463379,16.848125457763672,-0.9931640625,15.854961395263672,1.0
CQR-OneSided,0.95,0p95,test,-1426.8218994140625,1155.4481201171875,-1437.0,1155.0,10.187960624694824,16.845788955688477,-0.9931640625,15.852624893188477,1.0
CQR-OneSided,0.95,0p95,test,-1437.006591796875,1163.7586669921875,-1437.0,1165.0,1.241350531578064,17.991500854492188,-0.9931640625,16.998336791992188,1.0
CQR-OneSided,0.95,0p95,test,-1422.625,1152.0994873046875,-1437.0,1170.0,22.957983016967773,17.68765640258789,-0.9931640625,16.69449234008789,0.0
CQR-OneSided,0.95,0p95,test,-1435.654052734375,1162.6180419921875,-1437.0,1155.0,7.736028671264648,17.241836547851562,-0.9931640625,16.248672485351562,1.0
CQR-OneSided,0.95,0p95,test,-1434.5394287109375,1161.78076171875,-1437.0,1170.0,8.579644203186035,18.3704776763916,-0.9931640625,17.3773136138916,1.0
CQR-OneSided,0.95,0p95,test,-1430.767822265625,1158.6402587890625,-1437.0,1155.0,7.2174458503723145,16.838605880737305,-0.9931640625,15.845441818237305,1.0
CQR-OneSided,0.95,0p95,test,-1441.6593017578125,1167.52734375,-1437.0,1170.0,5.2747626304626465,18.094022750854492,-0.9931640625,17.100858688354492,1.0
CQR-OneSided,0.95,0p95,test,-1437.822509765625,1161.3973388671875,-1437.0,1160.0,1.621443271636963,16.08880615234375,-0.9931640625,15.09564208984375,1.0
CQR-OneSided,0.95,0p95,test,-1430.4678955078125,1158.4102783203125,-1437.0,1155.0,7.368743896484375,17.045063018798828,-0.9931640625,16.051898956298828,1.0
CQR-OneSided,0.95,0p95,test,-1432.0712890625,1159.714599609375,-1437.0,1165.0,7.226869583129883,17.138031005859375,-0.9931640625,16.144866943359375,1.0
CQR-OneSided,0.95,0p95,test,-1430.0032958984375,1158.0714111328125,-1437.0,1170.0,13.829139709472656,17.70425796508789,-0.9931640625,16.71109390258789,1.0
CQR-OneSided,0.95,0p95,test,-1427.5196533203125,1156.0072021484375,-1437.0,1155.0,9.533699989318848,16.77918243408203,-0.9931640625,15.786018371582031,1.0
CQR-OneSided,0.95,0p95,test,-1428.07177734375,1156.4683837890625,-1437.0,1155.0,9.048166275024414,16.987407684326172,-0.9931640625,15.994243621826172,1.0
CQR-OneSided,0.95,0p95,test,-1439.681640625,1165.846923828125,-1437.0,1165.0,2.8122012615203857,16.762367248535156,-0.9931640625,15.769203186035156,1.0
CQR-OneSided,0.95,0p95,test,-1414.0335693359375,1142.1895751953125,-1437.0,1160.0,29.063175201416016,41.62869644165039,-0.9931640625,40.63553237915039,1.0
CQR-OneSided,0.95,0p95,test,-1445.34716796875,1167.4725341796875,-1437.0,1160.0,11.203302383422852,23.891998291015625,-0.9931640625,22.898834228515625,1.0
CQR-OneSided,0.95,0p95,test,-1439.763916015625,1165.9378662109375,-1437.0,1165.0,2.9187026023864746,17.116836547851562,-0.9931640625,16.123672485351562,1.0
CQR-OneSided,0.95,0p95,test,-1432.888671875,1160.365478515625,-1437.0,1165.0,6.195305347442627,16.972885131835938,-0.9931640625,15.979721069335938,1.0
CQR-OneSided,0.95,0p95,test,-1424.4892578125,1153.6121826171875,-1437.0,1165.0,16.917478561401367,17.67232894897461,-0.9931640625,16.67916488647461,0.0
CQR-OneSided,0.95,0p95,test,-1430.166748046875,1158.2161865234375,-1437.0,1165.0,9.628782272338867,17.934179306030273,-0.9931640625,16.941015243530273,1.0
CQR-OneSided,0.95,0p95,test,-1432.868896484375,1157.3975830078125,-1437.0,1160.0,4.8824782371521,17.028539657592773,-0.9931640625,16.035375595092773,1.0
CQR-OneSided,0.95,0p95,test,-1437.7274169921875,1164.3092041015625,-1437.0,1165.0,1.0031622648239136,17.486900329589844,-0.9931640625,16.493736267089844,1.0
CQR-OneSided,0.95,0p95,test,-1438.5567626953125,1164.9588623046875,-1437.0,1165.0,1.557306170463562,17.08156394958496,-0.9931640625,16.08839988708496,1.0
CQR-OneSided,0.95,0p95,test,-1433.44384765625,1160.830078125,-1437.0,1165.0,5.480370998382568,17.232280731201172,-0.9931640625,16.239116668701172,1.0
CQR-OneSided,0.95,0p95,test,-1434.6328125,1161.87158203125,-1437.0,1170.0,8.466094970703125,18.615114212036133,-0.9931640625,17.621950149536133,1.0
CQR-OneSided,0.95,0p95,test,-1437.570556640625,1164.1900634765625,-1437.0,1165.0,0.9907230138778687,17.57027244567871,-0.9931640625,16.57710838317871,1.0
CQR-OneSided,0.95,0p95,test,-1442.0970458984375,1167.877197265625,-1437.0,1170.0,5.521428108215332,18.037918090820312,-0.9931640625,17.044754028320312,1.0
CQR-OneSided,0.95,0p95,test,-1437.874755859375,1164.4102783203125,-1437.0,1165.0,1.0549736022949219,17.137332916259766,-0.9931640625,16.144168853759766,1.0
CQR-OneSided,0.95,0p95,test,-1429.726318359375,1157.84814453125,-1437.0,1170.0,14.162416458129883,17.724361419677734,-0.9931640625,16.731197357177734,1.0
CQR-OneSided,0.95,0p95,test,-1437.614501953125,1164.3038330078125,-1437.0,1170.0,5.729217529296875,18.937786102294922,-0.9931640625,17.944622039794922,1.0
CQR-OneSided,0.95,0p95,test,-1439.54248046875,1165.7581787109375,-1437.0,1165.0,2.6531190872192383,17.124990463256836,-0.9931640625,16.131826400756836,1.0
CQR-OneSided,0.95,0p95,test,-1439.3525390625,1165.634521484375,-1437.0,1165.0,2.436607837677002,17.636611938476562,-0.9931640625,16.643447875976562,1.0
CQR-OneSided,0.95,0p95,test,-1440.784912109375,1166.79443359375,-1437.0,1165.0,4.188741207122803,17.609378814697266,-0.9931640625,16.616214752197266,1.0
CQR-OneSided,0.95,0p95,test,-1428.77392578125,1157.0054931640625,-1437.0,1165.0,11.47085189819336,16.499027252197266,-0.9931640625,15.505863189697266,1.0
CQR-OneSided,0.95,0p95,test,-1441.44775390625,1167.3336181640625,-1437.0,1165.0,5.022777080535889,17.664649963378906,-0.9931640625,16.671485900878906,1.0
CQR-OneSided,0.95,0p95,test,-1433.739501953125,1161.0987548828125,-1437.0,1170.0,9.479610443115234,17.78204345703125,-0.9931640625,16.78887939453125,1.0
CQR-OneSided,0.95,0p95,test,-1429.7838134765625,1154.9056396484375,-1437.0,1160.0,8.833224296569824,17.785802841186523,-0.9931640625,16.792638778686523,1.0
CQR-OneSided,0.95,0p95,test,-1434.579345703125,1161.7449951171875,-1437.0,1165.0,4.056429862976074,17.127216339111328,-0.9931640625,16.134052276611328,1.0
CQR-OneSided,0.95,0p95,test,-1441.570556640625,1167.4320068359375,-1437.0,1165.0,5.17732048034668,17.665340423583984,-0.9931640625,16.672176361083984,1.0
CQR-OneSided,0.95,0p95,test,-1433.6142578125,1160.9793701171875,-1437.0,1165.0,5.256302356719971,17.42061424255371,-0.9931640625,16.42745018005371,1.0
CQR-OneSided,0.95,0p95,test,-1438.16650390625,1164.648193359375,-1437.0,1155.0,9.71845531463623,17.179649353027344,-0.9931640625,16.186485290527344,1.0
CQR-OneSided,0.95,0p95,test,-1429.965087890625,1158.0032958984375,-1437.0,1165.0,9.92188835144043,17.044906616210938,-0.9931640625,16.051742553710938,1.0
CQR-OneSided,0.95,0p95,test,-1436.182373046875,1163.08935546875,-1437.0,1165.0,2.0782387256622314,17.980873107910156,-0.9931640625,16.987709045410156,1.0
CQR-OneSided,0.95,0p95,test,-1432.807373046875,1160.3529052734375,-1437.0,1170.0,10.51877212524414,17.919559478759766,-0.9931640625,16.926395416259766,1.0
CQR-OneSided,0.95,0p95,test,-1436.234130859375,1163.0855712890625,-1437.0,1155.0,8.1217622756958,17.19532012939453,-0.9931640625,16.20215606689453,1.0
CQR-OneSided,0.95,0p95,test,-1423.2086181640625,1149.5980224609375,-1437.0,1160.0,17.274354934692383,36.17875671386719,-0.9931640625,35.18559265136719,1.0
CQR-OneSided,0.95,0p95,test,-1485.2861328125,1199.7232666015625,-1437.0,1160.0,62.525901794433594,64.70384979248047,-0.9931640625,63.71068572998047,1.0
CQR-OneSided,0.95,0p95,test,-1485.684326171875,1200.0423583984375,-1437.0,1160.0,63.0361328125,74.6277847290039,-0.9931640625,73.6346206665039,1.0
CQR-OneSided,0.95,0p95,test,-1435.6148681640625,1162.6328125,-1437.0,1165.0,2.742656946182251,17.983535766601562,-0.9931640625,16.990371704101562,1.0
CQR-OneSided,0.95,0p95,test,-1439.431884765625,1162.6956787109375,-1437.0,1160.0,3.6305298805236816,17.449058532714844,-0.9931640625,16.455894470214844,1.0
CQR-OneSided,0.95,0p95,test,-1428.9058837890625,1157.1240234375,-1437.0,1165.0,11.293614387512207,16.685470581054688,-0.9931640625,15.692306518554688,1.0
CQR-OneSided,0.95,0p95,test,-1437.9517822265625,1164.49169921875,-1437.0,1165.0,1.0790083408355713,17.4621524810791,-0.9931640625,16.4689884185791,1.0
CQR-OneSided,0.95,0p95,test,-1431.9075927734375,1159.571044921875,-1437.0,1155.0,6.8430304527282715,16.975112915039062,-0.9931640625,15.981948852539062,1.0
CQR-OneSided,0.95,0p95,test,-1425.9361572265625,1154.7470703125,-1437.0,1155.0,11.066733360290527,17.10232925415039,-0.9931640625,16.10916519165039,1.0
CQR-OneSided,0.95,0p95,test,-1427.78857421875,1156.2364501953125,-1437.0,1155.0,9.294039726257324,16.949440002441406,-0.9931640625,15.956275939941406,1.0
CQR-OneSided,0.95,0p95,test,-1399.6026611328125,1130.5377197265625,-1437.0,1160.0,47.60868453979492,58.43936538696289,-0.9931640625,57.44620132446289,1.0
CQR-OneSided,0.95,0p95,test,-1427.875732421875,1156.3052978515625,-1437.0,1165.0,12.603574752807617,16.917327880859375,-0.9931640625,15.924163818359375,1.0
CQR-OneSided,0.95,0p95,test,-1433.7353515625,1161.076171875,-1437.0,1170.0,9.502243995666504,17.444950103759766,-0.9931640625,16.451786041259766,1.0
CQR-OneSided,0.95,0p95,test,-1434.254638671875,1161.44921875,-1437.0,1165.0,4.488324165344238,16.64859390258789,-0.9931640625,15.65542984008789,1.0
CQR-OneSided,0.95,0p95,test,-1437.1412353515625,1160.8477783203125,-1437.0,1160.0,0.859462320804596,15.486796379089355,-0.9931640625,14.493632316589355,1.0
CQR-OneSided,0.95,0p95,test,-1434.433837890625,1161.654541015625,-1437.0,1155.0,7.132187843322754,17.625566482543945,-0.9931640625,16.632402420043945,1.0
CQR-OneSided,0.95,0p95,test,-1435.368896484375,1162.42529296875,-1437.0,1170.0,7.7483344078063965,17.90073013305664,-0.9931640625,16.90756607055664,1.0
CQR-OneSided,0.95,0p95,test,-1433.9093017578125,1161.1829833984375,-1437.0,1165.0,4.911418437957764,16.84946060180664,-0.9931640625,15.85629653930664,1.0
CQR-OneSided,0.95,0p95,test,-1426.438720703125,1155.191650390625,-1437.0,1170.0,18.18867301940918,17.792190551757812,-0.9931640625,16.799026489257812,0.0
CQR-OneSided,0.95,0p95,test,-1442.0556640625,1167.7802734375,-1437.0,1165.0,5.769719123840332,16.948753356933594,-0.9931640625,15.955589294433594,1.0
CQR-OneSided,0.95,0p95,test,-1435.6978759765625,1162.6688232421875,-1437.0,1165.0,2.670189619064331,17.460872650146484,-0.9931640625,16.467708587646484,1.0
CQR-OneSided,0.95,0p95,test,-1422.24169921875,1151.7940673828125,-1437.0,1170.0,23.436368942260742,17.772693634033203,-0.9931640625,16.779529571533203,0.0
CQR-OneSided,0.95,0p95,test,-1444.513671875,1169.8482666015625,-1437.0,1165.0,8.942089080810547,18.3150634765625,-0.9931640625,17.3218994140625,1.0
CQR-OneSided,0.95,0p95,test,-1425.380859375,1154.322509765625,-1437.0,1170.0,19.5137939453125,17.544437408447266,-0.9931640625,16.551273345947266,0.0
CQR-OneSided,0.95,0p95,test,-1429.6766357421875,1157.7994384765625,-1437.0,1170.0,14.229735374450684,17.562528610229492,-0.9931640625,16.569364547729492,1.0
CQR-OneSided,0.95,0p95,test,-1435.4501953125,1162.43994140625,-1437.0,1165.0,2.9926233291625977,17.005647659301758,-0.9931640625,16.012483596801758,1.0
CQR-OneSided,0.95,0p95,test,-1432.0743408203125,1159.7730712890625,-1437.0,1170.0,11.35130786895752,18.135452270507812,-0.9931640625,17.142288208007812,1.0
CQR-OneSided,0.95,0p95,test,-1425.36572265625,1154.2689208984375,-1437.0,1155.0,11.657224655151367,16.840909957885742,-0.9931640625,15.847745895385742,1.0
CQR-OneSided,0.95,0p95,test,-1432.96923828125,1160.4188232421875,-1437.0,1165.0,6.101984977722168,16.797252655029297,-0.9931640625,15.804088592529297,1.0
CQR-OneSided,0.95,0p95,test,-1427.2900390625,1155.897216796875,-1437.0,1170.0,17.12226104736328,18.068012237548828,-0.9931640625,17.074848175048828,0.0
CQR-OneSided,0.95,0p95,test,-1441.6695556640625,1164.5050048828125,-1437.0,1160.0,6.488437175750732,14.658258438110352,-0.9931640625,13.665094375610352,1.0
CQR-OneSided,0.95,0p95,test,-1447.0205078125,1168.8233642578125,-1437.0,1160.0,13.351491928100586,23.13191795349121,-0.9931640625,22.13875389099121,1.0
CQR-OneSided,0.95,0p95,test,-1481.911376953125,1196.9927978515625,-1437.0,1160.0,58.18503952026367,75.16154479980469,-0.9931640625,74.16838073730469,1.0
CQR-OneSided,0.95,0p95,test,-1441.619140625,1164.4644775390625,-1437.0,1160.0,6.424018859863281,15.122420310974121,-0.9931640625,14.129256248474121,1.0
CQR-OneSided,0.95,0p95,test,-1469.707763671875,1187.1409912109375,-1437.0,1160.0,42.502132415771484,53.53950881958008,-0.9931640625,52.54634475708008,1.0
CQR-OneSided,0.95,0p95,test,-1439.252685546875,1165.5616455078125,-1437.0,1155.0,10.799210548400879,17.776329040527344,-0.9931640625,16.783164978027344,1.0
CQR-OneSided,0.95,0p95,test,-1436.765380859375,1163.51611328125,-1437.0,1170.0,6.48813009262085,17.235925674438477,-0.9931640625,16.242761611938477,1.0
CQR-OneSided,0.95,0p95,test,-1433.4639892578125,1160.83642578125,-1437.0,1165.0,5.462482929229736,17.087459564208984,-0.9931640625,16.094295501708984,1.0
CQR-OneSided,0.95,0p95,test,-1430.66455078125,1158.548828125,-1437.0,1165.0,9.041876792907715,16.724578857421875,-0.9931640625,15.731414794921875,1.0
CQR-OneSided,0.95,0p95,test,-1428.7130126953125,1157.0487060546875,-1437.0,1170.0,15.375635147094727,18.081233978271484,-0.9931640625,17.088069915771484,1.0
CQR-OneSided,0.95,0p95,test,-1433.1097412109375,1160.6353759765625,-1437.0,1170.0,10.14052677154541,18.551177978515625,-0.9931640625,17.558013916015625,1.0
CQR-OneSided,0.95,0p95,test,-1422.7259521484375,1152.137451171875,-1437.0,1155.0,14.558249473571777,16.902544021606445,-0.9931640625,15.909379959106445,1.0
CQR-OneSided,0.95,0p95,test,-1436.902099609375,1163.6630859375,-1437.0,1170.0,6.33767032623291,17.83917999267578,-0.9931640625,16.84601593017578,1.0
CQR-OneSided,0.95,0p95,test,-1423.68212890625,1152.936767578125,-1437.0,1165.0,17.969064712524414,17.30497169494629,-0.9931640625,16.31180763244629,0.0
CQR-OneSided,0.95,0p95,test,-1430.509521484375,1158.4962158203125,-1437.0,1170.0,13.208457946777344,17.96714973449707,-0.9931640625,16.97398567199707,1.0
CQR-OneSided,0.95,0p95,test,-1439.9376220703125,1166.079345703125,-1437.0,1165.0,3.129634380340576,17.129032135009766,-0.9931640625,16.135868072509766,1.0
CQR-OneSided,0.95,0p95,test,-1436.993896484375,1163.7484130859375,-1437.0,1170.0,6.251590251922607,18.038909912109375,-0.9931640625,17.045745849609375,1.0
CQR-OneSided,0.95,0p95,test,-1342.312255859375,1084.2889404296875,-1437.0,1160.0,121.23503112792969,171.77577209472656,-0.9931640625,170.78260803222656,1.0
CQR-OneSided,0.95,0p95,test,-1425.099853515625,1154.0616455078125,-1437.0,1155.0,11.937084197998047,16.954387664794922,-0.9931640625,15.961223602294922,1.0
CQR-OneSided,0.95,0p95,test,-1449.172119140625,1170.5625,-1437.0,1160.0,16.116044998168945,25.65867805480957,-0.9931640625,24.66551399230957,1.0
CQR-OneSided,0.95,0p95,test,-1433.130126953125,1157.6090087890625,-1437.0,1160.0,4.548929214477539,22.13422966003418,-0.9931640625,21.14106559753418,1.0
CQR-OneSided,0.95,0p95,test,-1428.0185546875,1156.4246826171875,-1437.0,1155.0,9.093738555908203,16.97039794921875,-0.9931640625,15.97723388671875,1.0
CQR-OneSided,0.95,0p95,test,-1427.5556640625,1156.0533447265625,-1437.0,1155.0,9.50289535522461,17.02832794189453,-0.9931640625,16.03516387939453,1.0
CQR-OneSided,0.95,0p95,test,-1427.7132568359375,1156.1746826171875,-1437.0,1155.0,9.36074161529541,16.950103759765625,-0.9931640625,15.956939697265625,1.0
CQR-OneSided,0.95,0p95,test,-1434.4527587890625,1161.7164306640625,-1437.0,1165.0,4.155750751495361,18.40163803100586,-0.9931640625,17.40847396850586,1.0
CQR-OneSided,0.95,0p95,test,-1401.7054443359375,1132.236083984375,-1437.0,1160.0,44.90591049194336,53.5462760925293,-0.9931640625,52.5531120300293,1.0
CQR-OneSided,0.95,0p95,test,-1426.970947265625,1155.634033203125,-1437.0,1170.0,17.520357131958008,17.993854522705078,-0.9931640625,17.000690460205078,0.0
CQR-OneSided,0.95,0p95,test,-1435.3004150390625,1162.3482666015625,-1437.0,1165.0,3.1496474742889404,17.50928497314453,-0.9931640625,16.51612091064453,1.0
CQR-OneSided,0.95,0p95,test,-1431.2908935546875,1159.1346435546875,-1437.0,1170.0,12.273950576782227,18.095388412475586,-0.9931640625,17.102224349975586,1.0
CQR-OneSided,0.95,0p95,test,-1426.44921875,1152.2149658203125,-1437.0,1160.0,13.112046241760254,25.99427604675293,-0.9931640625,25.00111198425293,1.0
CQR-OneSided,0.95,0p95,test,-1435.54052734375,1162.528076171875,-1437.0,1165.0,2.8706214427948,17.282550811767578,-0.9931640625,16.289386749267578,1.0
CQR-OneSided,0.95,0p95,test,-1427.349853515625,1155.943603515625,-1437.0,1170.0,17.05014991760254,18.016700744628906,-0.9931640625,17.023536682128906,0.0
CQR-OneSided,0.95,0p95,test,-1416.4951171875,1144.1776123046875,-1437.0,1160.0,25.899770736694336,42.12746047973633,-0.9931640625,41.13429641723633,1.0
CQR-OneSided,0.95,0p95,test,-1426.8975830078125,1155.5189208984375,-1437.0,1155.0,10.11573600769043,17.006488800048828,-0.9931640625,16.013324737548828,1.0
CQR-OneSided,0.95,0p95,test,-1444.8992919921875,1167.121826171875,-1437.0,1160.0,10.635751724243164,28.02495765686035,-0.9931640625,27.03179359436035,1.0
CQR-OneSided,0.95,0p95,test,-1438.370361328125,1164.872802734375,-1437.0,1170.0,5.307168960571289,18.22632598876953,-0.9931640625,17.23316192626953,1.0
CQR-OneSided,0.95,0p95,test,-1431.3671875,1159.1822509765625,-1437.0,1170.0,12.196404457092285,17.820890426635742,-0.9931640625,16.827726364135742,1.0
CQR-OneSided,0.95,0p95,test,-1432.094482421875,1159.7647705078125,-1437.0,1165.0,7.174379825592041,17.648784637451172,-0.9931640625,16.655620574951172,1.0
CQR-OneSided,0.95,0p95,test,-1429.861083984375,1157.984619140625,-1437.0,1170.0,13.976176261901855,18.201282501220703,-0.9931640625,17.208118438720703,1.0
CQR-OneSided,0.95,0p95,test,-1441.000244140625,1163.9644775390625,-1437.0,1160.0,5.631965637207031,14.488101959228516,-0.9931640625,13.494937896728516,1.0
CQR-OneSided,0.95,0p95,test,-1401.7362060546875,1132.2608642578125,-1437.0,1160.0,44.86641311645508,54.62886428833008,-0.9931640625,53.63570022583008,1.0
CQR-OneSided,0.95,0p95,test,-1434.198974609375,1161.47265625,-1437.0,1165.0,4.504209041595459,17.741207122802734,-0.9931640625,16.748043060302734,1.0
CQR-OneSided,0.95,0p95,test,-1356.1578369140625,1095.463134765625,-1437.0,1160.0,103.44303894042969,129.5842742919922,-0.9931640625,128.5911102294922,1.0
CQR-OneSided,0.95,0p95,test,-1436.4859619140625,1163.3218994140625,-1437.0,1165.0,1.7550660371780396,17.734363555908203,-0.9931640625,16.741199493408203,1.0
CQR-OneSided,0.95,0p95,test,-1430.713623046875,1158.660888671875,-1437.0,1170.0,12.965106010437012,17.928932189941406,-0.9931640625,16.935768127441406,1.0
CQR-OneSided,0.95,0p95,test,-1442.5435791015625,1168.2034912109375,-1437.0,1165.0,6.4026265144348145,17.416927337646484,-0.9931640625,16.423763275146484,1.0
CQR-OneSided,0.95,0p95,test,-1430.9298095703125,1158.7933349609375,-1437.0,1155.0,7.157974720001221,17.201831817626953,-0.9931640625,16.208667755126953,1.0
CQR-OneSided,0.95,0p95,test,-1426.0155029296875,1154.8721923828125,-1437.0,1170.0,18.695180892944336,18.181194305419922,-0.9931640625,17.188030242919922,0.0
CQR-OneSided,0.95,0p95,test,-1441.921142578125,1167.6922607421875,-1437.0,1165.0,5.609448432922363,17.261735916137695,-0.9931640625,16.268571853637695,1.0
CQR-OneSided,0.95,0p95,test,-1434.73388671875,1161.922119140625,-1437.0,1165.0,3.82212233543396,18.080015182495117,-0.9931640625,17.086851119995117,1.0
CQR-OneSided,0.95,0p95,test,-1437.3055419921875,1163.9598388671875,-1437.0,1165.0,1.0841084718704224,17.31761932373047,-0.9931640625,16.32445526123047,1.0
CQR-OneSided,0.95,0p95,test,-1429.028076171875,1154.2989501953125,-1437.0,1160.0,9.800690650939941,30.5155029296875,-0.9931640625,29.5223388671875,1.0
CQR-OneSided,0.95,0p95,test,-1432.172119140625,1159.79248046875,-1437.0,1155.0,6.802668571472168,17.113845825195312,-0.9931640625,16.120681762695312,1.0
CQR-OneSided,0.95,0p95,test,-1441.989013671875,1164.7633056640625,-1437.0,1160.0,6.897777557373047,15.516314506530762,-0.9931640625,14.523150444030762,1.0
CQR-OneSided,0.95,0p95,test,-1345.6630859375,1086.9945068359375,-1437.0,1160.0,116.92832946777344,151.47413635253906,-0.9931640625,150.48097229003906,1.0
CQR-OneSided,0.95,0p95,test,-1420.769775390625,1147.6295166015625,-1437.0,1160.0,20.40708351135254,34.35425567626953,-0.9931640625,33.36109161376953,1.0
CQR-OneSided,0.95,0p95,test,-1444.963623046875,1170.2689208984375,-1437.0,1170.0,7.968162536621094,19.243453979492188,-0.9931640625,18.250289916992188,1.0
CQR-OneSided,0.95,0p95,test,-1442.9346923828125,1168.566650390625,-1437.0,1170.0,6.105330467224121,18.231342315673828,-0.9931640625,17.238178253173828,1.0
CQR-OneSided,0.95,0p95,test,-1463.7353515625,1182.3197021484375,-1437.0,1160.0,34.8274040222168,50.622928619384766,-0.9931640625,49.629764556884766,1.0
CQR-OneSided,0.95,0p95,test,-1430.634033203125,1158.6119384765625,-1437.0,1170.0,13.046588897705078,18.212932586669922,-0.9931640625,17.219768524169922,1.0
CQR-OneSided,0.95,0p95,test,-1438.3551025390625,1164.789306640625,-1437.0,1165.0,1.3713841438293457,16.977083206176758,-0.9931640625,15.983919143676758,1.0
CQR-OneSided,0.95,0p95,test,-1418.1202392578125,1148.368896484375,-1437.0,1155.0,20.010419845581055,16.267244338989258,-0.9931640625,15.274080276489258,0.0
CQR-OneSided,0.95,0p95,test,-1438.075439453125,1164.5728759765625,-1437.0,1165.0,1.1571537256240845,17.139488220214844,-0.9931640625,16.146324157714844,1.0
CQR-OneSided,0.95,0p95,test,-1431.63525390625,1159.335205078125,-1437.0,1165.0,7.801948547363281,16.738513946533203,-0.9931640625,15.745349884033203,1.0
CQR-OneSided,0.95,0p95,test,-1428.11279296875,1156.5677490234375,-1437.0,1170.0,16.106142044067383,18.16522216796875,-0.9931640625,17.17205810546875,1.0
CQR-OneSided,0.95,0p95,test,-1436.2239990234375,1163.0693359375,-1437.0,1165.0,2.0807790756225586,17.060550689697266,-0.9931640625,16.067386627197266,1.0
CQR-OneSided,0.95,0p95,test,-1425.2998046875,1154.393798828125,-1437.0,1165.0,15.791962623596191,22.285144805908203,-0.9931640625,21.291980743408203,1.0
CQR-OneSided,0.95,0p95,test,-1435.197509765625,1159.27685546875,-1437.0,1160.0,1.9421403408050537,14.75427532196045,-0.9931640625,13.76111125946045,1.0
CQR-OneSided,0.95,0p95,test,-1365.543701171875,1103.0374755859375,-1437.0,1160.0,91.38233947753906,102.40840911865234,-0.9931640625,101.41524505615234,1.0
CQR-OneSided,0.95,0p95,test,-1437.79248046875,1164.3934326171875,-1437.0,1170.0,5.662298202514648,18.030475616455078,-0.9931640625,17.037311553955078,1.0
CQR-OneSided,0.95,0p95,test,-1418.93115234375,1146.1439208984375,-1437.0,1160.0,22.770029067993164,32.703346252441406,-0.9931640625,31.710182189941406,1.0
CQR-OneSided,0.95,0p95,test,-1431.4033203125,1159.17724609375,-1437.0,1155.0,6.983710289001465,17.222150802612305,-0.9931640625,16.228986740112305,1.0
CQR-OneSided,0.95,0p95,test,-1443.7147216796875,1166.1566162109375,-1437.0,1160.0,9.109962463378906,14.495121002197266,-0.9931640625,13.501956939697266,1.0
CQR-OneSided,0.95,0p95,test,-1449.215087890625,1170.597412109375,-1437.0,1160.0,16.17137908935547,21.257930755615234,-0.9931640625,20.264766693115234,1.0
CQR-OneSided,0.95,0p95,test,-1432.364990234375,1160.0155029296875,-1437.0,1170.0,11.007883071899414,18.257221221923828,-0.9931640625,17.264057159423828,1.0
CQR-OneSided,0.95,0p95,test,-1427.6468505859375,1156.1185302734375,-1437.0,1155.0,9.419794082641602,16.90525245666504,-0.9931640625,15.912088394165039,1.0
CQR-OneSided,0.95,0p95,test,-1435.80859375,1162.711181640625,-1437.0,1165.0,2.580336809158325,16.7232723236084,-0.9931640625,15.730108261108398,1.0
CQR-OneSided,0.95,0p95,test,-1428.8211669921875,1157.0579833984375,-1437.0,1155.0,8.433777809143066,16.731372833251953,-0.9931640625,15.738208770751953,1.0
CQR-OneSided,0.95,0p95,test,-1431.552490234375,1159.353515625,-1437.0,1170.0,11.959221839904785,18.2109375,-0.9931640625,17.2177734375,1.0
CQR-OneSided,0.95,0p95,test,-1426.0771484375,1154.9100341796875,-1437.0,1170.0,18.628358840942383,17.976655960083008,-0.9931640625,16.983491897583008,0.0
CQR-OneSided,0.95,0p95,test,-1431.08203125,1158.908447265625,-1437.0,1155.0,7.092130184173584,17.058345794677734,-0.9931640625,16.065181732177734,1.0
CQR-OneSided,0.95,0p95,test,-1444.058349609375,1169.5196533203125,-1437.0,1165.0,8.38138198852539,18.935134887695312,-0.9931640625,17.941970825195312,1.0
CQR-OneSided,0.95,0p95,test,-1426.40673828125,1155.1544189453125,-1437.0,1155.0,10.59438705444336,17.536136627197266,-0.9931640625,16.542972564697266,1.0
CQR-OneSided,0.95,0p95,test,-1433.801025390625,1161.1427001953125,-1437.0,1165.0,5.011207580566406,17.634130477905273,-0.9931640625,16.640966415405273,1.0
CQR-OneSided,0.95,0p95,test,-1389.6619873046875,1122.5108642578125,-1437.0,1160.0,60.384788513183594,72.11864471435547,-0.9931640625,71.12548065185547,1.0
CQR-OneSided,0.95,0p95,test,-1441.241455078125,1167.1033935546875,-1437.0,1165.0,4.7343645095825195,16.679340362548828,-0.9931640625,15.686176300048828,1.0
CQR-OneSided,0.95,0p95,test,-1432.76220703125,1160.32275390625,-1437.0,1170.0,10.564468383789062,17.980510711669922,-0.9931640625,16.987346649169922,1.0
CQR-OneSided,0.95,0p95,test,-1428.79248046875,1157.0845947265625,-1437.0,1170.0,15.30264949798584,17.57543182373047,-0.9931640625,16.58226776123047,1.0
CQR-OneSided,0.95,0p95,test,-1427.44287109375,1155.9520263671875,-1437.0,1155.0,9.604430198669434,16.883544921875,-0.9931640625,15.890380859375,1.0
CQR-OneSided,0.95,0p95,test,-1442.1640625,1164.9044189453125,-1437.0,1160.0,7.121858596801758,15.264114379882812,-0.9931640625,14.270950317382812,1.0
CQR-OneSided,0.95,0p95,test,-1426.2857666015625,1155.026123046875,-1437.0,1155.0,10.714264869689941,17.02804946899414,-0.9931640625,16.03488540649414,1.0
CQR-OneSided,0.95,0p95,test,-1440.43115234375,1166.5615234375,-1437.0,1170.0,4.8575639724731445,18.56462860107422,-0.9931640625,17.57146453857422,1.0
CQR-OneSided,0.95,0p95,test,-1419.760498046875,1146.8123779296875,-1437.0,1160.0,21.705156326293945,28.90099334716797,-0.9931640625,27.90782928466797,1.0
CQR-OneSided,0.95,0p95,test,-1428.046630859375,1156.51318359375,-1437.0,1170.0,16.188175201416016,18.132930755615234,-0.9931640625,17.139766693115234,1.0
CQR-OneSided,0.95,0p95,test,-1432.8048095703125,1160.3848876953125,-1437.0,1170.0,10.490472793579102,18.503215789794922,-0.9931640625,17.510051727294922,1.0
CQR-OneSided,0.95,0p95,test,-1436.527099609375,1163.30078125,-1437.0,1165.0,1.7637968063354492,16.82788848876953,-0.9931640625,15.834724426269531,1.0
CQR-OneSided,0.95,0p95,test,-1432.240966796875,1159.8538818359375,-1437.0,1155.0,6.797688007354736,17.20014762878418,-0.9931640625,16.20698356628418,1.0
CQR-OneSided,0.95,0p95,test,-1434.80908203125,1161.9583740234375,-1437.0,1155.0,7.295141696929932,17.642919540405273,-0.9931640625,16.649755477905273,1.0
CQR-OneSided,0.95,0p95,test,-1444.984375,1167.1829833984375,-1437.0,1160.0,10.739901542663574,14.440587997436523,-0.9931640625,13.447423934936523,1.0
CQR-OneSided,0.95,0p95,test,-1428.79931640625,1157.0528564453125,-1437.0,1155.0,8.453722953796387,16.918304443359375,-0.9931640625,15.925140380859375,1.0
CQR-OneSided,0.95,0p95,test,-1429.197998046875,1157.3843994140625,-1437.0,1155.0,8.158222198486328,17.0751953125,-0.9931640625,16.08203125,1.0
CQR-OneSided,0.95,0p95,test,-1437.809814453125,1164.4031982421875,-1437.0,1170.0,5.65508508682251,17.956924438476562,-0.9931640625,16.963760375976562,1.0
CQR-OneSided,0.95,0p95,test,-1436.2684326171875,1163.1114501953125,-1437.0,1165.0,2.0252928733825684,17.143569946289062,-0.9931640625,16.150405883789062,1.0
CQR-OneSided,0.95,0p95,test,-1442.9896240234375,1168.55322265625,-1437.0,1165.0,6.964264869689941,17.204572677612305,-0.9931640625,16.211408615112305,1.0
CQR-OneSided,0.95,0p95,test,-1421.2135009765625,1150.9117431640625,-1437.0,1155.0,16.307281494140625,16.87063217163086,-0.9931640625,15.87746810913086,0.0
CQR-OneSided,0.95,0p95,test,-1424.8106689453125,1153.8743896484375,-1437.0,1170.0,20.214229583740234,17.79741096496582,-0.9931640625,16.80424690246582,0.0
CQR-OneSided,0.95,0p95,test,-1434.8623046875,1162.0357666015625,-1437.0,1165.0,3.6546437740325928,18.206562042236328,-0.9931640625,17.213397979736328,1.0
CQR-OneSided,0.95,0p95,test,-1407.7750244140625,1137.13720703125,-1437.0,1160.0,37.105342864990234,52.41072082519531,-0.9931640625,51.41755676269531,1.0
CQR-OneSided,0.95,0p95,test,-1445.83154296875,1167.8642578125,-1437.0,1160.0,11.82551097869873,20.722366333007812,-0.9931640625,19.729202270507812,1.0
CQR-OneSided,0.95,0p95,test,-1429.682861328125,1157.7677001953125,-1437.0,1155.0,7.823086738586426,16.918066024780273,-0.9931640625,15.924901962280273,1.0
CQR-OneSided,0.95,0p95,test,-1426.727294921875,1155.4320068359375,-1437.0,1170.0,17.825679779052734,17.8968448638916,-0.9931640625,16.9036808013916,0.0
CQR-OneSided,0.95,0p95,test,-1477.793701171875,1193.6749267578125,-1437.0,1160.0,52.89732360839844,55.28034591674805,-0.9931640625,54.28718185424805,1.0
CQR-OneSided,0.95,0p95,test,-1425.090576171875,1154.062255859375,-1437.0,1165.0,16.169992446899414,17.115459442138672,-0.9931640625,16.122295379638672,0.0
CQR-OneSided,0.95,0p95,test,-1429.086181640625,1157.2886962890625,-1437.0,1165.0,11.04955768585205,16.964126586914062,-0.9931640625,15.970962524414062,1.0
CQR-OneSided,0.95,0p95,test,-1358.83544921875,1097.6251220703125,-1437.0,1160.0,100.0016098022461,125.55455780029297,-0.9931640625,124.56139373779297,1.0
CQR-OneSided,0.95,0p95,test,-1450.9183349609375,1171.9716796875,-1437.0,1160.0,18.358680725097656,23.330978393554688,-0.9931640625,22.337814331054688,1.0
CQR-OneSided,0.95,0p95,test,-1427.084716796875,1155.6644287109375,-1437.0,1155.0,9.937520027160645,16.895164489746094,-0.9931640625,15.902000427246094,1.0
CQR-OneSided,0.95,0p95,test,-1433.16455078125,1160.5950927734375,-1437.0,1155.0,6.78348970413208,17.091806411743164,-0.9931640625,16.098642349243164,1.0
CQR-OneSided,0.95,0p95,test,-1446.3721923828125,1168.2996826171875,-1437.0,1160.0,12.51889419555664,22.005294799804688,-0.9931640625,21.012130737304688,1.0
CQR-OneSided,0.95,0p95,test,-1436.9686279296875,1163.6949462890625,-1437.0,1165.0,1.3054307699203491,17.451133728027344,-0.9931640625,16.457969665527344,1.0
CQR-OneSided,0.95,0p95,test,-1433.199951171875,1160.6275634765625,-1437.0,1155.0,6.7904229164123535,17.147716522216797,-0.9931640625,16.154552459716797,1.0
CQR-OneSided,0.95,0p95,test,-1494.465576171875,1207.1229248046875,-1437.0,1160.0,74.31596374511719,90.36649322509766,-0.9931640625,89.37332916259766,1.0
CQR-OneSided,0.95,0p95,test,-1431.5328369140625,1156.3204345703125,-1437.0,1160.0,6.590074062347412,24.433368682861328,-0.9931640625,23.440204620361328,1.0
CQR-OneSided,0.95,0p95,test,-1439.012939453125,1162.3590087890625,-1437.0,1160.0,3.101104259490967,15.84045696258545,-0.9931640625,14.84729290008545,1.0
CQR-OneSided,0.95,0p95,test,-1433.3779296875,1160.7874755859375,-1437.0,1165.0,5.555605411529541,17.409025192260742,-0.9931640625,16.415861129760742,1.0
CQR-OneSided,0.95,0p95,test,-1431.3885498046875,1159.17529296875,-1437.0,1155.0,6.994386672973633,17.380245208740234,-0.9931640625,16.387081146240234,1.0
CQR-OneSided,0.95,0p95,test,-1444.961181640625,1170.21435546875,-1437.0,1165.0,9.516822814941406,18.337146759033203,-0.9931640625,17.343982696533203,1.0
CQR-OneSided,0.95,0p95,test,-1468.2333984375,1185.9483642578125,-1437.0,1160.0,40.6059455871582,60.406612396240234,-0.9931640625,59.413448333740234,1.0
CQR-OneSided,0.95,0p95,test,-1444.7552490234375,1170.05224609375,-1437.0,1170.0,7.755424976348877,18.439346313476562,-0.9931640625,17.446182250976562,1.0
CQR-OneSided,0.95,0p95,test,-1469.365234375,1186.8651123046875,-1437.0,1160.0,42.0623664855957,59.04658889770508,-0.9931640625,58.05342483520508,1.0
CQR-OneSided,0.95,0p95,test,-1449.716552734375,1171.0013427734375,-1437.0,1160.0,16.814882278442383,22.56241798400879,-0.9931640625,21.56925392150879,1.0
CQR-OneSided,0.95,0p95,test,-1376.2392578125,1111.6719970703125,-1437.0,1160.0,77.6367416381836,80.95822143554688,-0.9931640625,79.96505737304688,1.0
CQR-OneSided,0.95,0p95,test,-1482.466552734375,1197.4410400390625,-1437.0,1160.0,58.8985481262207,78.87369537353516,-0.9931640625,77.88053131103516,1.0
CQR-OneSided,0.95,0p95,test,-1421.515869140625,1148.2310791015625,-1437.0,1160.0,19.44905662536621,33.70096206665039,-0.9931640625,32.70779800415039,1.0
CQR-OneSided,0.95,0p95,test,-1436.7496337890625,1163.5010986328125,-1437.0,1165.0,1.5196672677993774,17.15127182006836,-0.9931640625,16.15810775756836,1.0
CQR-OneSided,0.95,0p95,test,-1425.1199951171875,1151.140625,-1437.0,1160.0,14.819684028625488,25.400842666625977,-0.9931640625,24.407678604125977,1.0
CQR-OneSided,0.95,0p95,test,-1434.12939453125,1161.4315185546875,-1437.0,1170.0,9.036551475524902,18.069108963012695,-0.9931640625,17.075944900512695,1.0
CQR-OneSided,0.95,0p95,test,-1436.878662109375,1163.5709228515625,-1437.0,1165.0,1.4342191219329834,16.641902923583984,-0.9931640625,15.648738861083984,1.0
CQR-OneSided,0.95,0p95,test,-1389.650634765625,1125.6922607421875,-1437.0,1160.0,58.47207260131836,77.49710845947266,-0.9931640625,76.50394439697266,1.0
CQR-OneSided,0.95,0p95,test,-1429.433349609375,1157.5537109375,-1437.0,1155.0,7.985965251922607,16.739803314208984,-0.9931640625,15.746639251708984,1.0
CQR-OneSided,0.95,0p95,test,-1433.62548828125,1160.976318359375,-1437.0,1155.0,6.863214492797852,17.21570587158203,-0.9931640625,16.22254180908203,1.0
CQR-OneSided,0.95,0p95,test,-1433.6173095703125,1161.0067138671875,-1437.0,1170.0,9.608423233032227,17.87837028503418,-0.9931640625,16.88520622253418,1.0
CQR-OneSided,0.95,0p95,test,-1423.426025390625,1152.7142333984375,-1437.0,1155.0,13.765083312988281,17.075374603271484,-0.9931640625,16.082210540771484,1.0
CQR-OneSided,0.95,0p95,test,-1429.9417724609375,1157.9893798828125,-1437.0,1155.0,7.6651787757873535,17.118038177490234,-0.9931640625,16.124874114990234,1.0
CQR-OneSided,0.95,0p95,test,-1443.39599609375,1168.8824462890625,-1437.0,1165.0,7.482122421264648,17.225154876708984,-0.9931640625,16.231990814208984,1.0
CQR-OneSided,0.95,0p95,test,-1438.983642578125,1165.31982421875,-1437.0,1165.0,2.0092599391937256,17.327491760253906,-0.9931640625,16.334327697753906,1.0
CQR-OneSided,0.95,0p95,test,-1430.427978515625,1158.3892822265625,-1437.0,1155.0,7.394505023956299,17.22300910949707,-0.9931640625,16.22984504699707,1.0
CQR-OneSided,0.95,0p95,test,-1446.981689453125,1168.7939453125,-1437.0,1160.0,13.302916526794434,18.42367172241211,-0.9931640625,17.43050765991211,1.0
CQR-OneSided,0.95,0p95,test,-1430.3759765625,1158.3409423828125,-1437.0,1155.0,7.4188666343688965,17.113239288330078,-0.9931640625,16.120075225830078,1.0
CQR-OneSided,0.95,0p95,test,-1427.70947265625,1156.1739501953125,-1437.0,1155.0,9.36440372467041,16.96351432800293,-0.9931640625,15.97035026550293,1.0
CQR-OneSided,0.95,0p95,test,-1438.039794921875,1164.5489501953125,-1437.0,1165.0,1.1334104537963867,17.223548889160156,-0.9931640625,16.230384826660156,1.0
CQR-OneSided,0.95,0p95,test,-1433.1705322265625,1160.6561279296875,-1437.0,1170.0,10.098156929016113,18.066757202148438,-0.9931640625,17.073593139648438,1.0
CQR-OneSided,0.95,0p95,test,-1369.5927734375,1106.3062744140625,-1437.0,1160.0,86.17859649658203,93.04288482666016,-0.9931640625,92.04972076416016,1.0
CQR-OneSided,0.95,0p95,test,-1425.61572265625,1154.53759765625,-1437.0,1170.0,19.201242446899414,17.991647720336914,-0.9931640625,16.998483657836914,0.0
CQR-OneSided,0.95,0p95,test,-1385.30615234375,1118.9913330078125,-1437.0,1160.0,65.98458099365234,68.76021575927734,-0.9931640625,67.76705169677734,1.0
CQR-OneSided,0.95,0p95,test,-1430.942626953125,1158.793701171875,-1437.0,1165.0,8.672365188598633,17.000080108642578,-0.9931640625,16.006916046142578,1.0
CQR-OneSided,0.95,0p95,test,-1426.609130859375,1152.34423828125,-1437.0,1160.0,12.906620025634766,26.163644790649414,-0.9931640625,25.170480728149414,1.0
CQR-OneSided,0.95,0p95,test,-1434.164306640625,1161.3919677734375,-1437.0,1155.0,6.992739677429199,16.894502639770508,-0.9931640625,15.901338577270508,1.0
CQR-OneSided,0.95,0p95,test,-1427.1871337890625,1155.7559814453125,-1437.0,1155.0,9.841943740844727,17.05270767211914,-0.9931640625,16.05954360961914,1.0
CQR-OneSided,0.95,0p95,test,-1431.599853515625,1159.32763671875,-1437.0,1155.0,6.920261859893799,17.07843780517578,-0.9931640625,16.08527374267578,1.0
CQR-OneSided,0.95,0p95,test,-1437.453857421875,1164.0570068359375,-1437.0,1165.0,1.046528935432434,16.941303253173828,-0.9931640625,15.948139190673828,1.0
CQR-OneSided,0.95,0p95,test,-1436.257080078125,1163.108154296875,-1437.0,1155.0,8.142118453979492,17.276103973388672,-0.9931640625,16.282939910888672,1.0
CQR-OneSided,0.95,0p95,test,-1448.575439453125,1170.076904296875,-1437.0,1160.0,15.347143173217773,25.70873260498047,-0.9931640625,24.71556854248047,1.0
CQR-OneSided,0.95,0p95,test,-1426.3909912109375,1155.0966796875,-1437.0,1155.0,10.60944938659668,16.817710876464844,-0.9931640625,15.824546813964844,1.0
CQR-OneSided,0.95,0p95,test,-1453.767822265625,1174.2738037109375,-1437.0,1160.0,22.020475387573242,23.41582489013672,-0.9931640625,22.42266082763672,1.0
CQR-OneSided,0.95,0p95,test,-1432.7232666015625,1160.2303466796875,-1437.0,1155.0,6.75625467300415,16.9595890045166,-0.9931640625,15.966424942016602,1.0
CQR-OneSided,0.95,0p95,test,-1450.924560546875,1171.9766845703125,-1437.0,1160.0,18.36666488647461,23.364938735961914,-0.9931640625,22.371774673461914,1.0
CQR-OneSided,0.95,0p95,test,-1440.58154296875,1166.61669921875,-1437.0,1165.0,3.9295248985290527,17.436840057373047,-0.9931640625,16.443675994873047,1.0
CQR-OneSided,0.95,0p95,test,-1428.172607421875,1156.5467529296875,-1437.0,1155.0,8.961880683898926,16.92930030822754,-0.9931640625,15.936136245727539,1.0
CQR-OneSided,0.95,0p95,test,-1386.11767578125,1119.6475830078125,-1437.0,1160.0,64.94096374511719,69.10660552978516,-0.9931640625,68.11344146728516,1.0
CQR-OneSided,0.95,0p95,test,-1410.6844482421875,1139.4847412109375,-1437.0,1160.0,33.367408752441406,46.85341262817383,-0.9931640625,45.86024856567383,1.0
CQR-OneSided,0.95,0p95,test,-1432.1912841796875,1156.8555908203125,-1437.0,1160.0,5.745524883270264,30.678058624267578,-0.9931640625,29.684894561767578,1.0
CQR-OneSided,0.95,0p95,test,-1422.047607421875,1151.5950927734375,-1437.0,1155.0,15.33517074584961,17.00478172302246,-0.9931640625,16.01161766052246,1.0
CQR-OneSided,0.95,0p95,test,-1434.00634765625,1161.329345703125,-1437.0,1170.0,9.172905921936035,18.015270233154297,-0.9931640625,17.022106170654297,1.0
CQR-OneSided,0.95,0p95,test,-1472.562744140625,1189.4483642578125,-1437.0,1160.0,46.172664642333984,52.550167083740234,-0.9931640625,51.557003021240234,1.0
CQR-OneSided,0.95,0p95,test,-1362.1624755859375,1100.3089599609375,-1437.0,1160.0,95.72708892822266,114.59809112548828,-0.9931640625,113.60492706298828,1.0
CQR-OneSided,0.95,0p95,test,-1433.6729736328125,1161.052734375,-1437.0,1170.0,9.545819282531738,17.912799835205078,-0.9931640625,16.919635772705078,1.0
CQR-OneSided,0.95,0p95,test,-1416.478515625,1144.1636962890625,-1437.0,1160.0,25.921415328979492,39.88981628417969,-0.9931640625,38.89665222167969,1.0
CQR-OneSided,0.95,0p95,test,-1424.4205322265625,1153.579833984375,-1437.0,1170.0,20.684894561767578,18.141965866088867,-0.9931640625,17.148801803588867,0.0
CQR-OneSided,0.95,0p95,test,-1436.654052734375,1163.5062255859375,-1437.0,1170.0,6.5029826164245605,18.61104965209961,-0.9931640625,17.61788558959961,1.0
CQR-OneSided,0.95,0p95,test,-1441.9671630859375,1167.7344970703125,-1437.0,1165.0,5.6701130867004395,17.353240966796875,-0.9931640625,16.360076904296875,1.0
CQR-OneSided,0.95,0p95,test,-1438.3912353515625,1164.8402099609375,-1437.0,1165.0,1.4003815650939941,17.344165802001953,-0.9931640625,16.351001739501953,1.0
CQR-OneSided,0.95,0p95,test,-1432.502685546875,1160.0399169921875,-1437.0,1165.0,6.6953911781311035,16.77705192565918,-0.9931640625,15.78388786315918,1.0
CQR-OneSided,0.95,0p95,test,-1443.900146484375,1166.3043212890625,-1437.0,1160.0,9.34646987915039,22.70549774169922,-0.9931640625,21.71233367919922,1.0
CQR-OneSided,0.95,0p95,test,-1431.6412353515625,1159.3582763671875,-1437.0,1155.0,6.9073100090026855,17.023300170898438,-0.9931640625,16.030136108398438,1.0
CQR-OneSided,0.95,0p95,test,-1438.0238037109375,1164.587890625,-1437.0,1170.0,5.508094310760498,18.136795043945312,-0.9931640625,17.143630981445312,1.0
CQR-OneSided,0.95,0p95,test,-1393.32421875,1125.4661865234375,-1437.0,1160.0,55.6790657043457,65.72473907470703,-0.9931640625,64.73157501220703,1.0
CQR-OneSided,0.95,0p95,test,-1438.15576171875,1164.6651611328125,-1437.0,1165.0,1.2032880783081055,17.611595153808594,-0.9931640625,16.618431091308594,1.0
CQR-OneSided,0.95,0p95,test,-1338.06103515625,1080.86083984375,-1437.0,1160.0,126.69619750976562,169.17794799804688,-0.9931640625,168.18478393554688,1.0
CQR-OneSided,0.95,0p95,test,-1438.138671875,1164.701171875,-1437.0,1170.0,5.419792652130127,18.49437713623047,-0.9931640625,17.50121307373047,1.0
CQR-OneSided,0.95,0p95,test,-1421.706787109375,1151.3157958984375,-1437.0,1160.0,17.586862564086914,17.002288818359375,-0.9931640625,16.009124755859375,0.0
CQR-OneSided,0.95,0p95,test,-1430.53857421875,1158.4793701171875,-1437.0,1165.0,9.179795265197754,17.23232650756836,-0.9931640625,16.23916244506836,1.0
CQR-OneSided,0.95,0p95,test,-1413.24462890625,1144.6307373046875,-1437.0,1160.0,28.293672561645508,23.523540496826172,-0.9931640625,22.530376434326172,0.0
CQR-OneSided,0.95,0p95,test,-1426.0159912109375,1154.7874755859375,-1437.0,1165.0,14.998136520385742,16.696605682373047,-0.9931640625,15.703441619873047,1.0
CQR-OneSided,0.95,0p95,test,-1427.959228515625,1156.38037109375,-1437.0,1155.0,9.145544052124023,17.03961944580078,-0.9931640625,16.04645538330078,1.0
CQR-OneSided,0.95,0p95,test,-1438.6998291015625,1165.1490478515625,-1437.0,1170.0,5.140151500701904,18.376670837402344,-0.9931640625,17.383506774902344,1.0
CQR-OneSided,0.95,0p95,test,-1430.123046875,1158.1302490234375,-1437.0,1165.0,9.720389366149902,16.999515533447266,-0.9931640625,16.006351470947266,1.0
CQR-OneSided,0.95,0p95,test,-1433.660400390625,1161.0697021484375,-1437.0,1170.0,9.534314155578613,18.361026763916016,-0.9931640625,17.367862701416016,1.0
CQR-OneSided,0.95,0p95,test,-1441.004150390625,1167.0208740234375,-1437.0,1170.0,4.990832805633545,18.50446319580078,-0.9931640625,17.51129913330078,1.0
CQR-OneSided,0.95,0p95,test,-1427.30908203125,1155.9534912109375,-1437.0,1170.0,17.065120697021484,18.76775550842285,-0.9931640625,17.77459144592285,1.0
CQR-OneSided,0.95,0p95,test,-1447.8218994140625,1172.5340576171875,-1437.0,1170.0,11.114627838134766,18.43978500366211,-0.9931640625,17.44662094116211,1.0
CQR-OneSided,0.95,0p95,test,-1426.401123046875,1155.2060546875,-1437.0,1170.0,18.198820114135742,18.52317237854004,-0.9931640625,17.53000831604004,0.0
CQR-OneSided,0.95,0p95,test,-1441.74267578125,1164.56298828125,-1437.0,1160.0,6.581324577331543,14.726419448852539,-0.9931640625,13.733255386352539,1.0
CQR-OneSided,0.95,0p95,test,-1422.0087890625,1148.6307373046875,-1437.0,1160.0,18.814794540405273,31.319385528564453,-0.9931640625,30.326221466064453,1.0
CQR-OneSided,0.95,0p95,test,-1430.185791015625,1158.2198486328125,-1437.0,1170.0,13.60901927947998,17.717700958251953,-0.9931640625,16.724536895751953,1.0
CQR-OneSided,0.95,0p95,test,-1429.055419921875,1157.3236083984375,-1437.0,1170.0,14.960188865661621,18.054035186767578,-0.9931640625,17.060871124267578,1.0
CQR-OneSided,0.95,0p95,test,-1440.4410400390625,1163.5135498046875,-1437.0,1160.0,4.917904853820801,15.264369010925293,-0.9931640625,14.271204948425293,1.0
CQR-OneSided,0.95,0p95,test,-1434.634521484375,1161.841796875,-1437.0,1170.0,8.494219779968262,18.09344482421875,-0.9931640625,17.10028076171875,1.0
CQR-OneSided,0.95,0p95,test,-1427.707275390625,1156.1734619140625,-1437.0,1155.0,9.366522789001465,16.99439239501953,-0.9931640625,16.00122833251953,1.0
CQR-OneSided,0.95,0p95,test,-1419.605712890625,1149.6390380859375,-1437.0,1165.0,23.20604133605957,17.300662994384766,-0.9931640625,16.307498931884766,0.0
CQR-OneSided,0.95,0p95,test,-1428.421142578125,1156.7998046875,-1437.0,1170.0,15.742997169494629,17.86595916748047,-0.9931640625,16.87279510498047,1.0
CQR-OneSided,0.95,0p95,test,-1434.19189453125,1161.4210205078125,-1437.0,1165.0,4.549126148223877,16.990325927734375,-0.9931640625,15.997161865234375,1.0
CQR-OneSided,0.95,0p95,test,-1398.48291015625,1129.633544921875,-1437.0,1160.0,49.04780960083008,60.232505798339844,-0.9931640625,59.239341735839844,1.0
CQR-OneSided,0.95,0p95,test,-1421.8668212890625,1148.5140380859375,-1437.0,1160.0,18.998432159423828,32.4288215637207,-0.9931640625,31.435657501220703,1.0
CQR-OneSided,0.95,0p95,test,-1424.067138671875,1150.2918701171875,-1437.0,1160.0,16.171167373657227,28.696989059448242,-0.9931640625,27.703824996948242,1.0
CQR-OneSided,0.95,0p95,test,-1432.3209228515625,1160.0,-1437.0,1170.0,11.04055118560791,18.589488983154297,-0.9931640625,17.596324920654297,1.0
CQR-OneSided,0.95,0p95,test,-1434.6455078125,1161.7955322265625,-1437.0,1165.0,3.97646164894104,17.097562789916992,-0.9931640625,16.104398727416992,1.0
CQR-OneSided,0.95,0p95,test,-1435.2215576171875,1162.2421875,-1437.0,1165.0,3.281522035598755,16.804893493652344,-0.9931640625,15.811729431152344,1.0
CQR-OneSided,0.95,0p95,test,-1433.0517578125,1157.5440673828125,-1437.0,1160.0,4.649755001068115,15.360127449035645,-0.9931640625,14.366963386535645,1.0
CQR-OneSided,0.95,0p95,test,-1430.061279296875,1158.095947265625,-1437.0,1155.0,7.598074436187744,17.298938751220703,-0.9931640625,16.305774688720703,1.0
CQR-OneSided,0.95,0p95,test,-1443.584716796875,1169.0557861328125,-1437.0,1165.0,7.733556270599365,17.557018280029297,-0.9931640625,16.563854217529297,1.0
CQR-OneSided,0.95,0p95,test,-1434.172607421875,1161.4183349609375,-1437.0,1165.0,4.563164710998535,17.222742080688477,-0.9931640625,16.229578018188477,1.0
CQR-OneSided,0.95,0p95,test,-1432.7137451171875,1160.22119140625,-1437.0,1155.0,6.755207061767578,16.934406280517578,-0.9931640625,15.941242218017578,1.0
CQR-OneSided,0.95,0p95,test,-1431.1279296875,1158.9432373046875,-1437.0,1155.0,7.073212146759033,17.025711059570312,-0.9931640625,16.032546997070312,1.0
CQR-OneSided,0.95,0p95,test,-1440.6102294921875,1166.6763916015625,-1437.0,1165.0,3.9804580211639404,18.03103256225586,-0.9931640625,17.03786849975586,1.0
CQR-OneSided,0.95,0p95,test,-1426.5694580078125,1152.3106689453125,-1437.0,1160.0,12.95847225189209,23.879262924194336,-0.9931640625,22.886098861694336,1.0
CQR-OneSided,0.95,0p95,test,-1427.0093994140625,1155.6458740234375,-1437.0,1170.0,17.48865509033203,17.650184631347656,-0.9931640625,16.657020568847656,0.0
CQR-OneSided,0.95,0p95,test,-1435.8585205078125,1162.747802734375,-1437.0,1165.0,2.524949073791504,16.666587829589844,-0.9931640625,15.673423767089844,1.0
CQR-OneSided,0.95,0p95,test,-1445.02099609375,1170.2113037109375,-1437.0,1165.0,9.565253257751465,17.450759887695312,-0.9931640625,16.457595825195312,1.0
CQR-OneSided,0.95,0p95,test,-1422.514892578125,1151.9276123046875,-1437.0,1155.0,14.80735969543457,16.298664093017578,-0.9931640625,15.305500030517578,1.0
CQR-OneSided,0.95,0p95,test,-1443.9698486328125,1169.371337890625,-1437.0,1165.0,8.227234840393066,17.61911392211914,-0.9931640625,16.62594985961914,1.0
CQR-OneSided,0.95,0p95,test,-1431.4927978515625,1159.2734375,-1437.0,1170.0,12.057711601257324,17.664020538330078,-0.9931640625,16.670856475830078,1.0
CQR-OneSided,0.95,0p95,test,-1446.363525390625,1168.2952880859375,-1437.0,1160.0,12.509492874145508,20.19793701171875,-0.9931640625,19.20477294921875,1.0
CQR-OneSided,0.95,0p95,test,-1359.495361328125,1098.1595458984375,-1437.0,1160.0,99.1524658203125,124.01811981201172,-0.9931640625,123.02495574951172,1.0
CQR-OneSided,0.95,0p95,test,-1430.435791015625,1158.3907470703125,-1437.0,1155.0,7.3882341384887695,17.1439151763916,-0.9931640625,16.1507511138916,1.0
CQR-OneSided,0.95,0p95,test,-1435.21826171875,1162.3365478515625,-1437.0,1170.0,7.867851734161377,18.480304718017578,-0.9931640625,17.487140655517578,1.0
CQR-OneSided,0.95,0p95,test,-1429.888916015625,1157.9320068359375,-1437.0,1155.0,7.6918253898620605,16.88391876220703,-0.9931640625,15.890754699707031,1.0
CQR-OneSided,0.95,0p95,test,-1428.445068359375,1156.818359375,-1437.0,1170.0,15.714404106140137,17.82740020751953,-0.9931640625,16.83423614501953,1.0
CQR-OneSided,0.95,0p95,test,-1422.0531005859375,1148.665771484375,-1437.0,1160.0,18.758319854736328,34.829368591308594,-0.9931640625,33.836204528808594,1.0
CQR-OneSided,0.95,0p95,test,-1425.203125,1154.14453125,-1437.0,1155.0,11.827852249145508,16.935283660888672,-0.9931640625,15.942119598388672,1.0
CQR-OneSided,0.95,0p95,test,-1442.8641357421875,1168.518310546875,-1437.0,1170.0,6.048429012298584,18.35707664489746,-0.9931640625,17.36391258239746,1.0
CQR-OneSided,0.95,0p95,test,-1430.9288330078125,1158.7939453125,-1437.0,1155.0,7.159126281738281,17.220243453979492,-0.9931640625,16.227079391479492,1.0
CQR-OneSided,0.95,0p95,test,-1433.3267822265625,1160.735595703125,-1437.0,1155.0,6.810990333557129,17.241783142089844,-0.9931640625,16.248619079589844,1.0
CQR-OneSided,0.95,0p95,test,-1442.638427734375,1168.245849609375,-1437.0,1165.0,6.505951881408691,16.886295318603516,-0.9931640625,15.893131256103516,1.0
CQR-OneSided,0.95,0p95,test,-1432.2012939453125,1156.8599853515625,-1437.0,1160.0,5.734742641448975,22.944040298461914,-0.9931640625,21.950876235961914,1.0
CQR-OneSided,0.95,0p95,test,-1437.329833984375,1163.95751953125,-1437.0,1165.0,1.0934147834777832,16.949033737182617,-0.9931640625,15.955869674682617,1.0
CQR-OneSided,0.95,0p95,test,-1434.041259765625,1161.344482421875,-1437.0,1170.0,9.147247314453125,17.797367095947266,-0.9931640625,16.804203033447266,1.0
CQR-OneSided,0.95,0p95,test,-1427.4346923828125,1156.0123291015625,-1437.0,1170.0,16.94550323486328,18.045574188232422,-0.9931640625,17.052410125732422,1.0
CQR-OneSided,0.95,0p95,test,-1440.865478515625,1166.8919677734375,-1437.0,1170.0,4.960019111633301,18.220287322998047,-0.9931640625,17.227123260498047,1.0
CQR-OneSided,0.95,0p95,test,-1424.792724609375,1153.841064453125,-1437.0,1155.0,12.262165069580078,17.42501449584961,-0.9931640625,16.43185043334961,1.0
CQR-OneSided,0.95,0p95,test,-1432.29736328125,1159.8681640625,-1437.0,1155.0,6.768589973449707,16.68756675720215,-0.9931640625,15.694402694702148,1.0
CQR-OneSided,0.95,0p95,test,-1444.435791015625,1169.8294677734375,-1437.0,1170.0,7.437746047973633,19.061046600341797,-0.9931640625,18.067882537841797,1.0
CQR-OneSided,0.95,0p95,test,-1449.41796875,1170.760498046875,-1437.0,1160.0,16.431501388549805,20.708335876464844,-0.9931640625,19.715171813964844,1.0
CQR-OneSided,0.95,0p95,test,-1425.84814453125,1154.6632080078125,-1437.0,1155.0,11.156940460205078,16.90660858154297,-0.9931640625,15.913444519042969,1.0
CQR-OneSided,0.95,0p95,test,-1447.38232421875,1172.14697265625,-1437.0,1165.0,12.604438781738281,17.861141204833984,-0.9931640625,16.867977142333984,1.0
CQR-OneSided,0.95,0p95,test,-1431.559814453125,1159.2684326171875,-1437.0,1165.0,7.902308940887451,16.65545082092285,-0.9931640625,15.662286758422852,1.0
CQR-OneSided,0.95,0p95,test,-1428.23291015625,1156.673828125,-1437.0,1170.0,15.951448440551758,18.296524047851562,-0.9931640625,17.303359985351562,1.0
CQR-OneSided,0.95,0p95,test,-1433.6690673828125,1161.011962890625,-1437.0,1165.0,5.196109294891357,17.223039627075195,-0.9931640625,16.229875564575195,1.0
CQR-OneSided,0.95,0p95,test,-1432.15283203125,1159.8187255859375,-1437.0,1170.0,11.276230812072754,17.836647033691406,-0.9931640625,16.843482971191406,1.0
CQR-OneSided,0.95,0p95,test,-1432.054443359375,1159.763671875,-1437.0,1170.0,11.36841869354248,18.2733154296875,-0.9931640625,17.2801513671875,1.0
CQR-OneSided,0.95,0p95,test,-1425.9366455078125,1154.732666015625,-1437.0,1155.0,11.066583633422852,16.8594970703125,-0.9931640625,15.8663330078125,1.0
CQR-OneSided,0.95,0p95,test,-1427.814697265625,1156.3250732421875,-1437.0,1170.0,16.47341537475586,18.141887664794922,-0.9931640625,17.148723602294922,1.0
CQR-OneSided,0.95,0p95,test,-1432.89599609375,1160.414306640625,-1437.0,1155.0,6.793935775756836,17.694046020507812,-0.9931640625,16.700881958007812,1.0
CQR-OneSided,0.95,0p95,test,-1428.763427734375,1157.09033203125,-1437.0,1170.0,15.313414573669434,18.09227752685547,-0.9931640625,17.09911346435547,1.0
CQR-OneSided,0.95,0p95,test,-1429.4263916015625,1157.5550537109375,-1437.0,1155.0,7.992987155914307,16.842792510986328,-0.9931640625,15.849628448486328,1.0
CQR-OneSided,0.95,0p95,test,-1442.933837890625,1165.5267333984375,-1437.0,1160.0,8.108959197998047,15.528207778930664,-0.9931640625,14.535043716430664,1.0
CQR-OneSided,0.95,0p95,test,-1435.4520263671875,1159.4837646484375,-1437.0,1160.0,1.6317846775054932,18.961483001708984,-0.9931640625,17.968318939208984,1.0
CQR-OneSided,0.95,0p95,test,-1429.09716796875,1157.296875,-1437.0,1155.0,8.22984790802002,16.974010467529297,-0.9931640625,15.980846405029297,1.0
CQR-OneSided,0.95,0p95,test,-1443.8416748046875,1169.2615966796875,-1437.0,1165.0,8.060379981994629,17.52257537841797,-0.9931640625,16.52941131591797,1.0
CQR-OneSided,0.95,0p95,test,-1424.84716796875,1153.8529052734375,-1437.0,1155.0,12.206849098205566,16.89398193359375,-0.9931640625,15.90081787109375,1.0
CQR-OneSided,0.95,0p95,test,-1419.8466796875,1149.880859375,-1437.0,1170.0,26.438915252685547,18.1890869140625,-0.9931640625,17.1959228515625,0.0
CQR-OneSided,0.95,0p95,test,-1427.2908935546875,1155.8885498046875,-1437.0,1170.0,17.128915786743164,17.92019271850586,-0.9931640625,16.92702865600586,0.0
CQR-OneSided,0.95,0p95,test,-1433.01171875,1160.4666748046875,-1437.0,1155.0,6.7668986320495605,17.004989624023438,-0.9931640625,16.011825561523438,1.0
CQR-OneSided,0.95,0p95,test,-1425.1802978515625,1154.1182861328125,-1437.0,1155.0,11.852542877197266,16.816743850708008,-0.9931640625,15.823579788208008,1.0
CQR-OneSided,0.95,0p95,test,-1445.2598876953125,1167.404052734375,-1437.0,1160.0,11.092598915100098,15.989102363586426,-0.9931640625,14.995938301086426,1.0
CQR-OneSided,0.95,0p95,test,-1427.08056640625,1155.6605224609375,-1437.0,1155.0,9.941400527954102,16.890153884887695,-0.9931640625,15.896989822387695,1.0
CQR-OneSided,0.95,0p95,test,-1432.3232421875,1159.924072265625,-1437.0,1155.0,6.791064262390137,17.242755889892578,-0.9931640625,16.249591827392578,1.0
CQR-OneSided,0.95,0p95,test,-1431.1356201171875,1158.9464111328125,-1437.0,1155.0,7.068600654602051,16.97745132446289,-0.9931640625,15.98428726196289,1.0
CQR-OneSided,0.95,0p95,test,-1431.33740234375,1159.1463623046875,-1437.0,1170.0,12.241995811462402,17.635774612426758,-0.9931640625,16.642610549926758,1.0
CQR-OneSided,0.95,0p95,test,-1439.59912109375,1165.8101806640625,-1437.0,1165.0,2.722466230392456,17.23125457763672,-0.9931640625,16.23809051513672,1.0
CQR-OneSided,0.95,0p95,test,-1442.326416015625,1168.091064453125,-1437.0,1170.0,5.6581573486328125,18.478866577148438,-0.9931640625,17.485702514648438,1.0
CQR-OneSided,0.95,0p95,test,-1426.06640625,1154.843505859375,-1437.0,1155.0,10.934713363647461,16.95001983642578,-0.9931640625,15.956855773925781,1.0
CQR-OneSided,0.95,0p95,test,-1498.1732177734375,1210.1253662109375,-1437.0,1160.0,79.08675384521484,84.44701385498047,-0.9931640625,83.45384979248047,1.0
CQR-OneSided,0.95,0p95,test,-1428.579833984375,1156.947021484375,-1437.0,1170.0,15.533172607421875,18.18001937866211,-0.9931640625,17.18685531616211,1.0
CQR-OneSided,0.95,0p95,test,-1427.8779296875,1156.3814697265625,-1437.0,1170.0,16.391355514526367,18.2264461517334,-0.9931640625,17.2332820892334,1.0
CQR-OneSided,0.95,0p95,test,-1426.9287109375,1155.5941162109375,-1437.0,1155.0,10.088797569274902,17.842445373535156,-0.9931640625,16.849281311035156,1.0
CQR-OneSided,0.95,0p95,test,-1429.741943359375,1157.8292236328125,-1437.0,1155.0,7.789986610412598,17.14830780029297,-0.9931640625,16.15514373779297,1.0
CQR-OneSided,0.95,0p95,test,-1434.56201171875,1161.7276611328125,-1437.0,1165.0,4.080684661865234,17.097576141357422,-0.9931640625,16.104412078857422,1.0
CQR-OneSided,0.95,0p95,test,-1434.57373046875,1161.7445068359375,-1437.0,1155.0,7.167646408081055,17.2424259185791,-0.9931640625,16.2492618560791,1.0
CQR-OneSided,0.95,0p95,test,-1427.495849609375,1155.9927978515625,-1437.0,1155.0,9.555863380432129,16.843151092529297,-0.9931640625,15.849987030029297,1.0
CQR-OneSided,0.95,0p95,test,-1440.649169921875,1166.6864013671875,-1437.0,1165.0,4.019999027252197,17.641143798828125,-0.9931640625,16.647979736328125,1.0
CQR-OneSided,0.95,0p95,test,-1435.7532958984375,1162.6956787109375,-1437.0,1165.0,2.6199557781219482,17.183895111083984,-0.9931640625,16.190731048583984,1.0
CQR-OneSided,0.95,0p95,test,-1429.540771484375,1157.7115478515625,-1437.0,1170.0,14.375191688537598,17.97095489501953,-0.9931640625,16.97779083251953,1.0
CQR-OneSided,0.95,0p95,test,-1429.655029296875,1157.758544921875,-1437.0,1155.0,7.845901012420654,17.140216827392578,-0.9931640625,16.147052764892578,1.0
CQR-OneSided,0.95,0p95,test,-1434.03564453125,1161.288818359375,-1437.0,1165.0,4.749765396118164,16.92844009399414,-0.9931640625,15.93527603149414,1.0
CQR-OneSided,0.95,0p95,test,-1428.341064453125,1156.7548828125,-1437.0,1170.0,15.824357986450195,18.20464515686035,-0.9931640625,17.21148109436035,1.0
CQR-OneSided,0.95,0p95,test,-1438.8013916015625,1165.1734619140625,-1437.0,1165.0,1.809723973274231,17.375629425048828,-0.9931640625,16.382465362548828,1.0
CQR-OneSided,0.95,0p95,test,-1431.2684326171875,1159.061767578125,-1437.0,1155.0,7.024871349334717,17.093704223632812,-0.9931640625,16.100540161132812,1.0
CQR-OneSided,0.95,0p95,test,-1439.375,1165.6077880859375,-1437.0,1165.0,2.4515364170074463,16.90909194946289,-0.9931640625,15.91592788696289,1.0
CQR-OneSided,0.95,0p95,test,-1432.240966796875,1156.891845703125,-1437.0,1160.0,5.684102535247803,18.980072021484375,-0.9931640625,17.986907958984375,1.0
CQR-OneSided,0.95,0p95,test,-1435.929443359375,1162.82958984375,-1437.0,1165.0,2.420076847076416,17.010677337646484,-0.9931640625,16.017513275146484,1.0
CQR-OneSided,0.95,0p95,test,-1433.617431640625,1161.029296875,-1437.0,1170.0,9.58724594116211,18.26837921142578,-0.9931640625,17.27521514892578,1.0
CQR-OneSided,0.95,0p95,test,-1433.364501953125,1160.7703857421875,-1437.0,1155.0,6.820131778717041,17.324012756347656,-0.9931640625,16.330848693847656,1.0
CQR-OneSided,0.95,0p95,test,-1406.3173828125,1135.9588623046875,-1437.0,1160.0,38.97947311401367,53.5958251953125,-0.9931640625,52.6026611328125,1.0
CQR-OneSided,0.95,0p95,test,-1468.91455078125,1186.5029296875,-1437.0,1160.0,41.48426055908203,49.33477783203125,-0.9931640625,48.34161376953125,1.0
CQR-OneSided,0.95,0p95,test,-1439.6650390625,1165.8282470703125,-1437.0,1165.0,2.7907752990722656,16.689308166503906,-0.9931640625,15.696144104003906,1.0
CQR-OneSided,0.95,0p95,test,-1433.739990234375,1161.1278076171875,-1437.0,1170.0,9.452166557312012,18.271648406982422,-0.9931640625,17.278484344482422,1.0
CQR-OneSided,0.95,0p95,test,-1417.989501953125,1145.3848876953125,-1437.0,1160.0,23.979169845581055,38.363101959228516,-0.9931640625,37.369937896728516,1.0
CQR-OneSided,0.95,0p95,test,-1437.9130859375,1164.4085693359375,-1437.0,1165.0,1.0878952741622925,16.65247917175293,-0.9931640625,15.65931510925293,1.0
CQR-OneSided,0.95,0p95,test,-1433.023681640625,1160.4923095703125,-1437.0,1155.0,6.78060245513916,17.274005889892578,-0.9931640625,16.280841827392578,1.0
CQR-OneSided,0.95,0p95,test,-1422.0299072265625,1151.56591796875,-1437.0,1155.0,15.358925819396973,16.76854705810547,-0.9931640625,15.775382995605469,1.0
CQR-OneSided,0.95,0p95,test,-1422.6722412109375,1149.1656494140625,-1437.0,1160.0,17.96295738220215,35.71768569946289,-0.9931640625,34.72452163696289,1.0
CQR-OneSided,0.95,0p95,test,-1430.5372314453125,1158.467529296875,-1437.0,1155.0,7.334244251251221,17.061683654785156,-0.9931640625,16.068519592285156,1.0
CQR-OneSided,0.95,0p95,test,-1428.02392578125,1156.4326171875,-1437.0,1155.0,9.089680671691895,17.039363861083984,-0.9931640625,16.046199798583984,1.0
CQR-OneSided,0.95,0p95,test,-1466.145263671875,1184.2657470703125,-1437.0,1160.0,37.92456817626953,47.11373519897461,-0.9931640625,46.12057113647461,1.0
CQR-OneSided,0.95,0p95,test,-1434.240234375,1161.5133056640625,-1437.0,1170.0,8.924140930175781,17.928726196289062,-0.9931640625,16.935562133789062,1.0
CQR-OneSided,0.95,0p95,test,-1433.386962890625,1160.7744140625,-1437.0,1155.0,6.811600208282471,17.085826873779297,-0.9931640625,16.092662811279297,1.0
CQR-OneSided,0.95,0p95,test,-1434.560791015625,1161.732177734375,-1437.0,1155.0,7.1604437828063965,17.220285415649414,-0.9931640625,16.227121353149414,1.0
CQR-OneSided,0.95,0p95,test,-1426.556396484375,1155.2325439453125,-1437.0,1155.0,10.446191787719727,16.820114135742188,-0.9931640625,15.826950073242188,1.0
CQR-OneSided,0.95,0p95,test,-1439.515869140625,1165.814453125,-1437.0,1170.0,4.883482456207275,18.468685150146484,-0.9931640625,17.475521087646484,1.0
CQR-OneSided,0.95,0p95,test,-1431.6962890625,1159.456787109375,-1437.0,1170.0,11.80206298828125,17.98220443725586,-0.9931640625,16.98904037475586,1.0
CQR-OneSided,0.95,0p95,test,-1428.124755859375,1156.5106201171875,-1437.0,1155.0,9.002884864807129,16.979578018188477,-0.9931640625,15.986413955688477,1.0
CQR-OneSided,0.95,0p95,test,-1433.795166015625,1161.1011962890625,-1437.0,1155.0,6.891702175140381,17.02346420288086,-0.9931640625,16.03030014038086,1.0
CQR-OneSided,0.95,0p95,test,-1426.847412109375,1155.4903564453125,-1437.0,1165.0,13.910728454589844,17.194957733154297,-0.9931640625,16.201793670654297,1.0
CQR-OneSided,0.95,0p95,test,-1437.025634765625,1163.7613525390625,-1437.0,1155.0,8.76138973236084,17.802021026611328,-0.9931640625,16.808856964111328,1.0
CQR-OneSided,0.95,0p95,test,-1425.677734375,1151.592529296875,-1437.0,1160.0,14.102456092834473,32.33987808227539,-0.9931640625,31.34671401977539,1.0
CQR-OneSided,0.95,0p95,test,-1435.114013671875,1162.171875,-1437.0,1155.0,7.415709018707275,17.07227897644043,-0.9931640625,16.07911491394043,1.0
CQR-OneSided,0.95,0p95,test,-1433.7501220703125,1161.0604248046875,-1437.0,1165.0,5.107049942016602,16.938737869262695,-0.9931640625,15.945573806762695,1.0
CQR-OneSided,0.95,0p95,test,-1441.3214111328125,1167.26953125,-1437.0,1170.0,5.111756324768066,18.376361846923828,-0.9931640625,17.383197784423828,1.0
CQR-OneSided,0.95,0p95,test,-1436.4578857421875,1163.3134765625,-1437.0,1165.0,1.771510362625122,17.983346939086914,-0.9931640625,16.990182876586914,1.0
CQR-OneSided,0.95,0p95,test,-1443.48974609375,1168.9666748046875,-1437.0,1165.0,7.6060051918029785,17.351106643676758,-0.9931640625,16.357942581176758,1.0
CQR-OneSided,0.95,0p95,test,-1442.54150390625,1168.1990966796875,-1437.0,1165.0,6.398631572723389,17.381107330322266,-0.9931640625,16.387943267822266,1.0
CQR-OneSided,0.95,0p95,test,-1431.454345703125,1159.2177734375,-1437.0,1155.0,6.967344760894775,17.195280075073242,-0.9931640625,16.202116012573242,1.0
CQR-OneSided,0.95,0p95,test,-1430.735107421875,1158.630615234375,-1437.0,1155.0,7.240873336791992,17.10859489440918,-0.9931640625,16.11543083190918,1.0
CQR-OneSided,0.95,0p95,test,-1433.01513671875,1160.4718017578125,-1437.0,1155.0,6.769028663635254,17.05080795288086,-0.9931640625,16.05764389038086,1.0
CQR-OneSided,0.95,0p95,test,-1369.2427978515625,1106.0267333984375,-1437.0,1160.0,86.62651062011719,103.15514373779297,-0.9931640625,102.16197967529297,1.0
CQR-OneSided,0.95,0p95,test,-1422.5858154296875,1151.9783935546875,-1437.0,1165.0,19.42500877380371,16.208507537841797,-0.9931640625,15.215343475341797,0.0
CQR-OneSided,0.95,0p95,test,-1434.7918701171875,1161.9024658203125,-1437.0,1155.0,7.2470598220825195,16.948345184326172,-0.9931640625,15.955181121826172,1.0
CQR-OneSided,0.95,0p95,test,-1433.9761962890625,1161.225830078125,-1437.0,1165.0,4.836088180541992,16.682510375976562,-0.9931640625,15.689346313476562,1.0
CQR-OneSided,0.95,0p95,test,-1437.16015625,1160.8658447265625,-1437.0,1160.0,0.8805322647094727,18.368179321289062,-0.9931640625,17.375015258789062,1.0
CQR-OneSided,0.95,0p95,test,-1430.5115966796875,1158.4444580078125,-1437.0,1155.0,7.345996856689453,17.035781860351562,-0.9931640625,16.042617797851562,1.0
CQR-OneSided,0.95,0p95,test,-1432.7548828125,1157.3067626953125,-1437.0,1160.0,5.027379512786865,20.707096099853516,-0.9931640625,19.713932037353516,1.0
CQR-OneSided,0.95,0p95,test,-1429.63623046875,1157.78857421875,-1437.0,1170.0,14.25987434387207,17.957691192626953,-0.9931640625,16.964527130126953,1.0
CQR-OneSided,0.95,0p95,test,-1437.0284423828125,1163.7884521484375,-1437.0,1170.0,6.211613178253174,18.242900848388672,-0.9931640625,17.249736785888672,1.0
CQR-OneSided,0.95,0p95,test,-1331.455810546875,1078.9027099609375,-1437.0,1160.0,133.10276794433594,213.0470428466797,-0.9931640625,212.0538787841797,1.0
CQR-OneSided,0.95,0p95,test,-1438.353515625,1164.8182373046875,-1437.0,1165.0,1.3656654357910156,17.463977813720703,-0.9931640625,16.470813751220703,1.0
CQR-OneSided,0.95,0p95,test,-1424.6317138671875,1153.675048828125,-1437.0,1155.0,12.439051628112793,16.840524673461914,-0.9931640625,15.847360610961914,1.0
CQR-OneSided,0.95,0p95,test,-1432.763671875,1160.27880859375,-1437.0,1155.0,6.768477916717529,17.23495864868164,-0.9931640625,16.24179458618164,1.0
CQR-OneSided,0.95,0p95,test,-1456.2962646484375,1176.3131103515625,-1437.0,1160.0,25.267833709716797,33.32439041137695,-0.9931640625,32.33122634887695,1.0
CQR-OneSided,0.95,0p95,test,-1434.234619140625,1161.4813232421875,-1437.0,1165.0,4.475312232971191,17.428421020507812,-0.9931640625,16.435256958007812,1.0
CQR-OneSided,0.95,0p95,test,-1428.182373046875,1156.5628662109375,-1437.0,1155.0,8.955060005187988,17.06873321533203,-0.9931640625,16.07556915283203,1.0
CQR-OneSided,0.95,0p95,test,-1432.1826171875,1159.8572998046875,-1437.0,1170.0,11.22860336303711,18.083087921142578,-0.9931640625,17.089923858642578,1.0
CQR-OneSided,0.95,0p95,test,-1434.9371337890625,1162.06201171875,-1437.0,1170.0,8.201650619506836,17.663820266723633,-0.9931640625,16.670656204223633,1.0
CQR-OneSided,0.95,0p95,test,-1413.6080322265625,1141.8468017578125,-1437.0,1160.0,29.60950469970703,39.4327507019043,-0.9931640625,38.4395866394043,1.0
CQR-OneSided,0.95,0p95,test,-1429.9761962890625,1158.0428466796875,-1437.0,1165.0,9.886141777038574,17.556623458862305,-0.9931640625,16.563459396362305,1.0
CQR-OneSided,0.95,0p95,test,-1438.8338623046875,1165.1954345703125,-1437.0,1165.0,1.8442466259002686,17.284494400024414,-0.9931640625,16.291330337524414,1.0
CQR-OneSided,0.95,0p95,test,-1427.4429931640625,1155.9559326171875,-1437.0,1165.0,13.15794563293457,16.9118595123291,-0.9931640625,15.918695449829102,1.0
CQR-OneSided,0.95,0p95,test,-1434.90234375,1159.0404052734375,-1437.0,1160.0,2.3067257404327393,17.554828643798828,-0.9931640625,16.561664581298828,1.0
CQR-OneSided,0.95,0p95,test,-1423.963623046875,1150.2083740234375,-1437.0,1160.0,16.304080963134766,34.32252883911133,-0.9931640625,33.32936477661133,1.0
CQR-OneSided,0.95,0p95,test,-1435.5462646484375,1162.54541015625,-1437.0,1155.0,7.684175968170166,17.487106323242188,-0.9931640625,16.493942260742188,1.0
CQR-OneSided,0.95,0p95,test,-1418.44189453125,1145.75048828125,-1437.0,1160.0,23.397689819335938,44.62551498413086,-0.9931640625,43.63235092163086,1.0
CQR-OneSided,0.95,0p95,test,-1430.0743408203125,1155.1416015625,-1437.0,1160.0,8.459834098815918,22.429439544677734,-0.9931640625,21.436275482177734,1.0
CQR-OneSided,0.95,0p95,test,-1403.624755859375,1133.78466796875,-1437.0,1160.0,42.439964294433594,54.80891799926758,-0.9931640625,53.81575393676758,1.0
CQR-OneSided,0.95,0p95,test,-1458.18212890625,1177.836669921875,-1437.0,1160.0,27.691682815551758,35.22061538696289,-0.9931640625,34.22745132446289,1.0
CQR-OneSided,0.95,0p95,test,-1443.195556640625,1168.749755859375,-1437.0,1165.0,7.2419328689575195,17.709877014160156,-0.9931640625,16.716712951660156,1.0
CQR-OneSided,0.95,0p95,test,-1437.2564697265625,1160.943359375,-1437.0,1160.0,0.9776009321212769,18.291927337646484,-0.9931640625,17.298763275146484,1.0
CQR-OneSided,0.95,0p95,test,-1417.628173828125,1145.0928955078125,-1437.0,1160.0,24.44359588623047,39.729434967041016,-0.9931640625,38.736270904541016,1.0
CQR-OneSided,0.95,0p95,test,-1438.738525390625,1165.1429443359375,-1437.0,1165.0,1.7443920373916626,17.71526336669922,-0.9931640625,16.72209930419922,1.0
CQR-OneSided,0.95,0p95,test,-1432.64501953125,1160.166748046875,-1437.0,1165.0,6.505857467651367,16.958528518676758,-0.9931640625,15.965364456176758,1.0
CQR-OneSided,0.95,0p95,test,-1431.36083984375,1156.1807861328125,-1437.0,1160.0,6.810765266418457,18.55138397216797,-0.9931640625,17.55821990966797,1.0
CQR-OneSided,0.95,0p95,test,-1404.1954345703125,1134.246826171875,-1437.0,1160.0,41.7056999206543,56.9479866027832,-0.9931640625,55.9548225402832,1.0
CQR-OneSided,0.95,0p95,test,-1443.1590576171875,1165.707763671875,-1437.0,1160.0,8.397175788879395,14.396028518676758,-0.9931640625,13.402864456176758,1.0
CQR-OneSided,0.95,0p95,test,-1435.838623046875,1162.7584228515625,-1437.0,1165.0,2.5245721340179443,17.07181739807129,-0.9931640625,16.07865333557129,1.0
CQR-OneSided,0.95,0p95,test,-1372.7630615234375,1108.8643798828125,-1437.0,1160.0,82.10502624511719,88.86420440673828,-0.9931640625,87.87104034423828,1.0
CQR-OneSided,0.95,0p95,test,-1423.632080078125,1149.9412841796875,-1437.0,1160.0,16.729585647583008,31.55974769592285,-0.9931640625,30.56658363342285,1.0
CQR-OneSided,0.95,0p95,test,-1428.197265625,1156.6541748046875,-1437.0,1170.0,15.987469673156738,18.43163299560547,-0.9931640625,17.43846893310547,1.0
CQR-OneSided,0.95,0p95,test,-1433.5518798828125,1160.8997802734375,-1437.0,1155.0,6.833515644073486,16.950115203857422,-0.9931640625,15.956951141357422,1.0
CQR-OneSided,0.95,0p95,test,-1439.6624755859375,1165.85302734375,-1437.0,1165.0,2.795788288116455,17.08708953857422,-0.9931640625,16.09392547607422,1.0
CQR-OneSided,0.95,0p95,test,-1441.0240478515625,1163.9849853515625,-1437.0,1160.0,5.663308620452881,16.688720703125,-0.9931640625,15.695556640625,1.0
CQR-OneSided,0.95,0p95,test,-1436.42724609375,1163.3216552734375,-1437.0,1170.0,6.702860355377197,18.58763885498047,-0.9931640625,17.59447479248047,1.0
CQR-OneSided,0.95,0p95,test,-1431.8135986328125,1159.5001220703125,-1437.0,1155.0,6.866575241088867,17.061622619628906,-0.9931640625,16.068458557128906,1.0
CQR-OneSided,0.95,0p95,test,-1439.51953125,1165.7520751953125,-1437.0,1170.0,4.93891716003418,17.364212036132812,-0.9931640625,16.371047973632812,1.0
CQR-OneSided,0.95,0p95,test,-1444.580810546875,1169.848876953125,-1437.0,1165.0,8.998905181884766,17.323749542236328,-0.9931640625,16.330585479736328,1.0
CQR-OneSided,0.95,0p95,test,-1439.752685546875,1166.0128173828125,-1437.0,1170.0,4.845090389251709,18.582782745361328,-0.9931640625,17.589618682861328,1.0
CQR-OneSided,0.95,0p95,test,-1432.548583984375,1160.1580810546875,-1437.0,1170.0,10.801780700683594,18.112957000732422,-0.9931640625,17.119792938232422,1.0
CQR-OneSided,0.95,0p95,test,-1373.2315673828125,1109.2454833984375,-1437.0,1160.0,81.50112915039062,90.07904815673828,-0.9931640625,89.08588409423828,1.0
CQR-OneSided,0.95,0p95,test,-1427.232177734375,1155.7989501953125,-1437.0,1155.0,9.800442695617676,17.17536735534668,-0.9931640625,16.18220329284668,1.0
CQR-OneSided,0.95,0p95,test,-1425.462890625,1154.3743896484375,-1437.0,1165.0,15.68465805053711,17.291030883789062,-0.9931640625,16.297866821289062,1.0
CQR-OneSided,0.95,0p95,test,-1431.28564453125,1159.0911865234375,-1437.0,1155.0,7.027920246124268,17.372264862060547,-0.9931640625,16.379100799560547,1.0
CQR-OneSided,0.95,0p95,test,-1426.8333740234375,1152.5240478515625,-1437.0,1160.0,12.61943531036377,21.64896011352539,-0.9931640625,20.65579605102539,1.0
CQR-OneSided,0.95,0p95,test,-1434.907958984375,1162.0484619140625,-1437.0,1170.0,8.222140312194824,17.840709686279297,-0.9931640625,16.847545623779297,1.0
CQR-OneSided,0.95,0p95,test,-1389.128173828125,1122.0787353515625,-1437.0,1160.0,61.07154846191406,70.0606918334961,-0.9931640625,69.0675277709961,1.0
CQR-OneSided,0.95,0p95,test,-1422.183837890625,1148.771484375,-1437.0,1160.0,18.59027099609375,33.445613861083984,-0.9931640625,32.452449798583984,1.0
CQR-OneSided,0.95,0p95,test,-1476.3466796875,1192.5013427734375,-1437.0,1160.0,51.03428649902344,74.5768814086914,-0.9931640625,73.5837173461914,1.0
CQR-OneSided,0.95,0p95,test,-1427.2320556640625,1155.7821044921875,-1437.0,1155.0,9.79920482635498,16.880971908569336,-0.9931640625,15.887807846069336,1.0
CQR-OneSided,0.95,0p95,test,-1069.338134765625,867.5717163085938,-1437.0,1165.0,472.9046936035156,716.7822875976562,-0.9931640625,715.7891235351562,1.0
CQR-OneSided,0.95,0p95,test,-1433.8515625,1161.2083740234375,-1437.0,1170.0,9.338379859924316,18.09288787841797,-0.9931640625,17.09972381591797,1.0
CQR-OneSided,0.95,0p95,test,-1458.337158203125,1177.9613037109375,-1437.0,1160.0,27.890548706054688,36.68095016479492,-0.9931640625,35.68778610229492,1.0
CQR-OneSided,0.95,0p95,test,-1434.4776611328125,1161.7174072265625,-1437.0,1170.0,8.658147811889648,18.141529083251953,-0.9931640625,17.148365020751953,1.0
CQR-OneSided,0.95,0p95,test,-1433.0860595703125,1160.5487060546875,-1437.0,1155.0,6.790218830108643,17.37487030029297,-0.9931640625,16.38170623779297,1.0
CQR-OneSided,0.95,0p95,test,-1436.5325927734375,1163.2874755859375,-1437.0,1165.0,1.7751647233963013,16.596290588378906,-0.9931640625,15.603126525878906,1.0
CQR-OneSided,0.95,0p95,test,-1431.16015625,1159.022216796875,-1437.0,1170.0,12.4344482421875,17.96363639831543,-0.9931640625,16.97047233581543,1.0
CQR-OneSided,0.95,0p95,test,-1431.9208984375,1159.5706787109375,-1437.0,1155.0,6.832889556884766,16.816415786743164,-0.9931640625,15.823251724243164,1.0
CQR-OneSided,0.95,0p95,test,-1393.277099609375,1125.4290771484375,-1437.0,1160.0,55.73904037475586,65.22066497802734,-0.9931640625,64.22750091552734,1.0
CQR-OneSided,0.95,0p95,test,-1426.72119140625,1152.4356689453125,-1437.0,1160.0,12.762171745300293,32.159629821777344,-0.9931640625,31.166465759277344,1.0
CQR-OneSided,0.95,0p95,test,-1440.372314453125,1166.4573974609375,-1437.0,1165.0,3.673759937286377,17.577823638916016,-0.9931640625,16.584659576416016,1.0
CQR-OneSided,0.95,0p95,test,-1429.127197265625,1157.2947998046875,-1437.0,1165.0,11.015949249267578,16.56271743774414,-0.9931640625,15.56955337524414,1.0
CQR-OneSided,0.95,0p95,test,-1435.4422607421875,1162.4339599609375,-1437.0,1165.0,3.0018515586853027,17.013078689575195,-0.9931640625,16.019914627075195,1.0
CQR-OneSided,0.95,0p95,test,-1430.90576171875,1158.8199462890625,-1437.0,1170.0,12.733159065246582,18.005136489868164,-0.9931640625,17.011972427368164,1.0
CQR-OneSided,0.95,0p95,test,-1434.339111328125,1161.5472412109375,-1437.0,1155.0,7.06729793548584,17.119274139404297,-0.9931640625,16.126110076904297,1.0
CQR-OneSided,0.95,0p95,test,-1433.3436279296875,1160.7542724609375,-1437.0,1165.0,5.603147506713867,17.31934356689453,-0.9931640625,16.32617950439453,1.0
CQR-OneSided,0.95,0p95,test,-1431.263671875,1159.094482421875,-1437.0,1170.0,12.322165489196777,17.750396728515625,-0.9931640625,16.757232666015625,1.0
CQR-OneSided,0.95,0p95,test,-1427.2177734375,1155.775390625,-1437.0,1155.0,9.812909126281738,16.9613037109375,-0.9931640625,15.9681396484375,1.0
CQR-OneSided,0.95,0p95,test,-1435.1107177734375,1162.1729736328125,-1437.0,1155.0,7.417609691619873,17.149431228637695,-0.9931640625,16.156267166137695,1.0
CQR-OneSided,0.95,0p95,test,-1428.0093994140625,1156.44580078125,-1437.0,1165.0,12.409883499145508,17.44936752319336,-0.9931640625,16.45620346069336,1.0
CQR-OneSided,0.95,0p95,test,-1430.0394287109375,1158.07373046875,-1437.0,1155.0,7.609032154083252,17.194271087646484,-0.9931640625,16.201107025146484,1.0
CQR-OneSided,0.95,0p95,test,-1429.6640625,1157.8072509765625,-1437.0,1160.0,7.656639575958252,17.91641616821289,-0.9931640625,16.92325210571289,1.0
CQR-OneSided,0.95,0p95,test,-1427.056884765625,1155.6478271484375,-1437.0,1155.0,9.964197158813477,17.004844665527344,-0.9931640625,16.011680603027344,1.0
CQR-OneSided,0.95,0p95,test,-1423.4111328125,1152.7083740234375,-1437.0,1155.0,13.780742645263672,17.170181274414062,-0.9931640625,16.177017211914062,1.0
CQR-OneSided,0.95,0p95,test,-1438.876708984375,1165.2247314453125,-1437.0,1165.0,1.890116572380066,17.184412002563477,-0.9931640625,16.191247940063477,1.0
CQR-OneSided,0.95,0p95,test,-1426.95703125,1155.544189453125,-1437.0,1155.0,10.05770206451416,16.668476104736328,-0.9931640625,15.675312042236328,1.0
CQR-OneSided,0.95,0p95,test,-1439.245849609375,1165.613037109375,-1437.0,1170.0,4.928415775299072,18.749969482421875,-0.9931640625,17.756805419921875,1.0
CQR-OneSided,0.95,0p95,test,-1446.993896484375,1171.8516845703125,-1437.0,1170.0,10.163990020751953,18.21137237548828,-0.9931640625,17.21820831298828,1.0
CQR-OneSided,0.95,0p95,test,-1433.1455078125,1160.5614013671875,-1437.0,1165.0,5.878628253936768,16.812040328979492,-0.9931640625,15.818876266479492,1.0
CQR-OneSided,0.95,0p95,test,-1435.973876953125,1162.8857421875,-1437.0,1165.0,2.350109577178955,17.378528594970703,-0.9931640625,16.385364532470703,1.0
CQR-OneSided,0.95,0p95,test,-1429.9478759765625,1157.9693603515625,-1437.0,1165.0,9.958028793334961,16.74355125427246,-0.9931640625,15.750387191772461,1.0
CQR-OneSided,0.95,0p95,test,-1429.93798828125,1157.98193359375,-1437.0,1155.0,7.665763854980469,17.036449432373047,-0.9931640625,16.043285369873047,1.0
CQR-OneSided,0.95,0p95,test,-1454.417236328125,1174.799072265625,-1437.0,1160.0,22.8554744720459,24.848295211791992,-0.9931640625,23.855131149291992,1.0
CQR-OneSided,0.95,0p95,test,-1435.2862548828125,1162.322265625,-1437.0,1165.0,3.1791796684265137,17.22842788696289,-0.9931640625,16.23526382446289,1.0
CQR-OneSided,0.95,0p95,test,-1423.374267578125,1149.7330322265625,-1437.0,1160.0,17.060810089111328,35.17038345336914,-0.9931640625,34.17721939086914,1.0
CQR-OneSided,0.95,0p95,test,-1431.0030517578125,1158.897705078125,-1437.0,1170.0,12.618412971496582,17.972240447998047,-0.9931640625,16.979076385498047,1.0
CQR-OneSided,0.95,0p95,test,-1443.5291748046875,1169.063720703125,-1437.0,1170.0,6.595963954925537,18.48412322998047,-0.9931640625,17.49095916748047,1.0
CQR-OneSided,0.95,0p95,test,-1416.1221923828125,1143.8797607421875,-1437.0,1160.0,26.376977920532227,45.10275650024414,-0.9931640625,44.10959243774414,1.0
CQR-OneSided,0.95,0p95,test,-1430.4970703125,1158.5045166015625,-1437.0,1170.0,13.207355499267578,18.2949161529541,-0.9931640625,17.3017520904541,1.0
CQR-OneSided,0.95,0p95,test,-1440.470458984375,1163.5428466796875,-1437.0,1160.0,4.959420204162598,32.47996139526367,-0.9931640625,31.486797332763672,1.0
CQR-OneSided,0.95,0p95,test,-1437.95751953125,1164.4906005859375,-1437.0,1165.0,1.0845881700515747,17.380760192871094,-0.9931640625,16.387596130371094,1.0
CQR-OneSided,0.95,0p95,test,-1441.31787109375,1167.2391357421875,-1437.0,1155.0,12.978461265563965,17.854835510253906,-0.9931640625,16.861671447753906,1.0
CQR-OneSided,0.95,0p95,test,-1432.244140625,1156.8944091796875,-1437.0,1160.0,5.6800432205200195,22.73636245727539,-0.9931640625,21.74319839477539,1.0
CQR-OneSided,0.95,0p95,test,-1442.84619140625,1168.4407958984375,-1437.0,1165.0,6.783585548400879,17.27245330810547,-0.9931640625,16.27928924560547,1.0
CQR-OneSided,0.95,0p95,test,-1427.079833984375,1155.709228515625,-1437.0,1170.0,17.39643096923828,17.763999938964844,-0.9931640625,16.770835876464844,0.0
CQR-OneSided,0.95,0p95,test,-1438.057861328125,1164.52978515625,-1437.0,1165.0,1.1576582193374634,16.72015953063965,-0.9931640625,15.726995468139648,1.0
CQR-OneSided,0.95,0p95,test,-1423.928466796875,1153.0751953125,-1437.0,1165.0,17.69367027282715,16.359451293945312,-0.9931640625,15.366287231445312,0.0
CQR-OneSided,0.95,0p95,test,-1431.3497314453125,1159.146484375,-1437.0,1155.0,7.008485317230225,17.422611236572266,-0.9931640625,16.429447174072266,1.0
CQR-OneSided,0.95,0p95,test,-1438.704833984375,1162.1090087890625,-1437.0,1160.0,2.71189546585083,15.429776191711426,-0.9931640625,14.436612129211426,1.0
CQR-OneSided,0.95,0p95,test,-1433.470703125,1160.838134765625,-1437.0,1155.0,6.822005271911621,17.014835357666016,-0.9931640625,16.021671295166016,1.0
CQR-OneSided,0.95,0p95,test,-1437.05908203125,1163.8128662109375,-1437.0,1170.0,6.187416076660156,18.245729446411133,-0.9931640625,17.252565383911133,1.0
CQR-OneSided,0.95,0p95,test,-1428.3203125,1156.7066650390625,-1437.0,1165.0,12.00484848022461,17.652175903320312,-0.9931640625,16.659011840820312,1.0
CQR-OneSided,0.95,0p95,test,-1427.1552734375,1155.7332763671875,-1437.0,1155.0,9.871997833251953,17.091894149780273,-0.9931640625,16.098730087280273,1.0
CQR-OneSided,0.95,0p95,test,-1434.618408203125,1161.8046875,-1437.0,1170.0,8.534350395202637,17.686195373535156,-0.9931640625,16.693031311035156,1.0
CQR-OneSided,0.95,0p95,test,-1419.859619140625,1149.833740234375,-1437.0,1155.0,17.902036666870117,17.154747009277344,-0.9931640625,16.161582946777344,0.0
CQR-OneSided,0.95,0p95,test,-1438.534912109375,1164.959228515625,-1437.0,1155.0,10.076814651489258,17.403213500976562,-0.9931640625,16.410049438476562,1.0
CQR-OneSided,0.95,0p95,test,-1435.20361328125,1162.2586669921875,-1437.0,1155.0,7.477650165557861,17.317424774169922,-0.9931640625,16.324260711669922,1.0
CQR-OneSided,0.95,0p95,test,-1434.353271484375,1161.5340576171875,-1437.0,1165.0,4.360955238342285,16.743715286254883,-0.9931640625,15.750551223754883,1.0
CQR-OneSided,0.95,0p95,test,-1437.993896484375,1164.5313720703125,-1437.0,1170.0,5.5582122802734375,17.590368270874023,-0.9931640625,16.597204208374023,1.0
CQR-OneSided,0.95,0p95,test,-1429.14013671875,1157.3338623046875,-1437.0,1165.0,10.979394912719727,16.986906051635742,-0.9931640625,15.993741989135742,1.0
CQR-OneSided,0.95,0p95,test,-1435.79541015625,1162.736083984375,-1437.0,1155.0,7.829306125640869,17.31426239013672,-0.9931640625,16.32109832763672,1.0
CQR-OneSided,0.95,0p95,test,-1428.162353515625,1156.60302734375,-1437.0,1170.0,16.049388885498047,18.080907821655273,-0.9931640625,17.087743759155273,1.0
CQR-OneSided,0.95,0p95,test,-1434.371337890625,1161.54931640625,-1437.0,1165.0,4.337865829467773,16.742565155029297,-0.9931640625,15.749401092529297,1.0
CQR-OneSided,0.95,0p95,test,-1432.6788330078125,1160.1998291015625,-1437.0,1155.0,6.760969638824463,17.055452346801758,-0.9931640625,16.062288284301758,1.0
CQR-OneSided,0.95,0p95,test,-1440.1453857421875,1166.2442626953125,-1437.0,1165.0,3.382549524307251,17.072532653808594,-0.9931640625,16.079368591308594,1.0
CQR-OneSided,0.95,0p95,test,-1447.44580078125,1169.1669921875,-1437.0,1160.0,13.897787094116211,22.210338592529297,-0.9931640625,21.217174530029297,1.0
CQR-OneSided,0.95,0p95,test,-1437.7652587890625,1164.3345947265625,-1437.0,1165.0,1.014093279838562,17.375627517700195,-0.9931640625,16.382463455200195,1.0
CQR-OneSided,0.95,0p95,test,-1399.017822265625,1130.065185546875,-1437.0,1160.0,48.360511779785156,60.086238861083984,-0.9931640625,59.093074798583984,1.0
CQR-OneSided,0.95,0p95,test,-1424.442626953125,1153.5142822265625,-1437.0,1155.0,12.64495849609375,16.707923889160156,-0.9931640625,15.714759826660156,1.0
CQR-OneSided,0.95,0p95,test,-1431.163818359375,1158.9652099609375,-1437.0,1155.0,7.0557708740234375,16.90690040588379,-0.9931640625,15.913736343383789,1.0
CQR-OneSided,0.95,0p95,test,-1435.6724853515625,1162.6326904296875,-1437.0,1165.0,2.714120388031006,17.228702545166016,-0.9931640625,16.235538482666016,1.0
CQR-OneSided,0.95,0p95,test,-1444.981689453125,1170.1754150390625,-1437.0,1165.0,9.51274299621582,17.380767822265625,-0.9931640625,16.387603759765625,1.0
CQR-OneSided,0.95,0p95,test,-1435.0452880859375,1162.106201171875,-1437.0,1165.0,3.4921298027038574,16.911941528320312,-0.9931640625,15.918777465820312,1.0
CQR-OneSided,0.95,0p95,test,-1428.263916015625,1156.6322021484375,-1437.0,1155.0,8.887251853942871,17.141109466552734,-0.9931640625,16.147945404052734,1.0
CQR-OneSided,0.95,0p95,test,-1426.40185546875,1155.098388671875,-1437.0,1165.0,14.503881454467773,16.701669692993164,-0.9931640625,15.708505630493164,1.0
CQR-OneSided,0.95,0p95,test,-1468.465576171875,1186.138427734375,-1437.0,1160.0,40.90598678588867,52.77730178833008,-0.9931640625,51.78413772583008,1.0
CQR-OneSided,0.95,0p95,test,-1442.837158203125,1168.4691162109375,-1437.0,1165.0,6.790226936340332,17.850692749023438,-0.9931640625,16.857528686523438,1.0
CQR-OneSided,0.95,0p95,test,-1419.603271484375,1149.616455078125,-1437.0,1155.0,18.210674285888672,17.00229263305664,-0.9931640625,16.00912857055664,0.0
CQR-OneSided,0.95,0p95,test,-1432.388671875,1159.971435546875,-1437.0,1155.0,6.780819892883301,17.151607513427734,-0.9931640625,16.158443450927734,1.0
CQR-OneSided,0.95,0p95,test,-1426.192626953125,1152.0074462890625,-1437.0,1160.0,13.441734313964844,28.146686553955078,-0.9931640625,27.153522491455078,1.0
CQR-OneSided,0.95,0p95,test,-1444.69921875,1166.94921875,-1437.0,1160.0,10.371577262878418,20.551822662353516,-0.9931640625,19.558658599853516,1.0
CQR-OneSided,0.95,0p95,test,-1428.199462890625,1156.55908203125,-1437.0,1155.0,8.937572479248047,16.791948318481445,-0.9931640625,15.798784255981445,1.0
CQR-OneSided,0.95,0p95,test,-1393.850830078125,1125.8948974609375,-1437.0,1160.0,55.00008010864258,66.1257553100586,-0.9931640625,65.1325912475586,1.0
CQR-OneSided,0.95,0p95,test,-1422.60498046875,1152.035400390625,-1437.0,1155.0,14.697123527526855,16.836061477661133,-0.9931640625,15.842897415161133,1.0
CQR-OneSided,0.95,0p95,test,-1432.1650390625,1159.7894287109375,-1437.0,1155.0,6.80554723739624,17.149349212646484,-0.9931640625,16.156185150146484,1.0
CQR-OneSided,0.95,0p95,test,-1434.32421875,1161.5155029296875,-1437.0,1165.0,4.393350124359131,16.821115493774414,-0.9931640625,15.827951431274414,1.0
CQR-OneSided,0.95,0p95,test,-1440.4111328125,1166.4769287109375,-1437.0,1165.0,3.717142105102539,17.3863582611084,-0.9931640625,16.3931941986084,1.0
CQR-OneSided,0.95,0p95,test,-1426.805908203125,1155.5042724609375,-1437.0,1170.0,17.721332550048828,18.05715560913086,-0.9931640625,17.06399154663086,0.0
CQR-OneSided,0.95,0p95,test,-1435.4862060546875,1162.503662109375,-1437.0,1165.0,2.9194648265838623,17.591663360595703,-0.9931640625,16.598499298095703,1.0
CQR-OneSided,0.95,0p95,test,-1439.357666015625,1165.6007080078125,-1437.0,1165.0,2.4329898357391357,16.999637603759766,-0.9931640625,16.006473541259766,1.0
CQR-OneSided,0.95,0p95,test,-1406.296875,1135.94287109375,-1437.0,1160.0,39.00547790527344,53.57155990600586,-0.9931640625,52.57839584350586,1.0
CQR-OneSided,0.95,0p95,test,-1428.656494140625,1156.944580078125,-1437.0,1155.0,8.567116737365723,17.034191131591797,-0.9931640625,16.041027069091797,1.0
CQR-OneSided,0.95,0p95,test,-1429.005126953125,1157.2415771484375,-1437.0,1165.0,11.140517234802246,17.267248153686523,-0.9931640625,16.274084091186523,1.0
CQR-OneSided,0.95,0p95,test,-1435.36669921875,1162.388671875,-1437.0,1155.0,7.567043304443359,17.29317855834961,-0.9931640625,16.30001449584961,1.0
CQR-OneSided,0.95,0p95,test,-1432.343505859375,1160.0211181640625,-1437.0,1170.0,11.011857986450195,18.642534255981445,-0.9931640625,17.649370193481445,1.0
CQR-OneSided,0.95,0p95,test,-1420.2286376953125,1150.103515625,-1437.0,1155.0,17.47152328491211,16.692455291748047,-0.9931640625,15.699291229248047,0.0
CQR-OneSided,0.95,0p95,test,-1426.493896484375,1155.1865234375,-1437.0,1155.0,10.507759094238281,16.909832000732422,-0.9931640625,15.916667938232422,1.0
CQR-OneSided,0.95,0p95,test,-1432.82080078125,1160.3175048828125,-1437.0,1155.0,6.763250827789307,17.0930233001709,-0.9931640625,16.0998592376709,1.0
CQR-OneSided,0.95,0p95,test,-1430.3038330078125,1158.2926025390625,-1437.0,1155.0,7.46189546585083,17.291034698486328,-0.9931640625,16.297870635986328,1.0
CQR-OneSided,0.95,0p95,test,-1446.90625,1168.73388671875,-1437.0,1160.0,13.206610679626465,18.630809783935547,-0.9931640625,17.637645721435547,1.0
CQR-OneSided,0.95,0p95,test,-1436.442626953125,1163.281982421875,-1437.0,1165.0,1.8061697483062744,17.667583465576172,-0.9931640625,16.674419403076172,1.0
CQR-OneSided,0.95,0p95,test,-1433.53369140625,1157.9364013671875,-1437.0,1160.0,4.034071922302246,23.740467071533203,-0.9931640625,22.747303009033203,1.0
CQR-OneSided,0.95,0p95,test,-1421.283935546875,1150.9608154296875,-1437.0,1155.0,16.22681999206543,16.749034881591797,-0.9931640625,15.755870819091797,0.0
CQR-OneSided,0.95,0p95,test,-1431.25048828125,1159.04052734375,-1437.0,1165.0,8.28083324432373,16.999671936035156,-0.9931640625,16.006507873535156,1.0
CQR-OneSided,0.95,0p95,test,-1404.80224609375,1134.7364501953125,-1437.0,1160.0,40.92605972290039,50.34553527832031,-0.9931640625,49.35237121582031,1.0
CQR-OneSided,0.95,0p95,test,-1441.426025390625,1167.299072265625,-1437.0,1165.0,4.987527847290039,17.391630172729492,-0.9931640625,16.398466110229492,1.0
CQR-OneSided,0.95,0p95,test,-1435.484619140625,1162.4871826171875,-1437.0,1155.0,7.638997554779053,17.34341049194336,-0.9931640625,16.35024642944336,1.0
CQR-OneSided,0.95,0p95,test,-1433.509765625,1160.876708984375,-1437.0,1155.0,6.835016250610352,17.13091278076172,-0.9931640625,16.13774871826172,1.0
CQR-OneSided,0.95,0p95,test,-1433.48095703125,1160.84912109375,-1437.0,1165.0,5.441824913024902,17.034664154052734,-0.9931640625,16.041500091552734,1.0
CQR-OneSided,0.95,0p95,test,-1413.2291259765625,1141.5411376953125,-1437.0,1160.0,30.09624671936035,41.929927825927734,-0.9931640625,40.936763763427734,1.0
CQR-OneSided,0.95,0p95,test,-1437.591064453125,1161.2098388671875,-1437.0,1160.0,1.3465018272399902,16.44804573059082,-0.9931640625,15.45488166809082,1.0
CQR-OneSided,0.95,0p95,test,-1437.843505859375,1164.4256591796875,-1437.0,1170.0,5.637799263000488,17.86191177368164,-0.9931640625,16.86874771118164,1.0
CQR-OneSided,0.95,0p95,test,-1430.23046875,1158.26171875,-1437.0,1170.0,13.550416946411133,17.803335189819336,-0.9931640625,16.810171127319336,1.0
CQR-OneSided,0.95,0p95,test,-1428.777099609375,1154.095458984375,-1437.0,1160.0,10.123225212097168,29.12360382080078,-0.9931640625,28.13043975830078,1.0
CQR-OneSided,0.95,0p95,test,-1436.0369873046875,1162.9749755859375,-1437.0,1170.0,7.090723514556885,18.061660766601562,-0.9931640625,17.068496704101562,1.0
CQR-OneSided,0.95,0p95,test,-1438.4862060546875,1164.9061279296875,-1437.0,1155.0,10.01699447631836,17.181655883789062,-0.9931640625,16.188491821289062,1.0
CQR-OneSided,0.95,0p95,test,-1450.6138916015625,1174.8138427734375,-1437.0,1170.0,14.43991470336914,18.760955810546875,-0.9931640625,17.767791748046875,1.0
CQR-OneSided,0.95,0p95,test,-1448.62060546875,1170.1138916015625,-1437.0,1160.0,15.405494689941406,26.216230392456055,-0.9931640625,25.223066329956055,1.0
CQR-OneSided,0.95,0p95,test,-1434.3515625,1161.62255859375,-1437.0,1165.0,4.292007923126221,18.256839752197266,-0.9931640625,17.263675689697266,1.0
CQR-OneSided,0.95,0p95,test,-1424.9671630859375,1153.951904296875,-1437.0,1155.0,12.078396797180176,16.91537094116211,-0.9931640625,15.92220687866211,1.0
CQR-OneSided,0.95,0p95,test,-1428.906982421875,1157.1971435546875,-1437.0,1170.0,15.146288871765137,17.916549682617188,-0.9931640625,16.923385620117188,1.0
CQR-OneSided,0.95,0p95,test,-1440.8837890625,1166.8377685546875,-1437.0,1165.0,4.2966508865356445,17.039283752441406,-0.9931640625,16.046119689941406,1.0
CQR-OneSided,0.95,0p95,test,-1433.7781982421875,1161.0845947265625,-1437.0,1155.0,6.884932518005371,16.97314453125,-0.9931640625,15.97998046875,1.0
CQR-OneSided,0.95,0p95,test,-1431.246337890625,1159.0938720703125,-1437.0,1170.0,12.330784797668457,18.011178970336914,-0.9931640625,17.018014907836914,1.0
CQR-OneSided,0.95,0p95,test,-1433.09130859375,1160.582763671875,-1437.0,1170.0,10.196186065673828,17.916309356689453,-0.9931640625,16.923145294189453,1.0
CQR-OneSided,0.95,0p95,test,-1433.0810546875,1160.4959716796875,-1437.0,1165.0,5.9702935218811035,16.60430145263672,-0.9931640625,15.611137390136719,1.0
CQR-OneSided,0.95,0p95,test,-1436.66845703125,1163.4744873046875,-1437.0,1170.0,6.533929824829102,17.87155532836914,-0.9931640625,16.87839126586914,1.0
CQR-OneSided,0.95,0p95,test,-1426.552734375,1155.2451171875,-1437.0,1155.0,10.450140953063965,17.082857131958008,-0.9931640625,16.089693069458008,1.0
CQR-OneSided,0.95,0p95,test,-1403.735595703125,1133.8734130859375,-1437.0,1160.0,42.29798126220703,54.72515869140625,-0.9931640625,53.73199462890625,1.0
CQR-OneSided,0.95,0p95,test,-1434.30908203125,1161.5977783203125,-1437.0,1170.0,8.82260513305664,18.404102325439453,-0.9931640625,17.410938262939453,1.0
CQR-OneSided,0.95,0p95,test,-1452.3521728515625,1173.128662109375,-1437.0,1160.0,20.200271606445312,25.472431182861328,-0.9931640625,24.479267120361328,1.0
CQR-OneSided,0.95,0p95,test,-1428.6700439453125,1154.0086669921875,-1437.0,1160.0,10.260810852050781,28.48482894897461,-0.9931640625,27.49166488647461,1.0
CQR-OneSided,0.95,0p95,test,-1430.419921875,1158.3663330078125,-1437.0,1155.0,7.391185760498047,16.95450210571289,-0.9931640625,15.96133804321289,1.0
CQR-OneSided,0.95,0p95,test,-1425.9671630859375,1154.7587890625,-1437.0,1155.0,11.035472869873047,16.890472412109375,-0.9931640625,15.897308349609375,1.0
CQR-OneSided,0.95,0p95,test,-1374.902099609375,1110.5908203125,-1437.0,1160.0,79.35626220703125,83.90576934814453,-0.9931640625,82.91260528564453,1.0
CQR-OneSided,0.95,0p95,test,-1438.0299072265625,1161.5662841796875,-1437.0,1160.0,1.8745546340942383,15.217348098754883,-0.9931640625,14.224184036254883,1.0
CQR-OneSided,0.95,0p95,test,-1431.0362548828125,1158.9276123046875,-1437.0,1170.0,12.57632827758789,18.065093994140625,-0.9931640625,17.071929931640625,1.0
CQR-OneSided,0.95,0p95,test,-1435.5408935546875,1162.591796875,-1437.0,1170.0,7.550527572631836,18.378265380859375,-0.9931640625,17.385101318359375,1.0
CQR-OneSided,0.95,0p95,test,-1401.54833984375,1132.10693359375,-1437.0,1160.0,45.10923767089844,52.36374282836914,-0.9931640625,51.37057876586914,1.0
CQR-OneSided,0.95,0p95,test,-1430.510986328125,1158.4310302734375,-1437.0,1155.0,7.340250015258789,16.82326316833496,-0.9931640625,15.830099105834961,1.0
CQR-OneSided,0.95,0p95,test,-1427.0565185546875,1155.7164306640625,-1437.0,1170.0,17.403827667236328,18.220474243164062,-0.9931640625,17.227310180664062,0.0
CQR-OneSided,0.95,0p95,test,-1433.2757568359375,1160.6973876953125,-1437.0,1165.0,5.690558910369873,17.283246994018555,-0.9931640625,16.290082931518555,1.0
CQR-OneSided,0.95,0p95,test,-1439.85888671875,1166.0797119140625,-1437.0,1170.0,4.851998805999756,18.259244918823242,-0.9931640625,17.266080856323242,1.0
CQR-OneSided,0.95,0p95,test,-1433.5828857421875,1160.9681396484375,-1437.0,1170.0,9.656664848327637,17.71685028076172,-0.9931640625,16.72368621826172,1.0
CQR-OneSided,0.95,0p95,test,-1441.7701416015625,1167.5577392578125,-1437.0,1165.0,5.412603855133057,17.07227325439453,-0.9931640625,16.07910919189453,1.0
CQR-OneSided,0.95,0p95,test,-1446.6024169921875,1168.4886474609375,-1437.0,1160.0,12.816534042358398,14.656275749206543,-0.9931640625,13.663111686706543,1.0
CQR-OneSided,0.95,0p95,test,-1435.54541015625,1162.5201416015625,-1437.0,1155.0,7.65952730178833,17.077064514160156,-0.9931640625,16.083900451660156,1.0
CQR-OneSided,0.95,0p95,test,-1439.5611572265625,1162.8009033203125,-1437.0,1160.0,3.795337438583374,14.394062042236328,-0.9931640625,13.400897979736328,1.0
CQR-OneSided,0.95,0p95,test,-1423.52880859375,1152.8365478515625,-1437.0,1170.0,21.8187313079834,17.759862899780273,-0.9931640625,16.766698837280273,0.0
CQR-OneSided,0.95,0p95,test,-1434.9539794921875,1162.1141357421875,-1437.0,1170.0,8.146965980529785,18.317089080810547,-0.9931640625,17.323925018310547,1.0
CQR-OneSided,0.95,0p95,test,-1429.466064453125,1157.6307373046875,-1437.0,1170.0,14.483054161071777,17.608699798583984,-0.9931640625,16.615535736083984,1.0
CQR-OneSided,0.95,0p95,test,-1434.9803466796875,1162.095703125,-1437.0,1155.0,7.377533435821533,17.618024826049805,-0.9931640625,16.624860763549805,1.0
CQR-OneSided,0.95,0p95,test,-1471.3482666015625,1188.46826171875,-1437.0,1160.0,44.61216735839844,50.04568099975586,-0.9931640625,49.05251693725586,1.0
CQR-OneSided,0.95,0p95,test,-1437.9766845703125,1164.5445556640625,-1437.0,1170.0,5.542182445526123,18.068340301513672,-0.9931640625,17.075176239013672,1.0
CQR-OneSided,0.95,0p95,test,-1405.810302734375,1135.552734375,-1437.0,1160.0,39.62910461425781,59.50837326049805,-0.9931640625,58.51520919799805,1.0
CQR-OneSided,0.95,0p95,test,-1433.243408203125,1160.7098388671875,-1437.0,1170.0,10.0209321975708,17.98633575439453,-0.9931640625,16.99317169189453,1.0
CQR-OneSided,0.95,0p95,test,-1427.673583984375,1156.1361083984375,-1437.0,1155.0,9.39535903930664,16.831863403320312,-0.9931640625,15.838699340820312,1.0
CQR-OneSided,0.95,0p95,test,-1420.43505859375,1147.3602294921875,-1437.0,1160.0,20.836532592773438,38.65328598022461,-0.9931640625,37.66012191772461,1.0
CQR-OneSided,0.95,0p95,test,-1435.6827392578125,1162.6392822265625,-1437.0,1155.0,7.75201940536499,17.18874168395996,-0.9931640625,16.19557762145996,1.0
CQR-OneSided,0.95,0p95,test,-1408.243896484375,1137.5135498046875,-1437.0,1160.0,36.5041618347168,46.42628860473633,-0.9931640625,45.43312454223633,1.0
CQR-OneSided,0.95,0p95,test,-1432.887939453125,1160.444091796875,-1437.0,1170.0,10.403097152709961,18.34276008605957,-0.9931640625,17.34959602355957,1.0
CQR-OneSided,0.95,0p95,test,-1372.5306396484375,1108.6763916015625,-1437.0,1160.0,82.4039535522461,85.92269134521484,-0.9931640625,84.92952728271484,1.0
CQR-OneSided,0.95,0p95,test,-1437.689697265625,1161.2906494140625,-1437.0,1160.0,1.4633722305297852,16.655288696289062,-0.9931640625,15.662124633789062,1.0
CQR-OneSided,0.95,0p95,test,-1438.33251953125,1164.8109130859375,-1437.0,1170.0,5.357446193695068,17.685104370117188,-0.9931640625,16.691940307617188,1.0
CQR-OneSided,0.95,0p95,test,-1433.070556640625,1160.5108642578125,-1437.0,1155.0,6.768319606781006,16.953174591064453,-0.9931640625,15.960010528564453,1.0
CQR-OneSided,0.95,0p95,test,-1410.88623046875,1139.6488037109375,-1437.0,1160.0,33.10740280151367,48.28073501586914,-0.9931640625,47.28757095336914,1.0
CQR-OneSided,0.95,0p95,test,-1438.2322998046875,1164.7205810546875,-1437.0,1165.0,1.2635812759399414,17.498794555664062,-0.9931640625,16.505630493164062,1.0
CQR-OneSided,0.95,0p95,test,-1434.138916015625,1161.3988037109375,-1437.0,1155.0,7.00931453704834,17.335601806640625,-0.9931640625,16.342437744140625,1.0
CQR-OneSided,0.95,0p95,test,-1371.2470703125,1107.6397705078125,-1437.0,1160.0,84.05380249023438,87.41613006591797,-0.9931640625,86.42296600341797,1.0
CQR-OneSided,0.95,0p95,test,-1434.43896484375,1161.6512451171875,-1437.0,1165.0,4.215810775756836,17.526966094970703,-0.9931640625,16.533802032470703,1.0
CQR-OneSided,0.95,0p95,test,-1434.23095703125,1161.5299072265625,-1437.0,1170.0,8.911232948303223,18.347929000854492,-0.9931640625,17.354764938354492,1.0
CQR-OneSided,0.95,0p95,test,-1432.73193359375,1160.2569580078125,-1437.0,1165.0,6.3806610107421875,17.2955322265625,-0.9931640625,16.3023681640625,1.0
CQR-OneSided,0.95,0p95,test,-1440.8251953125,1166.8291015625,-1437.0,1165.0,4.240015506744385,17.666900634765625,-0.9931640625,16.673736572265625,1.0
CQR-OneSided,0.95,0p95,test,-1431.6092529296875,1159.3638916015625,-1437.0,1165.0,7.7990946769714355,17.534852981567383,-0.9931640625,16.541688919067383,1.0
CQR-OneSided,0.95,0p95,test,-1441.7779541015625,1167.594482421875,-1437.0,1165.0,5.436927795410156,17.59273910522461,-0.9931640625,16.59957504272461,1.0
CQR-OneSided,0.95,0p95,test,-1451.27490234375,1172.2589111328125,-1437.0,1160.0,18.816316604614258,27.799755096435547,-0.9931640625,26.806591033935547,1.0
CQR-OneSided,0.95,0p95,test,-1431.1827392578125,1158.9947509765625,-1437.0,1155.0,7.056809425354004,17.154178619384766,-0.9931640625,16.161014556884766,1.0
CQR-OneSided,0.95,0p95,test,-1428.2354736328125,1156.5999755859375,-1437.0,1155.0,8.909368515014648,16.986061096191406,-0.9931640625,15.992897033691406,1.0
CQR-OneSided,0.95,0p95,test,-1429.0859375,1157.3702392578125,-1437.0,1170.0,14.904470443725586,18.411075592041016,-0.9931640625,17.417911529541016,1.0
CQR-OneSided,0.95,0p95,test,-1425.317626953125,1154.2327880859375,-1437.0,1155.0,11.707538604736328,16.87057876586914,-0.9931640625,15.87741470336914,1.0
CQR-OneSided,0.95,0p95,test,-1440.548828125,1166.58935546875,-1437.0,1165.0,3.888474225997925,17.393529891967773,-0.9931640625,16.400365829467773,1.0
CQR-OneSided,0.95,0p95,test,-1440.10595703125,1166.2445068359375,-1437.0,1165.0,3.3460075855255127,17.620075225830078,-0.9931640625,16.626911163330078,1.0
CQR-OneSided,0.95,0p95,test,-1429.617431640625,1157.7490234375,-1437.0,1170.0,14.303452491760254,17.523117065429688,-0.9931640625,16.529953002929688,1.0
CQR-OneSided,0.95,0p95,test,-1416.1484375,1143.8975830078125,-1437.0,1160.0,26.345312118530273,39.05396270751953,-0.9931640625,38.06079864501953,1.0
CQR-OneSided,0.95,0p95,test,-1431.7681884765625,1159.4853515625,-1437.0,1155.0,6.891315460205078,17.41515350341797,-0.9931640625,16.42198944091797,1.0
CQR-OneSided,0.95,0p95,test,-1430.809326171875,1158.6839599609375,-1437.0,1155.0,7.203887939453125,17.002418518066406,-0.9931640625,16.009254455566406,1.0
CQR-OneSided,0.95,0p95,test,-1433.6773681640625,1161.0179443359375,-1437.0,1155.0,6.874266147613525,17.222976684570312,-0.9931640625,16.229812622070312,1.0
CQR-OneSided,0.95,0p95,test,-1437.52587890625,1164.18115234375,-1437.0,1170.0,5.842562675476074,18.081804275512695,-0.9931640625,17.088640213012695,1.0
CQR-OneSided,0.95,0p95,test,-1466.740966796875,1184.7449951171875,-1437.0,1160.0,38.68901443481445,52.75058364868164,-0.9931640625,51.75741958618164,1.0
CQR-OneSided,0.95,0p95,test,-1437.742431640625,1164.3475341796875,-1437.0,1165.0,0.9883908033370972,17.906551361083984,-0.9931640625,16.913387298583984,1.0
CQR-OneSided,0.95,0p95,test,-1423.1256103515625,1152.41357421875,-1437.0,1165.0,18.732772827148438,16.174373626708984,-0.9931640625,15.181209564208984,0.0
CQR-OneSided,0.95,0p95,test,-1428.4210205078125,1156.7965087890625,-1437.0,1170.0,15.745827674865723,17.788776397705078,-0.9931640625,16.795612335205078,1.0
CQR-OneSided,0.95,0p95,test,-1439.851806640625,1166.0010986328125,-1437.0,1165.0,3.022416114807129,17.001371383666992,-0.9931640625,16.008207321166992,1.0
CQR-OneSided,0.95,0p95,test,-1432.2674560546875,1159.9208984375,-1437.0,1170.0,11.134866714477539,17.993938446044922,-0.9931640625,17.000774383544922,1.0
CQR-OneSided,0.95,0p95,test,-1434.7197265625,1161.9029541015625,-1437.0,1165.0,3.8459510803222656,17.882976531982422,-0.9931640625,16.889812469482422,1.0
CQR-OneSided,0.95,0p95,test,-1427.1170654296875,1155.7178955078125,-1437.0,1155.0,9.908973693847656,17.34817123413086,-0.9931640625,16.35500717163086,1.0
CQR-OneSided,0.95,0p95,test,-1362.8890380859375,1100.895263671875,-1437.0,1160.0,94.79348754882812,107.9864730834961,-0.9931640625,106.9933090209961,1.0
CQR-OneSided,0.95,0p95,test,-1354.369140625,1094.021240234375,-1437.0,1160.0,105.74050903320312,141.5977020263672,-0.9931640625,140.6045379638672,1.0
CQR-OneSided,0.95,0p95,test,-1448.4281005859375,1172.9732666015625,-1437.0,1165.0,13.934649467468262,17.56020164489746,-0.9931640625,16.56703758239746,1.0
CQR-OneSided,0.95,0p95,test,-1419.401123046875,1146.5238037109375,-1437.0,1160.0,22.165925979614258,38.1945686340332,-0.9931640625,37.2014045715332,1.0
CQR-OneSided,0.95,0p95,test,-1429.78564453125,1157.90380859375,-1437.0,1170.0,14.084202766418457,17.84302520751953,-0.9931640625,16.84986114501953,1.0
CQR-OneSided,0.95,0p95,test,-1438.84130859375,1165.2227783203125,-1437.0,1170.0,5.119791507720947,17.712284088134766,-0.9931640625,16.719120025634766,1.0
CQR-OneSided,0.95,0p95,test,-1431.090576171875,1158.9202880859375,-1437.0,1165.0,8.47845458984375,17.119789123535156,-0.9931640625,16.126625061035156,1.0
CQR-OneSided,0.95,0p95,test,-1428.5721435546875,1156.9110107421875,-1437.0,1170.0,15.567607879638672,17.661678314208984,-0.9931640625,16.668514251708984,1.0
CQR-OneSided,0.95,0p95,test,-1425.166259765625,1154.0843505859375,-1437.0,1165.0,16.099342346191406,16.48638153076172,-0.9931640625,15.493217468261719,0.0
CQR-OneSided,0.95,0p95,test,-1438.8050537109375,1165.1766357421875,-1437.0,1165.0,1.8136756420135498,17.381441116333008,-0.9931640625,16.388277053833008,1.0
CQR-OneSided,0.95,0p95,test,-1408.1514892578125,1137.43994140625,-1437.0,1160.0,36.62229919433594,49.68119430541992,-0.9931640625,48.68803024291992,1.0
CQR-OneSided,0.95,0p95,test,-1432.70703125,1160.2874755859375,-1437.0,1170.0,10.618978500366211,18.164722442626953,-0.9931640625,17.171558380126953,1.0
CQR-OneSided,0.95,0p95,test,-1432.9505615234375,1160.4302978515625,-1437.0,1165.0,6.105745315551758,17.220211029052734,-0.9931640625,16.227046966552734,1.0
CQR-OneSided,0.95,0p95,test,-1429.8330078125,1157.8841552734375,-1437.0,1165.0,10.099555969238281,16.833011627197266,-0.9931640625,15.839847564697266,1.0
CQR-OneSided,0.95,0p95,test,-1433.9569091796875,1158.2755126953125,-1437.0,1160.0,3.4977505207061768,15.436907768249512,-0.9931640625,14.443743705749512,1.0
CQR-OneSided,0.95,0p95,test,-1443.0848388671875,1168.6182861328125,-1437.0,1165.0,7.079354286193848,17.03362274169922,-0.9931640625,16.04045867919922,1.0
CQR-OneSided,0.95,0p95,test,-1430.9324951171875,1158.7877197265625,-1437.0,1160.0,6.1874260902404785,17.057416915893555,-0.9931640625,16.064252853393555,1.0
CQR-OneSided,0.95,0p95,test,-1431.807373046875,1159.533203125,-1437.0,1170.0,11.68405818939209,17.750993728637695,-0.9931640625,16.757829666137695,1.0
CQR-OneSided,0.95,0p95,test,-1437.00390625,1163.6783447265625,-1437.0,1165.0,1.3216609954833984,16.712627410888672,-0.9931640625,15.719463348388672,1.0
CQR-OneSided,0.95,0p95,test,-1431.8408203125,1156.568115234375,-1437.0,1160.0,6.196367263793945,20.717641830444336,-0.9931640625,19.724477767944336,1.0
CQR-OneSided,0.95,0p95,test,-1430.060791015625,1158.0640869140625,-1437.0,1155.0,7.58559513092041,16.78750228881836,-0.9931640625,15.79433822631836,1.0
CQR-OneSided,0.95,0p95,test,-1435.348388671875,1162.376708984375,-1437.0,1165.0,3.0999155044555664,17.307575225830078,-0.9931640625,16.314411163330078,1.0
CQR-OneSided,0.95,0p95,test,-1377.885986328125,1113.0006103515625,-1437.0,1160.0,75.52091979980469,81.18280792236328,-0.9931640625,80.18964385986328,1.0
CQR-OneSided,0.95,0p95,test,-1417.9970703125,1148.2967529296875,-1437.0,1155.0,20.150554656982422,16.668460845947266,-0.9931640625,15.675296783447266,0.0
CQR-OneSided,0.95,0p95,test,-1434.240966796875,1161.4708251953125,-1437.0,1155.0,7.034475326538086,17.170127868652344,-0.9931640625,16.176963806152344,1.0
CQR-OneSided,0.95,0p95,test,-1429.1416015625,1157.400146484375,-1437.0,1170.0,14.849603652954102,18.145931243896484,-0.9931640625,17.152767181396484,1.0
CQR-OneSided,0.95,0p95,test,-1440.287353515625,1166.4390869140625,-1437.0,1170.0,4.846317768096924,18.47455406188965,-0.9931640625,17.48138999938965,1.0
CQR-OneSided,0.95,0p95,test,-1434.4185791015625,1158.64990234375,-1437.0,1160.0,2.9131593704223633,19.785621643066406,-0.9931640625,18.792457580566406,1.0
CQR-OneSided,0.95,0p95,test,-1432.032470703125,1159.6700439453125,-1437.0,1155.0,6.8180389404296875,16.94091033935547,-0.9931640625,15.947746276855469,1.0
CQR-OneSided,0.95,0p95,test,-1433.5675048828125,1160.9310302734375,-1437.0,1170.0,9.696815490722656,17.27845001220703,-0.9931640625,16.28528594970703,1.0
CQR-OneSided,0.95,0p95,test,-1489.65185546875,1203.247314453125,-1437.0,1160.0,68.13624572753906,68.09732818603516,-0.9931640625,67.10416412353516,0.0
CQR-OneSided,0.95,0p95,test,-1417.3250732421875,1144.8472900390625,-1437.0,1160.0,24.833593368530273,37.73245620727539,-0.9931640625,36.73929214477539,1.0
CQR-OneSided,0.95,0p95,test,-1438.9453125,1165.2672119140625,-1437.0,1165.0,1.9635791778564453,17.012725830078125,-0.9931640625,16.019561767578125,1.0
CQR-OneSided,0.95,0p95,test,-1464.3262939453125,1182.8018798828125,-1437.0,1160.0,35.590057373046875,29.219942092895508,-0.9931640625,28.226778030395508,0.0
CQR-OneSided,0.95,0p95,test,-1421.9649658203125,1151.5238037109375,-1437.0,1155.0,15.431661605834961,16.919921875,-0.9931640625,15.9267578125,1.0
CQR-OneSided,0.95,0p95,test,-1427.446533203125,1156.02490234375,-1437.0,1170.0,16.92844009399414,18.100526809692383,-0.9931640625,17.107362747192383,1.0
CQR-OneSided,0.95,0p95,test,-1434.8585205078125,1161.9630126953125,-1437.0,1155.0,7.2848801612854,17.042709350585938,-0.9931640625,16.049545288085938,1.0
CQR-OneSided,0.95,0p95,test,-1430.1705322265625,1158.179931640625,-1437.0,1165.0,9.651681900024414,17.206161499023438,-0.9931640625,16.212997436523438,1.0
CQR-OneSided,0.95,0p95,test,-1429.75537109375,1157.85107421875,-1437.0,1155.0,7.785452842712402,17.31497573852539,-0.9931640625,16.32181167602539,1.0
CQR-OneSided,0.95,0p95,test,-1436.164306640625,1163.0699462890625,-1437.0,1170.0,6.980259895324707,17.919082641601562,-0.9931640625,16.925918579101562,1.0
CQR-OneSided,0.95,0p95,test,-1444.06103515625,1169.427001953125,-1437.0,1165.0,8.334060668945312,17.35378646850586,-0.9931640625,16.36062240600586,1.0
CQR-OneSided,0.95,0p95,test,-1439.380126953125,1165.6590576171875,-1437.0,1165.0,2.4696884155273438,17.668819427490234,-0.9931640625,16.675655364990234,1.0
CQR-OneSided,0.95,0p95,test,-1441.53955078125,1167.4195556640625,-1437.0,1165.0,5.144100666046143,17.893051147460938,-0.9931640625,16.899887084960938,1.0
CQR-OneSided,0.95,0p95,test,-1442.1224365234375,1164.8707275390625,-1437.0,1160.0,7.068475246429443,14.864249229431152,-0.9931640625,13.871085166931152,1.0
CQR-OneSided,0.95,0p95,test,-1431.969970703125,1156.6712646484375,-1437.0,1160.0,6.031722545623779,16.1810359954834,-0.9931640625,15.187871932983398,1.0
CQR-OneSided,0.95,0p95,test,-1423.959716796875,1153.161865234375,-1437.0,1165.0,17.612224578857422,17.30377197265625,-0.9931640625,16.31060791015625,0.0
CQR-OneSided,0.95,0p95,test,-1439.529052734375,1165.7305908203125,-1437.0,1165.0,2.632464647293091,16.88077735900879,-0.9931640625,15.887613296508789,1.0
CQR-OneSided,0.95,0p95,test,-1431.141845703125,1159.0240478515625,-1437.0,1170.0,12.441442489624023,18.23503875732422,-0.9931640625,17.24187469482422,1.0
CQR-OneSided,0.95,0p95,test,-1429.056396484375,1154.3203125,-1437.0,1160.0,9.765228271484375,25.832862854003906,-0.9931640625,24.839698791503906,1.0
CQR-OneSided,0.95,0p95,test,-1437.2705078125,1163.938720703125,-1437.0,1165.0,1.0952115058898926,17.45206642150879,-0.9931640625,16.45890235900879,1.0
CQR-OneSided,0.95,0p95,test,-1408.0147705078125,1137.3289794921875,-1437.0,1160.0,36.7983512878418,47.84615707397461,-0.9931640625,46.85299301147461,1.0
CQR-OneSided,0.95,0p95,test,-1431.056640625,1155.93359375,-1437.0,1160.0,7.201331615447998,17.506336212158203,-0.9931640625,16.513172149658203,1.0
CQR-OneSided,0.95,0p95,test,-1434.18798828125,1161.4439697265625,-1437.0,1155.0,7.0308003425598145,17.431909561157227,-0.9931640625,16.438745498657227,1.0
CQR-OneSided,0.95,0p95,test,-1424.5550537109375,1153.6043701171875,-1437.0,1155.0,12.522957801818848,16.70191764831543,-0.9931640625,15.70875358581543,1.0
CQR-OneSided,0.95,0p95,test,-1407.737060546875,1137.10693359375,-1437.0,1160.0,37.15389633178711,45.17284393310547,-0.9931640625,44.17967987060547,1.0
CQR-OneSided,0.95,0p95,test,-1440.564453125,1166.5999755859375,-1437.0,1165.0,3.907076597213745,17.34925079345703,-0.9931640625,16.35608673095703,1.0
CQR-OneSided,0.95,0p95,test,-1405.915283203125,1135.634033203125,-1437.0,1160.0,39.49633026123047,50.642818450927734,-0.9931640625,49.649654388427734,1.0
CQR-OneSided,0.95,0p95,test,-1440.13916015625,1166.256591796875,-1437.0,1165.0,3.3813235759735107,17.384721755981445,-0.9931640625,16.391557693481445,1.0
CQR-OneSided,0.95,0p95,test,-1428.53955078125,1156.8477783203125,-1437.0,1155.0,8.65987777709961,16.9982967376709,-0.9931640625,16.0051326751709,1.0
CQR-OneSided,0.95,0p95,test,-1434.515869140625,1161.69775390625,-1437.0,1165.0,4.132279872894287,17.222734451293945,-0.9931640625,16.229570388793945,1.0
CQR-OneSided,0.95,0p95,test,-1427.998046875,1156.4083251953125,-1437.0,1155.0,9.111451148986816,16.983356475830078,-0.9931640625,15.990192413330078,1.0
CQR-OneSided,0.95,0p95,test,-1440.11767578125,1166.246337890625,-1437.0,1165.0,3.357567548751831,17.48800277709961,-0.9931640625,16.49483871459961,1.0
CQR-OneSided,0.95,0p95,test,-1421.6468505859375,1151.25390625,-1437.0,1155.0,15.803556442260742,16.73992919921875,-0.9931640625,15.74676513671875,0.0
CQR-OneSided,0.95,0p95,test,-1432.0594482421875,1159.7081298828125,-1437.0,1155.0,6.82462739944458,17.208751678466797,-0.9931640625,16.215587615966797,1.0
CQR-OneSided,0.95,0p95,test,-1459.5516357421875,1178.944091796875,-1437.0,1160.0,29.452587127685547,32.04327392578125,-0.9931640625,31.05010986328125,1.0
CQR-OneSided,0.95,0p95,test,-1431.567138671875,1159.296142578125,-1437.0,1155.0,6.926241874694824,16.98786163330078,-0.9931640625,15.994697570800781,1.0
CQR-OneSided,0.95,0p95,test,-1433.749267578125,1161.063232421875,-1437.0,1165.0,5.105428695678711,16.989791870117188,-0.9931640625,15.996627807617188,1.0
CQR-OneSided,0.95,0p95,test,-1437.483642578125,1164.1011962890625,-1437.0,1165.0,1.0206656455993652,17.280731201171875,-0.9931640625,16.287567138671875,1.0
CQR-OneSided,0.95,0p95,test,-1364.026611328125,1101.8131103515625,-1437.0,1160.0,93.33182525634766,104.71212005615234,-0.9931640625,103.71895599365234,1.0
CQR-OneSided,0.95,0p95,test,-1432.993408203125,1160.4420166015625,-1437.0,1165.0,6.068606853485107,16.855743408203125,-0.9931640625,15.862579345703125,1.0
CQR-OneSided,0.95,0p95,test,-1440.4306640625,1166.5025634765625,-1437.0,1165.0,3.745284080505371,17.571653366088867,-0.9931640625,16.578489303588867,1.0
CQR-OneSided,0.95,0p95,test,-1434.346923828125,1161.6121826171875,-1437.0,1170.0,8.797402381896973,18.111007690429688,-0.9931640625,17.117843627929688,1.0
CQR-OneSided,0.95,0p95,test,-1441.87548828125,1167.669677734375,-1437.0,1165.0,5.558557510375977,17.512744903564453,-0.9931640625,16.519580841064453,1.0
CQR-OneSided,0.95,0p95,test,-1431.501220703125,1159.2431640625,-1437.0,1155.0,6.94557523727417,16.996227264404297,-0.9931640625,16.003063201904297,1.0
CQR-OneSided,0.95,0p95,test,-1432.711669921875,1157.2720947265625,-1437.0,1160.0,5.082444667816162,20.93152618408203,-0.9931640625,19.93836212158203,1.0
CQR-OneSided,0.95,0p95,test,-1425.736572265625,1154.6390380859375,-1437.0,1170.0,19.04793930053711,18.04147720336914,-0.9931640625,17.04831314086914,0.0
CQR-OneSided,0.95,0p95,test,-1428.6435546875,1156.9317626953125,-1437.0,1155.0,8.576822280883789,17.001422882080078,-0.9931640625,16.008258819580078,1.0
CQR-OneSided,0.95,0p95,test,-1430.796875,1158.7469482421875,-1437.0,1170.0,12.849510192871094,18.26883316040039,-0.9931640625,17.27566909790039,1.0
CQR-OneSided,0.95,0p95,test,-1426.449462890625,1155.1533203125,-1437.0,1155.0,10.551651000976562,16.94921112060547,-0.9931640625,15.956047058105469,1.0
CQR-OneSided,0.95,0p95,test,-1437.1632080078125,1163.8582763671875,-1437.0,1165.0,1.153329849243164,17.524795532226562,-0.9931640625,16.531631469726562,1.0
CQR-OneSided,0.95,0p95,test,-1425.4329833984375,1151.3958740234375,-1437.0,1160.0,14.416200637817383,26.18177032470703,-0.9931640625,25.18860626220703,1.0
CQR-OneSided,0.95,0p95,test,-1442.5057373046875,1165.1763916015625,-1437.0,1160.0,7.556994915008545,21.25641632080078,-0.9931640625,20.26325225830078,1.0
CQR-OneSided,0.95,0p95,test,-1411.744873046875,1140.3416748046875,-1437.0,1160.0,32.004234313964844,46.65150451660156,-0.9931640625,45.65834045410156,1.0
CQR-OneSided,0.95,0p95,test,-1433.3916015625,1160.808837890625,-1437.0,1170.0,9.874107360839844,17.61386489868164,-0.9931640625,16.62070083618164,1.0
CQR-OneSided,0.95,0p95,test,-1439.3189697265625,1165.5751953125,-1437.0,1165.0,2.3892405033111572,17.079952239990234,-0.9931640625,16.086788177490234,1.0
CQR-OneSided,0.95,0p95,test,-1428.30224609375,1156.6512451171875,-1437.0,1155.0,8.853108406066895,16.93581771850586,-0.9931640625,15.94265365600586,1.0
CQR-OneSided,0.95,0p95,test,-1423.1358642578125,1152.4925537109375,-1437.0,1155.0,14.089057922363281,17.28618812561035,-0.9931640625,16.29302406311035,1.0
CQR-OneSided,0.95,0p95,test,-1444.5040283203125,1166.794677734375,-1437.0,1160.0,10.123146057128906,15.641077995300293,-0.9931640625,14.647913932800293,1.0
CQR-OneSided,0.95,0p95,test,-1433.063232421875,1157.5545654296875,-1437.0,1160.0,4.634467601776123,21.501379013061523,-0.9931640625,20.508214950561523,1.0
CQR-OneSided,0.95,0p95,test,-1438.817138671875,1165.1453857421875,-1437.0,1165.0,1.8229453563690186,16.733449935913086,-0.9931640625,15.740285873413086,1.0
CQR-OneSided,0.95,0p95,test,-1425.86328125,1154.6826171875,-1437.0,1155.0,11.141240119934082,17.0167236328125,-0.9931640625,16.0235595703125,1.0
CQR-OneSided,0.95,0p95,test,-1427.557861328125,1153.10986328125,-1437.0,1160.0,11.688796043395996,23.834712982177734,-0.9931640625,22.841548919677734,1.0
CQR-OneSided,0.95,0p95,test,-1427.0352783203125,1155.63671875,-1437.0,1155.0,9.9850435256958,17.102279663085938,-0.9931640625,16.109115600585938,1.0
CQR-OneSided,0.95,0p95,test,-1435.92041015625,1162.8218994140625,-1437.0,1155.0,7.896051406860352,17.033422470092773,-0.9931640625,16.040258407592773,1.0
CQR-OneSided,0.95,0p95,test,-1431.221923828125,1159.0938720703125,-1437.0,1170.0,12.342195510864258,18.331336975097656,-0.9931640625,17.338172912597656,1.0
CQR-OneSided,0.95,0p95,test,-1421.08349609375,1147.8829345703125,-1437.0,1160.0,20.00395965576172,32.14780807495117,-0.9931640625,31.154644012451172,1.0
CQR-OneSided,0.95,0p95,test,-1414.054443359375,1142.2076416015625,-1437.0,1160.0,29.03561019897461,41.8627815246582,-0.9931640625,40.8696174621582,1.0
CQR-OneSided,0.95,0p95,test,-1435.5238037109375,1162.5611572265625,-1437.0,1170.0,7.583899974822998,18.087425231933594,-0.9931640625,17.094261169433594,1.0
CQR-OneSided,0.95,0p95,test,-1432.369873046875,1156.9964599609375,-1437.0,1160.0,5.5189971923828125,22.729164123535156,-0.9931640625,21.736000061035156,1.0
CQR-OneSided,0.95,0p95,test,-1428.8609619140625,1157.0758056640625,-1437.0,1155.0,8.399578094482422,16.506380081176758,-0.9931640625,15.513216018676758,1.0
CQR-OneSided,0.95,0p95,test,-1430.1903076171875,1158.2445068359375,-1437.0,1170.0,13.585416793823242,18.081069946289062,-0.9931640625,17.087905883789062,1.0
CQR-OneSided,0.95,0p95,test,-1433.752197265625,1161.085205078125,-1437.0,1155.0,6.897676467895508,17.318363189697266,-0.9931640625,16.325199127197266,1.0
CQR-OneSided,0.95,0p95,test,-1442.0576171875,1167.8533935546875,-1437.0,1170.0,5.494307041168213,18.141822814941406,-0.9931640625,17.148658752441406,1.0
CQR-OneSided,0.95,0p95,test,-1424.924072265625,1153.9019775390625,-1437.0,1165.0,16.40104103088379,16.699352264404297,-0.9931640625,15.706188201904297,0.0
CQR-OneSided,0.95,0p95,test,-1440.104248046875,1166.3126220703125,-1437.0,1170.0,4.820074081420898,18.827831268310547,-0.9931640625,17.834667205810547,1.0
CQR-OneSided,0.95,0p95,test,-1428.794189453125,1157.0673828125,-1437.0,1155.0,8.462233543395996,17.220726013183594,-0.9931640625,16.227561950683594,1.0
CQR-OneSided,0.95,0p95,test,-1421.787353515625,1148.4483642578125,-1437.0,1160.0,19.101436614990234,27.569503784179688,-0.9931640625,26.576339721679688,1.0
CQR-OneSided,0.95,0p95,test,-1430.9940185546875,1158.8487548828125,-1437.0,1155.0,7.133353233337402,17.259368896484375,-0.9931640625,16.266204833984375,1.0
CQR-OneSided,0.95,0p95,test,-1438.62158203125,1165.0289306640625,-1437.0,1165.0,1.6218401193618774,17.369991302490234,-0.9931640625,16.376827239990234,1.0
CQR-OneSided,0.95,0p95,test,-1367.1171875,1104.3072509765625,-1437.0,1160.0,89.3604507446289,102.9001235961914,-0.9931640625,101.9069595336914,1.0
CQR-OneSided,0.95,0p95,test,-1426.81982421875,1155.4444580078125,-1437.0,1155.0,10.189873695373535,16.823040008544922,-0.9931640625,15.829875946044922,1.0
CQR-OneSided,0.95,0p95,test,-1428.241943359375,1156.648193359375,-1437.0,1170.0,15.967914581298828,17.731531143188477,-0.9931640625,16.738367080688477,1.0
CQR-OneSided,0.95,0p95,test,-1431.145263671875,1158.9542236328125,-1437.0,1155.0,7.064971446990967,16.963390350341797,-0.9931640625,15.970226287841797,1.0
CQR-OneSided,0.95,0p95,test,-1411.215087890625,1139.9141845703125,-1437.0,1160.0,32.68488311767578,48.62489700317383,-0.9931640625,47.63173294067383,1.0
CQR-OneSided,0.95,0p95,test,-1429.374755859375,1154.576171875,-1437.0,1160.0,9.357470512390137,22.915966033935547,-0.9931640625,21.922801971435547,1.0
CQR-OneSided,0.95,0p95,test,-1432.623779296875,1160.1417236328125,-1437.0,1155.0,6.7519354820251465,16.855640411376953,-0.9931640625,15.862476348876953,1.0
CQR-OneSided,0.95,0p95,test,-1429.1583251953125,1157.3997802734375,-1437.0,1170.0,14.841071128845215,17.918323516845703,-0.9931640625,16.925159454345703,1.0
CQR-OneSided,0.95,0p95,test,-1462.6514892578125,1181.4464111328125,-1437.0,1160.0,33.43572235107422,39.53467559814453,-0.9931640625,38.54151153564453,1.0
CQR-OneSided,0.95,0p95,test,-1436.96435546875,1163.7447509765625,-1437.0,1170.0,6.255350589752197,18.382076263427734,-0.9931640625,17.388912200927734,1.0
CQR-OneSided,0.95,0p95,test,-1437.49365234375,1164.190673828125,-1437.0,1170.0,5.830263137817383,18.675262451171875,-0.9931640625,17.682098388671875,1.0
CQR-OneSided,0.95,0p95,test,-1427.8563232421875,1156.2957763671875,-1437.0,1155.0,9.235034942626953,17.01736068725586,-0.9931640625,16.02419662475586,1.0
CQR-OneSided,0.95,0p95,test,-1434.444580078125,1161.7159423828125,-1437.0,1170.0,8.669243812561035,18.54473114013672,-0.9931640625,17.55156707763672,1.0
CQR-OneSided,0.95,0p95,test,-1430.7490234375,1158.6414794921875,-1437.0,1155.0,7.2342987060546875,17.114185333251953,-0.9931640625,16.121021270751953,1.0
CQR-OneSided,0.95,0p95,test,-1429.8441162109375,1157.942138671875,-1437.0,1155.0,7.7371087074279785,17.661991119384766,-0.9931640625,16.668827056884766,1.0
CQR-OneSided,0.95,0p95,test,-1429.53076171875,1157.6636962890625,-1437.0,1165.0,10.469520568847656,17.223556518554688,-0.9931640625,16.230392456054688,1.0
CQR-OneSided,0.95,0p95,test,-1432.75830078125,1160.280029296875,-1437.0,1155.0,6.772792816162109,17.316864013671875,-0.9931640625,16.323699951171875,1.0
CQR-OneSided,0.95,0p95,test,-1433.9266357421875,1161.1934814453125,-1437.0,1155.0,6.914100170135498,16.81058120727539,-0.9931640625,15.81741714477539,1.0
CQR-OneSided,0.95,0p95,test,-1439.91943359375,1166.12109375,-1437.0,1170.0,4.85479211807251,18.137619018554688,-0.9931640625,17.144454956054688,1.0
CQR-OneSided,0.95,0p95,test,-1433.1715087890625,1160.6005859375,-1437.0,1165.0,5.831996917724609,17.062955856323242,-0.9931640625,16.069791793823242,1.0
CQR-OneSided,0.95,0p95,test,-1442.4627685546875,1168.1590576171875,-1437.0,1165.0,6.310426712036133,17.775970458984375,-0.9931640625,16.782806396484375,1.0
CQR-OneSided,0.95,0p95,test,-1436.0872802734375,1163.0430908203125,-1437.0,1170.0,7.016526699066162,18.48908042907715,-0.9931640625,17.49591636657715,1.0
CQR-OneSided,0.95,0p95,test,-1343.9931640625,1085.6455078125,-1437.0,1160.0,119.07502746582031,164.03916931152344,-0.9931640625,163.04600524902344,1.0
CQR-OneSided,0.95,0p95,test,-1444.586669921875,1169.9114990234375,-1437.0,1170.0,7.587185859680176,18.376649856567383,-0.9931640625,17.383485794067383,1.0
CQR-OneSided,0.95,0p95,test,-1401.5296630859375,1132.0928955078125,-1437.0,1160.0,45.13259506225586,52.318782806396484,-0.9931640625,51.325618743896484,1.0
CQR-OneSided,0.95,0p95,test,-1430.9761962890625,1158.8956298828125,-1437.0,1170.0,12.63302230834961,18.343008041381836,-0.9931640625,17.349843978881836,1.0
CQR-OneSided,0.95,0p95,test,-1433.765869140625,1161.0941162109375,-1437.0,1155.0,6.899119853973389,17.29730796813965,-0.9931640625,16.30414390563965,1.0
CQR-OneSided,0.95,0p95,test,-1431.835693359375,1159.5211181640625,-1437.0,1155.0,6.863714218139648,17.11886215209961,-0.9931640625,16.12569808959961,1.0
CQR-OneSided,0.95,0p95,test,-1433.12255859375,1160.6055908203125,-1437.0,1170.0,10.163143157958984,17.876567840576172,-0.9931640625,16.883403778076172,1.0
CQR-OneSided,0.95,0p95,test,-1432.777099609375,1157.324462890625,-1437.0,1160.0,4.999138355255127,20.885997772216797,-0.9931640625,19.892833709716797,1.0
CQR-OneSided,0.95,0p95,test,-1436.09423828125,1162.9639892578125,-1437.0,1165.0,2.2283949851989746,17.03301239013672,-0.9931640625,16.03984832763672,1.0
CQR-OneSided,0.95,0p95,test,-1428.838623046875,1157.121826171875,-1437.0,1165.0,11.343442916870117,17.523176193237305,-0.9931640625,16.530012130737305,1.0
CQR-OneSided,0.95,0p95,test,-1429.2767333984375,1157.4453125,-1437.0,1155.0,8.101136207580566,17.020668029785156,-0.9931640625,16.027503967285156,1.0
CQR-OneSided,0.95,0p95,test,-1418.826171875,1146.06103515625,-1437.0,1160.0,22.903772354125977,40.75202560424805,-0.9931640625,39.75886154174805,1.0
CQR-OneSided,0.95,0p95,test,-1437.5308837890625,1161.1612548828125,-1437.0,1160.0,1.276851773262024,16.478713989257812,-0.9931640625,15.485549926757812,1.0
CQR-OneSided,0.95,0p95,test,-1436.7314453125,1163.5380859375,-1437.0,1170.0,6.46749210357666,18.081037521362305,-0.9931640625,17.087873458862305,1.0
CQR-OneSided,0.95,0p95,test,-1432.761962890625,1160.3056640625,-1437.0,1170.0,10.580222129821777,17.73849105834961,-0.9931640625,16.74532699584961,1.0
CQR-OneSided,0.95,0p95,test,-1431.6473388671875,1159.4017333984375,-1437.0,1170.0,11.873257637023926,17.71555519104004,-0.9931640625,16.72239112854004,1.0
CQR-OneSided,0.95,0p95,test,-1433.415771484375,1160.7667236328125,-1437.0,1165.0,5.546830177307129,16.599811553955078,-0.9931640625,15.606647491455078,1.0
CQR-OneSided,0.95,0p95,test,-1430.5665283203125,1158.5474853515625,-1437.0,1170.0,13.135815620422363,18.02304458618164,-0.9931640625,17.02988052368164,1.0
CQR-OneSided,0.95,0p95,test,-1428.0382080078125,1156.4283447265625,-1437.0,1155.0,9.07490348815918,16.789203643798828,-0.9931640625,15.796039581298828,1.0
CQR-OneSided,0.95,0p95,test,-1433.7452392578125,1161.1077880859375,-1437.0,1170.0,9.469155311584473,17.85318946838379,-0.9931640625,16.86002540588379,1.0
CQR-OneSided,0.95,0p95,test,-1432.8353271484375,1160.3663330078125,-1437.0,1170.0,10.495333671569824,17.759227752685547,-0.9931640625,16.766063690185547,1.0
CQR-OneSided,0.95,0p95,test,-1441.533935546875,1167.4359130859375,-1437.0,1170.0,5.20875358581543,18.28460693359375,-0.9931640625,17.29144287109375,1.0
CQR-OneSided,0.95,0p95,test,-1439.4197998046875,1165.7747802734375,-1437.0,1170.0,4.869077205657959,19.12103271484375,-0.9931640625,18.12786865234375,1.0
CQR-OneSided,0.95,0p95,test,-1404.2303466796875,1134.2738037109375,-1437.0,1160.0,41.661582946777344,53.37052536010742,-0.9931640625,52.37736129760742,1.0
CQR-OneSided,0.95,0p95,test,-1441.3468017578125,1167.24755859375,-1437.0,1165.0,4.893486022949219,17.5999698638916,-0.9931640625,16.6068058013916,1.0
CQR-OneSided,0.95,0p95,test,-1383.3785400390625,1117.4365234375,-1437.0,1160.0,68.46101379394531,77.29862976074219,-0.9931640625,76.30546569824219,1.0
CQR-OneSided,0.95,0p95,test,-1427.5125732421875,1156.0174560546875,-1437.0,1155.0,9.541828155517578,17.017812728881836,-0.9931640625,16.024648666381836,1.0
CQR-OneSided,0.95,0p95,test,-1429.463134765625,1154.6497802734375,-1437.0,1160.0,9.242791175842285,27.106239318847656,-0.9931640625,26.113075256347656,1.0
CQR-OneSided,0.95,0p95,test,-1441.31494140625,1167.2122802734375,-1437.0,1165.0,4.849010467529297,17.457914352416992,-0.9931640625,16.464750289916992,1.0
CQR-OneSided,0.95,0p95,test,-1429.05712890625,1157.271240234375,-1437.0,1155.0,8.261219024658203,17.078519821166992,-0.9931640625,16.085355758666992,1.0
CQR-OneSided,0.95,0p95,test,-1421.0086669921875,1150.7255859375,-1437.0,1155.0,16.552743911743164,16.54281997680664,-0.9931640625,15.54965591430664,0.0
CQR-OneSided,0.95,0p95,test,-1442.0111083984375,1167.800048828125,-1437.0,1170.0,5.472750186920166,17.894039154052734,-0.9931640625,16.900875091552734,1.0
CQR-OneSided,0.95,0p95,test,-1427.083740234375,1155.66943359375,-1437.0,1155.0,9.938830375671387,16.99396324157715,-0.9931640625,16.00079917907715,1.0
CQR-OneSided,0.95,0p95,test,-1432.3209228515625,1159.9862060546875,-1437.0,1170.0,11.053046226501465,18.358299255371094,-0.9931640625,17.365135192871094,1.0
CQR-OneSided,0.95,0p95,test,-1430.9971923828125,1158.86376953125,-1437.0,1165.0,8.584115028381348,17.44805908203125,-0.9931640625,16.45489501953125,1.0
CQR-OneSided,0.95,0p95,test,-1420.5960693359375,1147.4871826171875,-1437.0,1160.0,20.63151741027832,31.724897384643555,-0.9931640625,30.731733322143555,1.0
CQR-OneSided,0.95,0p95,test,-1430.58544921875,1158.5333251953125,-1437.0,1165.0,9.108476638793945,17.465850830078125,-0.9931640625,16.472686767578125,1.0
CQR-OneSided,0.95,0p95,test,-1431.5631103515625,1159.3353271484375,-1437.0,1165.0,7.851642608642578,17.71233367919922,-0.9931640625,16.71916961669922,1.0
CQR-OneSided,0.95,0p95,test,-1433.894775390625,1161.175537109375,-1437.0,1165.0,4.926351070404053,16.9304141998291,-0.9931640625,15.937250137329102,1.0
CQR-OneSided,0.95,0p95,test,-1429.6697998046875,1157.7789306640625,-1437.0,1165.0,10.289590835571289,17.27511978149414,-0.9931640625,16.28195571899414,1.0
CQR-OneSided,0.95,0p95,test,-1446.891357421875,1171.763916015625,-1437.0,1170.0,10.047405242919922,18.13991355895996,-0.9931640625,17.14674949645996,1.0
CQR-OneSided,0.95,0p95,test,-1425.077880859375,1154.0386962890625,-1437.0,1155.0,11.96081256866455,16.87481117248535,-0.9931640625,15.881647109985352,1.0
CQR-OneSided,0.95,0p95,test,-1431.068603515625,1155.9456787109375,-1437.0,1160.0,7.184635639190674,26.366230010986328,-0.9931640625,25.373065948486328,1.0
CQR-OneSided,0.95,0p95,test,-1454.5299072265625,1174.8878173828125,-1437.0,1160.0,22.998798370361328,32.5943717956543,-0.9931640625,31.601207733154297,1.0
CQR-OneSided,0.95,0p95,test,-1427.36083984375,1155.903564453125,-1437.0,1155.0,9.681417465209961,17.16888427734375,-0.9931640625,16.17572021484375,1.0
CQR-OneSided,0.95,0p95,test,-1425.345703125,1154.2666015625,-1437.0,1155.0,11.677350044250488,17.051008224487305,-0.9931640625,16.057844161987305,1.0
CQR-OneSided,0.95,0p95,test,-1442.11279296875,1167.8656005859375,-1437.0,1165.0,5.861084938049316,17.569316864013672,-0.9931640625,16.576152801513672,1.0
CQR-OneSided,0.95,0p95,test,-1426.8302001953125,1155.4482421875,-1437.0,1155.0,10.179673194885254,16.745040893554688,-0.9931640625,15.751876831054688,1.0
CQR-OneSided,0.95,0p95,test,-1437.109619140625,1163.781494140625,-1437.0,1165.0,1.2234266996383667,16.99321937561035,-0.9931640625,16.00005531311035,1.0
CQR-OneSided,0.95,0p95,test,-1427.20751953125,1155.824951171875,-1437.0,1170.0,17.228601455688477,17.99527359008789,-0.9931640625,17.00210952758789,0.0
CQR-OneSided,0.95,0p95,test,-1431.3558349609375,1159.1212158203125,-1437.0,1155.0,6.988635063171387,16.931997299194336,-0.9931640625,15.938833236694336,1.0
CQR-OneSided,0.95,0p95,test,-1440.9371337890625,1163.9124755859375,-1437.0,1160.0,5.550539493560791,15.57779598236084,-0.9931640625,14.58463191986084,1.0
CQR-OneSided,0.95,0p95,test,-1440.6396484375,1166.6597900390625,-1437.0,1165.0,4.000242710113525,17.339258193969727,-0.9931640625,16.346094131469727,1.0
CQR-OneSided,0.95,0p95,test,-1426.012451171875,1154.8194580078125,-1437.0,1170.0,18.739665985107422,17.309375762939453,-0.9931640625,16.316211700439453,0.0
CQR-OneSided,0.95,0p95,test,-1426.8934326171875,1155.504638671875,-1437.0,1155.0,10.119158744812012,16.82391357421875,-0.9931640625,15.83074951171875,1.0
CQR-OneSided,0.95,0p95,test,-1437.56689453125,1164.15673828125,-1437.0,1165.0,1.016100287437439,17.08715057373047,-0.9931640625,16.09398651123047,1.0
CQR-OneSided,0.95,0p95,test,-1426.6331787109375,1155.3035888671875,-1437.0,1155.0,10.371265411376953,16.97201919555664,-0.9931640625,15.97885513305664,1.0
CQR-OneSided,0.95,0p95,test,-1429.1865234375,1157.36376953125,-1437.0,1165.0,10.925311088562012,16.885387420654297,-0.9931640625,15.892223358154297,1.0
CQR-OneSided,0.95,0p95,test,-1430.394287109375,1158.33984375,-1437.0,1155.0,7.402026653289795,16.87633514404297,-0.9931640625,15.883171081542969,1.0
CQR-OneSided,0.95,0p95,test,-1429.957275390625,1157.9708251953125,-1437.0,1165.0,9.950340270996094,16.631567001342773,-0.9931640625,15.638402938842773,1.0
CQR-OneSided,0.95,0p95,test,-1439.7999267578125,1165.975341796875,-1437.0,1165.0,2.964942216873169,17.297100067138672,-0.9931640625,16.303936004638672,1.0
CQR-OneSided,0.95,0p95,test,-1430.5970458984375,1158.49267578125,-1437.0,1165.0,9.129243850708008,16.721343994140625,-0.9931640625,15.728179931640625,1.0
CQR-OneSided,0.95,0p95,test,-1433.15966796875,1160.5889892578125,-1437.0,1165.0,5.848518371582031,17.041454315185547,-0.9931640625,16.048290252685547,1.0
CQR-OneSided,0.95,0p95,test,-1436.27978515625,1163.123779296875,-1437.0,1165.0,2.009704828262329,17.21125602722168,-0.9931640625,16.21809196472168,1.0
CQR-OneSided,0.95,0p95,test,-1452.657470703125,1173.3768310546875,-1437.0,1160.0,20.593591690063477,27.29274559020996,-0.9931640625,26.29958152770996,1.0
CQR-OneSided,0.95,0p95,test,-1435.585205078125,1162.6168212890625,-1437.0,1170.0,7.517511367797852,18.186153411865234,-0.9931640625,17.192989349365234,1.0
CQR-OneSided,0.95,0p95,test,-1443.38671875,1168.887451171875,-1437.0,1165.0,7.476794242858887,17.416881561279297,-0.9931640625,16.423717498779297,1.0
CQR-OneSided,0.95,0p95,test,-1435.3414306640625,1159.3934326171875,-1437.0,1160.0,1.7660057544708252,15.856278419494629,-0.9931640625,14.863114356994629,1.0
CQR-OneSided,0.95,0p95,test,-1431.85546875,1159.527099609375,-1437.0,1165.0,7.511247634887695,16.940099716186523,-0.9931640625,15.946935653686523,1.0
CQR-OneSided,0.95,0p95,test,-1428.798828125,1157.11865234375,-1437.0,1170.0,15.270505905151367,18.082998275756836,-0.9931640625,17.089834213256836,1.0
CQR-OneSided,0.95,0p95,test,-1430.0556640625,1155.125732421875,-1437.0,1160.0,8.484237670898438,21.991416931152344,-0.9931640625,20.998252868652344,1.0
CQR-OneSided,0.95,0p95,test,-1427.689453125,1156.2237548828125,-1437.0,1170.0,16.627422332763672,18.14365005493164,-0.9931640625,17.15048599243164,1.0
CQR-OneSided,0.95,0p95,test,-1441.02197265625,1163.9815673828125,-1437.0,1160.0,5.659429550170898,14.788291931152344,-0.9931640625,13.795127868652344,1.0
CQR-OneSided,0.95,0p95,test,-1445.714111328125,1170.7987060546875,-1437.0,1165.0,10.46712589263916,17.906700134277344,-0.9931640625,16.913536071777344,1.0
CQR-OneSided,0.95,0p95,test,-1439.319580078125,1165.6334228515625,-1437.0,1170.0,4.944436073303223,18.097320556640625,-0.9931640625,17.104156494140625,1.0
CQR-OneSided,0.95,0p95,test,-1423.0413818359375,1149.463134765625,-1437.0,1160.0,17.489097595214844,32.98874282836914,-0.9931640625,31.99557876586914,1.0
CQR-OneSided,0.95,0p95,test,-1416.735107421875,1144.37158203125,-1437.0,1160.0,25.59127426147461,36.88724136352539,-0.9931640625,35.89407730102539,1.0
CQR-OneSided,0.95,0p95,test,-1430.2532958984375,1158.2669677734375,-1437.0,1170.0,13.534477233886719,17.595836639404297,-0.9931640625,16.602672576904297,1.0
CQR-OneSided,0.95,0p95,test,-1423.1854248046875,1149.57763671875,-1437.0,1160.0,17.305147171020508,27.280359268188477,-0.9931640625,26.287195205688477,1.0
CQR-OneSided,0.95,0p95,test,-1426.8231201171875,1155.5118408203125,-1437.0,1170.0,17.705244064331055,17.94478988647461,-0.9931640625,16.95162582397461,0.0
CQR-OneSided,0.95,0p95,test,-1428.24169921875,1156.6585693359375,-1437.0,1170.0,15.959373474121094,17.906200408935547,-0.9931640625,16.913036346435547,1.0
CQR-OneSided,0.95,0p95,test,-1485.98046875,1200.282958984375,-1437.0,1160.0,63.41769027709961,66.8584976196289,-0.9931640625,65.8653335571289,1.0
CQR-OneSided,0.95,0p95,test,-1427.217529296875,1152.8343505859375,-1437.0,1160.0,12.126139640808105,21.95600128173828,-0.9931640625,20.96283721923828,1.0
CQR-OneSided,0.95,0p95,test,-1436.1339111328125,1163.059814453125,-1437.0,1170.0,6.994018077850342,18.17949676513672,-0.9931640625,17.18633270263672,1.0
CQR-OneSided,0.95,0p95,test,-1441.203857421875,1167.1287841796875,-1437.0,1165.0,4.712126731872559,17.561161041259766,-0.9931640625,16.567996978759766,1.0
CQR-OneSided,0.95,0p95,test,-1425.57373046875,1154.4300537109375,-1437.0,1155.0,11.440475463867188,16.734130859375,-0.9931640625,15.740966796875,1.0
CQR-OneSided,0.95,0p95,test,-1436.555908203125,1163.3458251953125,-1437.0,1165.0,1.712749719619751,17.171279907226562,-0.9931640625,16.178115844726562,1.0
CQR-OneSided,0.95,0p95,test,-1434.505126953125,1161.6868896484375,-1437.0,1155.0,7.137148380279541,17.211015701293945,-0.9931640625,16.217851638793945,1.0
CQR-OneSided,0.95,0p95,test,-1442.52978515625,1168.29296875,-1437.0,1170.0,5.78726863861084,19.137277603149414,-0.9931640625,18.144113540649414,1.0
CQR-OneSided,0.95,0p95,test,-1463.006103515625,1181.7298583984375,-1437.0,1160.0,33.88958740234375,46.15400314331055,-0.9931640625,45.16083908081055,1.0
CQR-OneSided,0.95,0p95,test,-1427.611572265625,1156.1514892578125,-1437.0,1165.0,12.901113510131836,17.9837589263916,-0.9931640625,16.9905948638916,1.0
CQR-OneSided,0.95,0p95,test,-1427.4036865234375,1155.927978515625,-1437.0,1155.0,9.641077995300293,16.993824005126953,-0.9931640625,16.000659942626953,1.0
CQR-OneSided,0.95,0p95,test,-1428.1212158203125,1156.5079345703125,-1437.0,1155.0,9.005924224853516,16.982078552246094,-0.9931640625,15.988914489746094,1.0
CQR-OneSided,0.95,0p95,test,-1437.8138427734375,1164.4124755859375,-1437.0,1170.0,5.646482944488525,18.059154510498047,-0.9931640625,17.065990447998047,1.0
CQR-OneSided,0.95,0p95,test,-1439.2860107421875,1165.629638671875,-1437.0,1170.0,4.932129859924316,18.51103973388672,-0.9931640625,17.51787567138672,1.0
CQR-OneSided,0.95,0p95,test,-1438.49462890625,1161.9400634765625,-1437.0,1160.0,2.449032783508301,14.989241600036621,-0.9931640625,13.996077537536621,1.0
CQR-OneSided,0.95,0p95,test,-1437.16943359375,1163.846435546875,-1437.0,1165.0,1.1659411191940308,17.257827758789062,-0.9931640625,16.264663696289062,1.0
CQR-OneSided,0.95,0p95,test,-1427.5968017578125,1156.1468505859375,-1437.0,1170.0,16.74305534362793,18.1060791015625,-0.9931640625,17.1129150390625,1.0
CQR-OneSided,0.95,0p95,test,-1437.099609375,1163.8489990234375,-1437.0,1170.0,6.1518073081970215,18.29967498779297,-0.9931640625,17.30651092529297,1.0
CQR-OneSided,0.95,0p95,test,-1419.23291015625,1146.3887939453125,-1437.0,1160.0,22.38156509399414,38.8536262512207,-0.9931640625,37.8604621887207,1.0
CQR-OneSided,0.95,0p95,test,-1436.045654296875,1162.9603271484375,-1437.0,1155.0,8.017330169677734,17.647790908813477,-0.9931640625,16.654626846313477,1.0
CQR-OneSided,0.95,0p95,test,-1432.6322021484375,1160.234375,-1437.0,1170.0,10.697901725769043,18.28819465637207,-0.9931640625,17.29503059387207,1.0
CQR-OneSided,0.95,0p95,test,-1440.739990234375,1166.7371826171875,-1437.0,1165.0,4.123752117156982,17.306209564208984,-0.9931640625,16.313045501708984,1.0
CQR-OneSided,0.95,0p95,test,-1450.3673095703125,1171.5279541015625,-1437.0,1160.0,17.65159034729004,25.598308563232422,-0.9931640625,24.605144500732422,1.0
CQR-OneSided,0.95,0p95,test,-1437.512451171875,1164.1258544921875,-1437.0,1165.0,1.0132800340652466,17.276567459106445,-0.9931640625,16.283403396606445,1.0
CQR-OneSided,0.95,0p95,test,-1470.5400390625,1187.8131103515625,-1437.0,1160.0,43.57181930541992,56.079166412353516,-0.9931640625,55.086002349853516,1.0
CQR-OneSided,0.95,0p95,test,-1344.931640625,1086.4007568359375,-1437.0,1160.0,117.87039947509766,156.57815551757812,-0.9931640625,155.58499145507812,1.0
CQR-OneSided,0.95,0p95,test,-1433.462158203125,1160.8489990234375,-1437.0,1165.0,5.4540934562683105,17.283916473388672,-0.9931640625,16.290752410888672,1.0
CQR-OneSided,0.95,0p95,test,-1440.5286865234375,1166.628173828125,-1437.0,1170.0,4.880660057067871,18.375520706176758,-0.9931640625,17.382356643676758,1.0
CQR-OneSided,0.95,0p95,test,-1440.622802734375,1163.6578369140625,-1437.0,1160.0,5.14824914932251,14.478170394897461,-0.9931640625,13.485006332397461,1.0
CQR-OneSided,0.95,0p95,test,-1395.465576171875,1127.1988525390625,-1437.0,1160.0,52.92469787597656,69.54792022705078,-0.9931640625,68.55475616455078,1.0
CQR-OneSided,0.95,0p95,test,-1437.5296630859375,1164.145751953125,-1437.0,1155.0,9.161076545715332,17.398727416992188,-0.9931640625,16.405563354492188,1.0
CQR-OneSided,0.95,0p95,test,-1433.7880859375,1161.1478271484375,-1437.0,1170.0,9.416865348815918,17.94886016845703,-0.9931640625,16.95569610595703,1.0
CQR-OneSided,0.95,0p95,test,-1425.26318359375,1154.1805419921875,-1437.0,1155.0,11.765388488769531,16.744007110595703,-0.9931640625,15.750843048095703,1.0
CQR-OneSided,0.95,0p95,test,-1428.35107421875,1156.701904296875,-1437.0,1155.0,8.814783096313477,17.121932983398438,-0.9931640625,16.128768920898438,1.0
CQR-OneSided,0.95,0p95,test,-1431.840576171875,1159.5789794921875,-1437.0,1170.0,11.62829875946045,18.067485809326172,-0.9931640625,17.074321746826172,1.0
CQR-OneSided,0.95,0p95,test,-1428.981689453125,1157.193603515625,-1437.0,1165.0,11.190760612487793,16.806278228759766,-0.9931640625,15.813114166259766,1.0
CQR-OneSided,0.95,0p95,test,-1430.167724609375,1158.15673828125,-1437.0,1155.0,7.5262861251831055,16.869815826416016,-0.9931640625,15.876651763916016,1.0
CQR-OneSided,0.95,0p95,test,-1431.539794921875,1159.2967529296875,-1437.0,1155.0,6.948087692260742,17.352584838867188,-0.9931640625,16.359420776367188,1.0
CQR-OneSided,0.95,0p95,test,-1434.72802734375,1161.892333984375,-1437.0,1165.0,3.8496036529541016,17.59514808654785,-0.9931640625,16.60198402404785,1.0
CQR-OneSided,0.95,0p95,test,-1425.69775390625,1154.5355224609375,-1437.0,1155.0,11.311785697937012,16.796985626220703,-0.9931640625,15.803821563720703,1.0
CQR-OneSided,0.95,0p95,test,-1424.3494873046875,1153.4639892578125,-1437.0,1165.0,17.120601654052734,17.089885711669922,-0.9931640625,16.096721649169922,0.0
CQR-OneSided,0.95,0p95,test,-1431.5216064453125,1159.267822265625,-1437.0,1155.0,6.944573879241943,17.12075424194336,-0.9931640625,16.12759017944336,1.0
CQR-OneSided,0.95,0p95,test,-1440.510498046875,1163.5662841796875,-1437.0,1160.0,5.0041961669921875,16.443649291992188,-0.9931640625,15.450485229492188,1.0
CQR-OneSided,0.95,0p95,test,-1435.113525390625,1162.1649169921875,-1437.0,1165.0,3.405360698699951,16.983570098876953,-0.9931640625,15.990406036376953,1.0
CQR-OneSided,0.95,0p95,test,-1467.8084716796875,1185.609619140625,-1437.0,1160.0,40.0626335144043,47.732364654541016,-0.9931640625,46.739200592041016,1.0
CQR-OneSided,0.95,0p95,test,-1423.309326171875,1152.5909423828125,-1437.0,1155.0,13.90101146697998,16.62104606628418,-0.9931640625,15.62788200378418,1.0
CQR-OneSided,0.95,0p95,test,-1428.5069580078125,1156.839599609375,-1437.0,1155.0,8.689987182617188,17.304393768310547,-0.9931640625,16.311229705810547,1.0
CQR-OneSided,0.95,0p95,test,-1441.65283203125,1167.4974365234375,-1437.0,1165.0,5.2807230949401855,17.682048797607422,-0.9931640625,16.688884735107422,1.0
CQR-OneSided,0.95,0p95,test,-1436.77197265625,1163.5045166015625,-1437.0,1165.0,1.512768030166626,16.931562423706055,-0.9931640625,15.938398361206055,1.0
CQR-OneSided,0.95,0p95,test,-1430.21337890625,1158.2647705078125,-1437.0,1170.0,13.556321144104004,18.119983673095703,-0.9931640625,17.126819610595703,1.0
CQR-OneSided,0.95,0p95,test,-1427.80810546875,1156.2496337890625,-1437.0,1165.0,12.690935134887695,16.89310073852539,-0.9931640625,15.89993667602539,1.0
CQR-OneSided,0.95,0p95,test,-1419.69775390625,1146.7628173828125,-1437.0,1160.0,21.78510284423828,35.674381256103516,-0.9931640625,34.681217193603516,1.0
CQR-OneSided,0.95,0p95,test,-1438.74755859375,1165.189208984375,-1437.0,1170.0,5.118366241455078,18.418121337890625,-0.9931640625,17.424957275390625,1.0
CQR-OneSided,0.95,0p95,test,-1437.3619384765625,1164.05029296875,-1437.0,1170.0,5.960705757141113,18.108821868896484,-0.9931640625,17.115657806396484,1.0
CQR-OneSided,0.95,0p95,test,-1424.80615234375,1150.8883056640625,-1437.0,1160.0,15.222118377685547,28.10820770263672,-0.9931640625,27.11504364013672,1.0
CQR-OneSided,0.95,0p95,test,-1428.7325439453125,1156.9993896484375,-1437.0,1155.0,8.505785942077637,16.94070053100586,-0.9931640625,15.94753646850586,1.0
CQR-OneSided,0.95,0p95,test,-1439.388427734375,1165.6776123046875,-1437.0,1165.0,2.482689142227173,17.90605926513672,-0.9931640625,16.91289520263672,1.0
CQR-OneSided,0.95,0p95,test,-1432.6280517578125,1160.1524658203125,-1437.0,1155.0,6.757354259490967,16.960060119628906,-0.9931640625,15.966896057128906,1.0
CQR-OneSided,0.95,0p95,test,-1431.83447265625,1159.5291748046875,-1437.0,1155.0,6.869941711425781,17.27519989013672,-0.9931640625,16.28203582763672,1.0
CQR-OneSided,0.95,0p95,test,-1438.907470703125,1165.3172607421875,-1437.0,1165.0,1.933674931526184,18.335525512695312,-0.9931640625,17.342361450195312,1.0
CQR-OneSided,0.95,0p95,test,-1427.4515380859375,1156.0343017578125,-1437.0,1170.0,16.917856216430664,18.19369125366211,-0.9931640625,17.20052719116211,1.0
CQR-OneSided,0.95,0p95,test,-1428.0025634765625,1156.47265625,-1437.0,1170.0,16.246318817138672,18.03343963623047,-0.9931640625,17.04027557373047,1.0
CQR-OneSided,0.95,0p95,test,-1386.9814453125,1120.345458984375,-1437.0,1160.0,63.830543518066406,69.33885955810547,-0.9931640625,68.34569549560547,1.0
CQR-OneSided,0.95,0p95,test,-1426.28955078125,1152.085205078125,-1437.0,1160.0,13.317570686340332,26.27448272705078,-0.9931640625,25.28131866455078,1.0
CQR-OneSided,0.95,0p95,test,-1441.3447265625,1167.21240234375,-1437.0,1165.0,4.875589370727539,17.061941146850586,-0.9931640625,16.068777084350586,1.0
CQR-OneSided,0.95,0p95,test,-1433.1455078125,1157.6224365234375,-1437.0,1160.0,4.528787612915039,25.52614974975586,-0.9931640625,24.53298568725586,1.0
CQR-OneSided,0.95,0p95,test,-1427.03955078125,1155.6339111328125,-1437.0,1155.0,9.980600357055664,16.993446350097656,-0.9931640625,16.000282287597656,1.0
CQR-OneSided,0.95,0p95,test,-1428.842041015625,1157.1494140625,-1437.0,1170.0,15.22136116027832,18.005817413330078,-0.9931640625,17.012653350830078,1.0
CQR-OneSided,0.95,0p95,test,-1434.624755859375,1161.77294921875,-1437.0,1165.0,4.006948947906494,17.016332626342773,-0.9931640625,16.023168563842773,1.0
CQR-OneSided,0.95,0p95,test,-1451.8804931640625,1172.7481689453125,-1437.0,1160.0,19.594511032104492,31.78321647644043,-0.9931640625,30.79005241394043,1.0
CQR-OneSided,0.95,0p95,test,-1430.675537109375,1158.594970703125,-1437.0,1155.0,7.274795055389404,17.335979461669922,-0.9931640625,16.342815399169922,1.0
CQR-OneSided,0.95,0p95,test,-1445.1932373046875,1167.3486328125,-1437.0,1160.0,11.005977630615234,18.48726463317871,-0.9931640625,17.49410057067871,1.0
CQR-OneSided,0.95,0p95,test,-1427.9737548828125,1156.4520263671875,-1437.0,1170.0,16.279455184936523,18.110610961914062,-0.9931640625,17.117446899414062,1.0
CQR-OneSided,0.95,0p95,test,-1429.098876953125,1157.3448486328125,-1437.0,1170.0,14.919136047363281,17.788352966308594,-0.9931640625,16.795188903808594,1.0
CQR-OneSided,0.95,0p95,test,-1440.79248046875,1166.8585205078125,-1437.0,1170.0,4.924611568450928,18.66098403930664,-0.9931640625,17.66781997680664,1.0
CQR-OneSided,0.95,0p95,test,-1431.1893310546875,1158.993408203125,-1437.0,1165.0,8.357213973999023,17.017654418945312,-0.9931640625,16.024490356445312,1.0
CQR-OneSided,0.95,0p95,test,-1425.132080078125,1151.14990234375,-1437.0,1160.0,14.804450035095215,23.00259017944336,-0.9931640625,22.00942611694336,1.0
CQR-OneSided,0.95,0p95,test,-1433.3433837890625,1160.7437744140625,-1437.0,1155.0,6.808948993682861,17.154129028320312,-0.9931640625,16.160964965820312,1.0
CQR-OneSided,0.95,0p95,test,-1445.752197265625,1167.80224609375,-1437.0,1160.0,11.725016593933105,16.365116119384766,-0.9931640625,15.371952056884766,1.0
CQR-OneSided,0.95,0p95,test,-1427.885498046875,1156.3541259765625,-1437.0,1170.0,16.409875869750977,17.642745971679688,-0.9931640625,16.649581909179688,1.0
CQR-OneSided,0.95,0p95,test,-1429.74755859375,1157.8338623046875,-1437.0,1155.0,7.786442279815674,17.16242790222168,-0.9931640625,16.16926383972168,1.0
CQR-OneSided,0.95,0p95,test,-1429.653076171875,1157.8126220703125,-1437.0,1170.0,14.230582237243652,18.151395797729492,-0.9931640625,17.158231735229492,1.0
CQR-OneSided,0.95,0p95,test,-1433.6337890625,1160.9935302734375,-1437.0,1155.0,6.874138355255127,17.394821166992188,-0.9931640625,16.401657104492188,1.0
CQR-OneSided,0.95,0p95,test,-1448.6968994140625,1170.1793212890625,-1437.0,1160.0,15.505999565124512,15.508805274963379,-0.9931640625,14.515641212463379,0.0
CQR-OneSided,0.95,0p95,test,-1438.122314453125,1164.645751953125,-1437.0,1165.0,1.1768947839736938,17.741294860839844,-0.9931640625,16.748130798339844,1.0
CQR-OneSided,0.95,0p95,test,-1436.1761474609375,1163.022216796875,-1437.0,1165.0,2.142512321472168,16.952842712402344,-0.9931640625,15.959678649902344,1.0
CQR-OneSided,0.95,0p95,test,-1443.937255859375,1169.408447265625,-1437.0,1170.0,6.96243143081665,18.743118286132812,-0.9931640625,17.749954223632812,1.0
CQR-OneSided,0.95,0p95,test,-1431.9150390625,1156.6263427734375,-1437.0,1160.0,6.102326393127441,16.280153274536133,-0.9931640625,15.286989212036133,1.0
CQR-OneSided,0.95,0p95,test,-1362.43408203125,1100.5294189453125,-1437.0,1160.0,95.37728118896484,118.97239685058594,-0.9931640625,117.97923278808594,1.0
CQR-OneSided,0.95,0p95,test,-1434.5684814453125,1161.7586669921875,-1437.0,1170.0,8.592546463012695,17.594993591308594,-0.9931640625,16.601829528808594,1.0
CQR-OneSided,0.95,0p95,test,-1428.111083984375,1156.4976806640625,-1437.0,1155.0,9.014204025268555,16.94591522216797,-0.9931640625,15.952751159667969,1.0
CQR-OneSided,0.95,0p95,test,-1437.215576171875,1163.939453125,-1437.0,1170.0,6.064379692077637,18.242752075195312,-0.9931640625,17.249588012695312,1.0
CQR-OneSided,0.95,0p95,test,-1434.533447265625,1161.7008056640625,-1437.0,1165.0,4.119292259216309,17.05453872680664,-0.9931640625,16.06137466430664,1.0
CQR-OneSided,0.95,0p95,test,-1432.844970703125,1160.3284912109375,-1437.0,1155.0,6.757002830505371,16.95679473876953,-0.9931640625,15.963630676269531,1.0
CQR-OneSided,0.95,0p95,test,-1438.0982666015625,1164.684326171875,-1437.0,1170.0,5.427944183349609,18.761768341064453,-0.9931640625,17.768604278564453,1.0
CQR-OneSided,0.95,0p95,test,-1426.330810546875,1155.07861328125,-1437.0,1165.0,14.569334983825684,17.282289505004883,-0.9931640625,16.289125442504883,1.0
CQR-OneSided,0.95,0p95,test,-1431.4713134765625,1159.2760009765625,-1437.0,1170.0,12.065260887145996,17.989444732666016,-0.9931640625,16.996280670166016,1.0
CQR-OneSided,0.95,0p95,test,-1435.71923828125,1162.681640625,-1437.0,1155.0,7.787679672241211,17.411632537841797,-0.9931640625,16.418468475341797,1.0
CQR-OneSided,0.95,0p95,test,-1423.97314453125,1153.1634521484375,-1437.0,1165.0,17.60121726989746,17.15178680419922,-0.9931640625,16.15862274169922,0.0
CQR-OneSided,0.95,0p95,test,-1432.342041015625,1156.9727783203125,-1437.0,1160.0,5.555236339569092,27.267887115478516,-0.9931640625,26.274723052978516,1.0
CQR-OneSided,0.95,0p95,test,-1383.885498046875,1117.8455810546875,-1437.0,1160.0,67.80962371826172,73.22771453857422,-0.9931640625,72.23455047607422,1.0
CQR-OneSided,0.95,0p95,test,-1429.91845703125,1158.0352783203125,-1437.0,1170.0,13.903338432312012,18.25429916381836,-0.9931640625,17.26113510131836,1.0
CQR-OneSided,0.95,0p95,test,-1446.7392578125,1168.5982666015625,-1437.0,1160.0,12.991663932800293,19.877601623535156,-0.9931640625,18.884437561035156,1.0
CQR-OneSided,0.95,0p95,test,-1426.530029296875,1152.2825927734375,-1437.0,1160.0,13.006869316101074,35.97684860229492,-0.9931640625,34.98368453979492,1.0
CQR-OneSided,0.95,0p95,test,-1436.9375,1163.7130126953125,-1437.0,1170.0,6.287298202514648,18.22125816345215,-0.9931640625,17.22809410095215,1.0
CQR-OneSided,0.95,0p95,test,-1435.245361328125,1159.316162109375,-1437.0,1160.0,1.8831863403320312,15.082291603088379,-0.9931640625,14.089127540588379,1.0
CQR-OneSided,0.95,0p95,test,-1431.794921875,1159.4962158203125,-1437.0,1155.0,6.878139019012451,17.264114379882812,-0.9931640625,16.270950317382812,1.0
CQR-OneSided,0.95,0p95,test,-1403.1171875,1133.3782958984375,-1437.0,1160.0,43.09013748168945,55.50129318237305,-0.9931640625,54.50812911987305,1.0
CQR-OneSided,0.95,0p95,test,-1437.886474609375,1164.409912109375,-1437.0,1165.0,1.0649136304855347,16.99074935913086,-0.9931640625,15.99758529663086,1.0
CQR-OneSided,0.95,0p95,test,-1427.050048828125,1155.6900634765625,-1437.0,1170.0,17.42916488647461,17.86262321472168,-0.9931640625,16.86945915222168,0.0
CQR-OneSided,0.95,0p95,test,-1448.57080078125,1170.0765380859375,-1437.0,1160.0,15.343404769897461,20.350770950317383,-0.9931640625,19.357606887817383,1.0
CQR-OneSided,0.95,0p95,test,-1432.823486328125,1160.3660888671875,-1437.0,1170.0,10.500262260437012,17.941650390625,-0.9931640625,16.948486328125,1.0
CQR-OneSided,0.95,0p95,test,-1432.67431640625,1160.1724853515625,-1437.0,1165.0,6.482008457183838,16.68683624267578,-0.9931640625,15.693672180175781,1.0
CQR-OneSided,0.95,0p95,test,-1432.814697265625,1160.3070068359375,-1437.0,1155.0,6.758778095245361,17.024433135986328,-0.9931640625,16.031269073486328,1.0
CQR-OneSided,0.95,0p95,test,-1432.83642578125,1157.3748779296875,-1437.0,1160.0,4.922053813934326,25.559812545776367,-0.9931640625,24.566648483276367,1.0
CQR-OneSided,0.95,0p95,test,-1432.609619140625,1160.1466064453125,-1437.0,1155.0,6.764835357666016,17.097122192382812,-0.9931640625,16.103958129882812,1.0
CQR-OneSided,0.95,0p95,test,-1378.888916015625,1113.8121337890625,-1437.0,1160.0,74.2308349609375,81.21296691894531,-0.9931640625,80.21980285644531,1.0
CQR-OneSided,0.95,0p95,test,-1429.2879638671875,1157.5279541015625,-1437.0,1170.0,14.663813591003418,18.306861877441406,-0.9931640625,17.313697814941406,1.0
CQR-OneSided,0.95,0p95,test,-1410.409912109375,1139.2640380859375,-1437.0,1160.0,33.71962356567383,45.36366271972656,-0.9931640625,44.37049865722656,1.0
CQR-OneSided,0.95,0p95,test,-1443.9866943359375,1169.419677734375,-1437.0,1170.0,7.010753631591797,18.243350982666016,-0.9931640625,17.250186920166016,1.0
CQR-OneSided,0.95,0p95,test,-1429.7099609375,1154.8470458984375,-1437.0,1160.0,8.927350997924805,19.990867614746094,-0.9931640625,18.997703552246094,1.0
CQR-OneSided,0.95,0p95,test,-1442.106689453125,1167.9232177734375,-1437.0,1170.0,5.51283073425293,18.669017791748047,-0.9931640625,17.675853729248047,1.0
CQR-OneSided,0.95,0p95,test,-1438.400146484375,1164.8541259765625,-1437.0,1165.0,1.4077248573303223,17.458454132080078,-0.9931640625,16.465290069580078,1.0
CQR-OneSided,0.95,0p95,test,-1362.34619140625,1100.456787109375,-1437.0,1160.0,95.49127960205078,114.77779388427734,-0.9931640625,113.78462982177734,1.0
CQR-OneSided,0.95,0p95,test,-1441.84765625,1164.6484375,-1437.0,1160.0,6.7162299156188965,14.606614112854004,-0.9931640625,13.613450050354004,1.0
CQR-OneSided,0.95,0p95,test,-1442.915771484375,1168.502197265625,-1437.0,1165.0,6.8747172355651855,17.356643676757812,-0.9931640625,16.363479614257812,1.0
CQR-OneSided,0.95,0p95,test,-1422.5556640625,1152.010986328125,-1437.0,1155.0,14.750357627868652,17.088687896728516,-0.9931640625,16.095523834228516,1.0
CQR-OneSided,0.95,0p95,test,-1439.0408935546875,1162.38232421875,-1437.0,1160.0,3.136991500854492,16.06123161315918,-0.9931640625,15.06806755065918,1.0
CQR-OneSided,0.95,0p95,test,-1435.22216796875,1162.2952880859375,-1437.0,1170.0,7.907166004180908,17.708873748779297,-0.9931640625,16.715709686279297,1.0
CQR-OneSided,0.95,0p95,test,-1426.783203125,1155.4805908203125,-1437.0,1170.0,17.753765106201172,17.952293395996094,-0.9931640625,16.959129333496094,0.0
CQR-OneSided,0.95,0p95,test,-1433.92919921875,1161.2130126953125,-1437.0,1165.0,4.875560760498047,17.04989242553711,-0.9931640625,16.05672836303711,1.0
CQR-OneSided,0.95,0p95,test,-1421.6033935546875,1148.3023681640625,-1437.0,1160.0,19.33623695373535,38.882686614990234,-0.9931640625,37.889522552490234,1.0
CQR-OneSided,0.95,0p95,test,-1429.871337890625,1157.997802734375,-1437.0,1170.0,13.959604263305664,18.274219512939453,-0.9931640625,17.281055450439453,1.0
CQR-OneSided,0.95,0p95,test,-1431.5068359375,1159.30712890625,-1437.0,1170.0,12.021328926086426,18.04456329345703,-0.9931640625,17.05139923095703,1.0
CQR-OneSided,0.95,0p95,test,-1440.8740234375,1166.8814697265625,-1437.0,1165.0,4.306736946105957,17.91958999633789,-0.9931640625,16.92642593383789,1.0
CQR-OneSided,0.95,0p95,test,-1431.16943359375,1158.984619140625,-1437.0,1155.0,7.062060356140137,17.15723419189453,-0.9931640625,16.16407012939453,1.0
CQR-OneSided,0.95,0p95,test,-1426.685302734375,1155.3782958984375,-1437.0,1165.0,14.10567855834961,17.538833618164062,-0.9931640625,16.545669555664062,1.0
CQR-OneSided,0.95,0p95,test,-1424.56787109375,1150.6947021484375,-1437.0,1160.0,15.528888702392578,27.09288787841797,-0.9931640625,26.09972381591797,1.0
CQR-OneSided,0.95,0p95,test,-1422.408203125,1148.9512939453125,-1437.0,1160.0,18.302852630615234,30.536258697509766,-0.9931640625,29.543094635009766,1.0
CQR-OneSided,0.95,0p95,test,-1438.5928955078125,1165.01806640625,-1437.0,1165.0,1.5929979085922241,17.59087371826172,-0.9931640625,16.59770965576172,1.0
CQR-OneSided,0.95,0p95,test,-1437.788330078125,1164.4071044921875,-1437.0,1165.0,0.9864022135734558,18.27294158935547,-0.9931640625,17.27977752685547,1.0
CQR-OneSided,0.95,0p95,test,-1435.68408203125,1162.69921875,-1437.0,1170.0,7.418426036834717,18.23577117919922,-0.9931640625,17.24260711669922,1.0
CQR-OneSided,0.95,0p95,test,-1428.7032470703125,1156.9989013671875,-1437.0,1165.0,11.526217460632324,17.298534393310547,-0.9931640625,16.305370330810547,1.0
CQR-OneSided,0.95,0p95,test,-1439.2403564453125,1165.5770263671875,-1437.0,1170.0,4.95801305770874,18.21750831604004,-0.9931640625,17.22434425354004,1.0
CQR-OneSided,0.95,0p95,test,-1440.3455810546875,1163.4349365234375,-1437.0,1160.0,4.794966220855713,14.508365631103516,-0.9931640625,13.515201568603516,1.0
CQR-OneSided,0.95,0p95,test,-1439.52001953125,1165.7904052734375,-1437.0,1165.0,2.6410677433013916,17.996505737304688,-0.9931640625,17.003341674804688,1.0
CQR-OneSided,0.95,0p95,test,-1427.815185546875,1156.3248291015625,-1437.0,1170.0,16.473346710205078,18.107093811035156,-0.9931640625,17.113929748535156,1.0
CQR-OneSided,0.95,0p95,test,-1433.730224609375,1158.093994140625,-1437.0,1160.0,3.7847442626953125,17.10424041748047,-0.9931640625,16.11107635498047,1.0
CQR-OneSided,0.95,0p95,test,-1426.7608642578125,1155.4158935546875,-1437.0,1155.0,10.247578620910645,17.12894058227539,-0.9931640625,16.13577651977539,1.0
CQR-OneSided,0.95,0p95,test,-1431.778564453125,1159.5211181640625,-1437.0,1165.0,7.568456649780273,17.836048126220703,-0.9931640625,16.842884063720703,1.0
CQR-OneSided,0.95,0p95,test,-1432.0699462890625,1159.7080078125,-1437.0,1155.0,6.816946983337402,17.06409454345703,-0.9931640625,16.07093048095703,1.0
CQR-OneSided,0.95,0p95,test,-1436.187255859375,1163.072021484375,-1437.0,1165.0,2.0922844409942627,17.591476440429688,-0.9931640625,16.598312377929688,1.0
CQR-OneSided,0.95,0p95,test,-1433.606689453125,1160.9381103515625,-1437.0,1155.0,6.839277267456055,16.867511749267578,-0.9931640625,15.874347686767578,1.0
CQR-OneSided,0.95,0p95,test,-1438.8231201171875,1165.1932373046875,-1437.0,1165.0,1.8333324193954468,17.431053161621094,-0.9931640625,16.437889099121094,1.0
CQR-OneSided,0.95,0p95,test,-1453.3052978515625,1173.8973388671875,-1437.0,1160.0,21.424257278442383,33.851959228515625,-0.9931640625,32.858795166015625,1.0
CQR-OneSided,0.95,0p95,test,-1433.928466796875,1161.1907958984375,-1437.0,1165.0,4.893296718597412,16.732044219970703,-0.9931640625,15.738880157470703,1.0
CQR-OneSided,0.95,0p95,test,-1441.71337890625,1167.6014404296875,-1437.0,1170.0,5.288575172424316,18.63370132446289,-0.9931640625,17.64053726196289,1.0
CQR-OneSided,0.95,0p95,test,-1437.623291015625,1164.2789306640625,-1437.0,1170.0,5.754921913146973,18.41433334350586,-0.9931640625,17.42116928100586,1.0
CQR-OneSided,0.95,0p95,test,-1430.9718017578125,1158.8123779296875,-1437.0,1155.0,7.132558822631836,16.96010971069336,-0.9931640625,15.96694564819336,1.0
CQR-OneSided,0.95,0p95,test,-1430.615234375,1158.51611328125,-1437.0,1165.0,9.099781036376953,16.820343017578125,-0.9931640625,15.827178955078125,1.0
CQR-OneSided,0.95,0p95,test,-1431.7115478515625,1159.4622802734375,-1437.0,1155.0,6.919513702392578,17.83684539794922,-0.9931640625,16.84368133544922,1.0
CQR-OneSided,0.95,0p95,test,-1425.52734375,1154.3978271484375,-1437.0,1155.0,11.488448143005371,16.81322479248047,-0.9931640625,15.820060729980469,1.0
CQR-OneSided,0.95,0p95,test,-1445.263671875,1170.415771484375,-1437.0,1165.0,9.88022518157959,17.602550506591797,-0.9931640625,16.609386444091797,1.0
CQR-OneSided,0.95,0p95,test,-1433.241943359375,1160.663818359375,-1437.0,1165.0,5.738070964813232,17.162567138671875,-0.9931640625,16.169403076171875,1.0
CQR-OneSided,0.95,0p95,test,-1428.31591796875,1153.7232666015625,-1437.0,1160.0,10.714974403381348,26.394245147705078,-0.9931640625,25.401081085205078,1.0
CQR-OneSided,0.95,0p95,test,-1428.8251953125,1154.1326904296875,-1437.0,1160.0,10.062442779541016,24.99340057373047,-0.9931640625,24.00023651123047,1.0
CQR-OneSided,0.95,0p95,test,-1431.173095703125,1158.9842529296875,-1437.0,1155.0,7.058830261230469,17.094518661499023,-0.9931640625,16.101354598999023,1.0
CQR-OneSided,0.95,0p95,test,-1347.813232421875,1088.730224609375,-1437.0,1160.0,114.16505432128906,151.48365783691406,-0.9931640625,150.49049377441406,1.0
CQR-OneSided,0.95,0p95,test,-1426.834716796875,1155.4786376953125,-1437.0,1155.0,10.176545143127441,17.189624786376953,-0.9931640625,16.196460723876953,1.0
CQR-OneSided,0.95,0p95,test,-1429.3165283203125,1157.47265625,-1437.0,1155.0,8.071540832519531,16.949399948120117,-0.9931640625,15.956235885620117,1.0
CQR-OneSided,0.95,0p95,test,-1436.494384765625,1163.3319091796875,-1437.0,1170.0,6.687232971191406,17.842445373535156,-0.9931640625,16.849281311035156,1.0
CQR-OneSided,0.95,0p95,test,-1428.8758544921875,1157.0909423828125,-1437.0,1165.0,11.33820629119873,16.569774627685547,-0.9931640625,15.576610565185547,1.0
CQR-OneSided,0.95,0p95,test,-1429.6011962890625,1157.7127685546875,-1437.0,1155.0,7.8804450035095215,17.1036376953125,-0.9931640625,16.1104736328125,1.0
CQR-OneSided,0.95,0p95,test,-1443.04052734375,1168.6458740234375,-1437.0,1170.0,6.190446376800537,18.12210464477539,-0.9931640625,17.12894058227539,1.0
CQR-OneSided,0.95,0p95,test,-1436.3204345703125,1163.1678466796875,-1437.0,1165.0,1.954122543334961,17.38550567626953,-0.9931640625,16.39234161376953,1.0
CQR-OneSided,0.95,0p95,test,-1436.89501953125,1163.6925048828125,-1437.0,1170.0,6.308368682861328,18.452983856201172,-0.9931640625,17.459819793701172,1.0
CQR-OneSided,0.95,0p95,test,-1432.068115234375,1159.6959228515625,-1437.0,1155.0,6.809932231903076,16.905235290527344,-0.9931640625,15.912071228027344,1.0
CQR-OneSided,0.95,0p95,test,-1423.690673828125,1149.9862060546875,-1437.0,1160.0,16.655757904052734,28.592872619628906,-0.9931640625,27.599708557128906,1.0
CQR-OneSided,0.95,0p95,test,-1439.5843505859375,1165.8135986328125,-1437.0,1165.0,2.70939302444458,17.469703674316406,-0.9931640625,16.476539611816406,1.0
CQR-OneSided,0.95,0p95,test,-1427.9033203125,1156.3262939453125,-1437.0,1155.0,9.19285774230957,16.88660430908203,-0.9931640625,15.893440246582031,1.0
CQR-OneSided,0.95,0p95,test,-1416.4337158203125,1144.1273193359375,-1437.0,1160.0,25.979108810424805,41.541507720947266,-0.9931640625,40.548343658447266,1.0
CQR-OneSided,0.95,0p95,test,-1434.8712158203125,1161.9813232421875,-1437.0,1155.0,7.298670768737793,17.16936683654785,-0.9931640625,16.17620277404785,1.0
CQR-OneSided,0.95,0p95,test,-1431.369873046875,1159.2098388671875,-1437.0,1155.0,7.030012607574463,18.203481674194336,-0.9931640625,17.210317611694336,1.0
CQR-OneSided,0.95,0p95,test,-1443.2037353515625,1168.71142578125,-1437.0,1165.0,7.229177951812744,16.98362159729004,-0.9931640625,15.990457534790039,1.0
CQR-OneSided,0.95,0p95,test,-1437.50439453125,1164.13232421875,-1437.0,1165.0,1.0036309957504272,17.50409507751465,-0.9931640625,16.51093101501465,1.0
CQR-OneSided,0.95,0p95,test,-1425.998046875,1154.8212890625,-1437.0,1165.0,14.988299369812012,17.51643180847168,-0.9931640625,16.52326774597168,1.0
CQR-OneSided,0.95,0p95,test,-1431.4195556640625,1159.216064453125,-1437.0,1170.0,12.142266273498535,17.682064056396484,-0.9931640625,16.688899993896484,1.0
CQR-OneSided,0.95,0p95,test,-1434.50244140625,1161.6650390625,-1437.0,1155.0,7.117622375488281,16.899734497070312,-0.9931640625,15.906570434570312,1.0
CQR-OneSided,0.95,0p95,test,-1438.24609375,1164.7247314453125,-1437.0,1165.0,1.2761356830596924,17.36113739013672,-0.9931640625,16.36797332763672,1.0
CQR-OneSided,0.95,0p95,test,-1434.267578125,1161.49560546875,-1437.0,1165.0,4.44374942779541,17.215526580810547,-0.9931640625,16.222362518310547,1.0
CQR-OneSided,0.95,0p95,test,-1441.7060546875,1164.5333251953125,-1437.0,1160.0,6.534369468688965,16.79837417602539,-0.9931640625,15.80521011352539,1.0
CQR-OneSided,0.95,0p95,test,-1417.802490234375,1145.2349853515625,-1437.0,1160.0,24.218795776367188,43.50839614868164,-0.9931640625,42.51523208618164,1.0
CQR-OneSided,0.95,0p95,test,-1429.266845703125,1157.4537353515625,-1437.0,1155.0,8.113106727600098,17.303043365478516,-0.9931640625,16.309879302978516,1.0
CQR-OneSided,0.95,0p95,test,-1424.8753662109375,1153.8887939453125,-1437.0,1155.0,12.175447463989258,17.10310935974121,-0.9931640625,16.10994529724121,1.0
CQR-OneSided,0.95,0p95,test,-1436.421142578125,1160.2664794921875,-1437.0,1160.0,0.6372497081756592,16.806312561035156,-0.9931640625,15.813148498535156,1.0
CQR-OneSided,0.95,0p95,test,-1432.2093505859375,1159.8250732421875,-1437.0,1155.0,6.799386024475098,17.128555297851562,-0.9931640625,16.135391235351562,1.0
CQR-OneSided,0.95,0p95,test,-1428.4482421875,1156.8397216796875,-1437.0,1170.0,15.6947603225708,18.16524887084961,-0.9931640625,17.17208480834961,1.0
CQR-OneSided,0.95,0p95,test,-1434.64404296875,1161.7982177734375,-1437.0,1155.0,7.19488000869751,17.19339942932129,-0.9931640625,16.20023536682129,1.0
CQR-OneSided,0.95,0p95,test,-1441.609375,1167.4541015625,-1437.0,1165.0,5.221968173980713,17.532554626464844,-0.9931640625,16.539390563964844,1.0
CQR-OneSided,0.95,0p95,test,-1446.1832275390625,1171.1475830078125,-1437.0,1165.0,11.050992965698242,17.383888244628906,-0.9931640625,16.390724182128906,1.0
CQR-OneSided,0.95,0p95,test,-1428.5819091796875,1156.9498291015625,-1437.0,1170.0,15.529687881469727,18.203121185302734,-0.9931640625,17.209957122802734,1.0
CQR-OneSided,0.95,0p95,test,-1432.401611328125,1159.956298828125,-1437.0,1155.0,6.760922908782959,16.762908935546875,-0.9931640625,15.769744873046875,1.0
CQR-OneSided,0.95,0p95,test,-1427.979736328125,1156.4527587890625,-1437.0,1170.0,16.275529861450195,18.03266716003418,-0.9931640625,17.03950309753418,1.0
CQR-OneSided,0.95,0p95,test,-1430.3133544921875,1158.2947998046875,-1437.0,1155.0,7.4543232917785645,17.22964859008789,-0.9931640625,16.23648452758789,1.0
CQR-OneSided,0.95,0p95,test,-1430.2984619140625,1158.330322265625,-1437.0,1165.0,9.454904556274414,17.964820861816406,-0.9931640625,16.971656799316406,1.0
CQR-OneSided,0.95,0p95,test,-1430.60400390625,1158.5206298828125,-1437.0,1165.0,9.104450225830078,17.027755737304688,-0.9931640625,16.034591674804688,1.0
CQR-OneSided,0.95,0p95,test,-1437.6883544921875,1164.2662353515625,-1437.0,1165.0,1.0061025619506836,17.238698959350586,-0.9931640625,16.245534896850586,1.0
CQR-OneSided,0.95,0p95,test,-1438.834716796875,1165.2791748046875,-1437.0,1170.0,5.064817428588867,18.756258010864258,-0.9931640625,17.763093948364258,1.0
CQR-OneSided,0.95,0p95,test,-1429.521728515625,1157.6290283203125,-1437.0,1155.0,7.926937103271484,16.793033599853516,-0.9931640625,15.799869537353516,1.0
CQR-OneSided,0.95,0p95,test,-1435.3291015625,1159.3836669921875,-1437.0,1160.0,1.7809457778930664,15.793339729309082,-0.9931640625,14.800175666809082,1.0
CQR-OneSided,0.95,0p95,test,-1419.119873046875,1146.2960205078125,-1437.0,1160.0,22.5277156829834,33.49925994873047,-0.9931640625,32.50609588623047,1.0
CQR-OneSided,0.95,0p95,test,-1428.401123046875,1156.7611083984375,-1437.0,1170.0,15.786352157592773,17.468488693237305,-0.9931640625,16.475324630737305,1.0
CQR-OneSided,0.95,0p95,test,-1431.7117919921875,1159.4034423828125,-1437.0,1155.0,6.881529331207275,16.837509155273438,-0.9931640625,15.844345092773438,1.0
CQR-OneSided,0.95,0p95,test,-1442.40673828125,1168.0965576171875,-1437.0,1165.0,6.23068904876709,17.491661071777344,-0.9931640625,16.498497009277344,1.0
CQR-OneSided,0.95,0p95,test,-1433.1790771484375,1160.6116943359375,-1437.0,1155.0,6.789003372192383,17.160558700561523,-0.9931640625,16.167394638061523,1.0
CQR-OneSided,0.95,0p95,test,-1446.680419921875,1168.5499267578125,-1437.0,1160.0,12.915563583374023,20.208175659179688,-0.9931640625,19.215011596679688,1.0
CQR-OneSided,0.95,0p95,test,-1435.039794921875,1162.1187744140625,-1437.0,1165.0,3.48480486869812,17.181659698486328,-0.9931640625,16.188495635986328,1.0
CQR-OneSided,0.95,0p95,test,-1438.7904052734375,1165.220947265625,-1437.0,1170.0,5.103420257568359,18.3778076171875,-0.9931640625,17.3846435546875,1.0
CQR-OneSided,0.95,0p95,test,-1425.387451171875,1151.3553466796875,-1437.0,1160.0,14.476923942565918,18.62291145324707,-0.9931640625,17.62974739074707,1.0
CQR-OneSided,0.95,0p95,test,-1440.8466796875,1166.8348388671875,-1437.0,1165.0,4.261875152587891,17.48151969909668,-0.9931640625,16.48835563659668,1.0
CQR-OneSided,0.95,0p95,test,-1434.8758544921875,1162.0057373046875,-1437.0,1165.0,3.6711857318878174,17.516307830810547,-0.9931640625,16.523143768310547,1.0
CQR-OneSided,0.95,0p95,test,-1425.601806640625,1151.529541015625,-1437.0,1160.0,14.200967788696289,23.99095916748047,-0.9931640625,22.99779510498047,1.0
CQR-OneSided,0.95,0p95,test,-1428.1993408203125,1156.6307373046875,-1437.0,1170.0,16.005897521972656,18.033771514892578,-0.9931640625,17.040607452392578,1.0
CQR-OneSided,0.95,0p95,test,-1430.34228515625,1158.2823486328125,-1437.0,1165.0,9.457907676696777,16.620895385742188,-0.9931640625,15.627731323242188,1.0
CQR-OneSided,0.95,0p95,test,-1429.306640625,1157.4478759765625,-1437.0,1155.0,8.073405265808105,16.687374114990234,-0.9931640625,15.694210052490234,1.0
CQR-OneSided,0.95,0p95,test,-1430.504638671875,1158.4466552734375,-1437.0,1155.0,7.353172779083252,17.145278930664062,-0.9931640625,16.152114868164062,1.0
CQR-OneSided,0.95,0p95,test,-1428.742919921875,1154.066162109375,-1437.0,1160.0,10.16807746887207,24.6157283782959,-0.9931640625,23.6225643157959,1.0
CQR-OneSided,0.95,0p95,test,-1428.4202880859375,1156.79736328125,-1437.0,1170.0,15.74551010131836,17.820838928222656,-0.9931640625,16.827674865722656,1.0
CQR-OneSided,0.95,0p95,test,-1400.104736328125,1130.94189453125,-1437.0,1160.0,46.96417999267578,56.36000442504883,-0.9931640625,55.36684036254883,1.0
CQR-OneSided,0.95,0p95,test,-1439.31396484375,1165.65234375,-1437.0,1170.0,4.925093650817871,18.51398468017578,-0.9931640625,17.52082061767578,1.0
CQR-OneSided,0.95,0p95,test,-1430.685791015625,1158.6383056640625,-1437.0,1170.0,12.998358726501465,17.93404769897461,-0.9931640625,16.94088363647461,1.0
CQR-OneSided,0.95,0p95,test,-1430.727294921875,1158.60986328125,-1437.0,1165.0,8.954366683959961,16.87763214111328,-0.9931640625,15.884468078613281,1.0
CQR-OneSided,0.95,0p95,test,-1383.537353515625,1117.5648193359375,-1437.0,1160.0,68.2568588256836,72.90479278564453,-0.9931640625,71.91162872314453,1.0
CQR-OneSided,0.95,0p95,test,-1439.7509765625,1165.9464111328125,-1437.0,1165.0,2.9092209339141846,17.41876983642578,-0.9931640625,16.42560577392578,1.0
CQR-OneSided,0.95,0p95,test,-1433.137939453125,1160.5836181640625,-1437.0,1155.0,6.789131164550781,17.253732681274414,-0.9931640625,16.260568618774414,1.0
CQR-OneSided,0.95,0p95,test,-1441.2666015625,1164.1798095703125,-1437.0,1160.0,5.972829818725586,14.434274673461914,-0.9931640625,13.441110610961914,1.0
CQR-OneSided,0.95,0p95,test,-1440.7674560546875,1166.7435302734375,-1437.0,1165.0,4.151340007781982,17.027111053466797,-0.9931640625,16.033946990966797,1.0
CQR-OneSided,0.95,0p95,test,-1425.214111328125,1154.1549072265625,-1437.0,1155.0,11.816147804260254,16.97382354736328,-0.9931640625,15.980659484863281,1.0
CQR-OneSided,0.95,0p95,test,-1435.210693359375,1162.3282470703125,-1437.0,1170.0,7.877652645111084,18.44561767578125,-0.9931640625,17.45245361328125,1.0
CQR-OneSided,0.95,0p95,test,-1431.1519775390625,1158.9925537109375,-1437.0,1170.0,12.464478492736816,17.55708122253418,-0.9931640625,16.56391716003418,1.0
CQR-OneSided,0.95,0p95,test,-1441.388671875,1164.2750244140625,-1437.0,1160.0,6.126685619354248,16.79143524169922,-0.9931640625,15.798271179199219,1.0
CQR-OneSided,0.95,0p95,test,-1428.76123046875,1157.0377197265625,-1437.0,1155.0,8.487027168273926,17.182289123535156,-0.9931640625,16.189125061035156,1.0
CQR-OneSided,0.95,0p95,test,-1427.758056640625,1156.2626953125,-1437.0,1170.0,16.55678367614746,17.843002319335938,-0.9931640625,16.849838256835938,1.0
CQR-OneSided,0.95,0p95,test,-1430.987548828125,1158.8868408203125,-1437.0,1170.0,12.635342597961426,18.03200912475586,-0.9931640625,17.03884506225586,1.0
CQR-OneSided,0.95,0p95,test,-1444.390380859375,1169.7135009765625,-1437.0,1165.0,8.765547752380371,17.652023315429688,-0.9931640625,16.658859252929688,1.0
CQR-OneSided,0.95,0p95,test,-1441.957763671875,1167.841796875,-1437.0,1170.0,5.407148838043213,19.351551055908203,-0.9931640625,18.358386993408203,1.0
CQR-OneSided,0.95,0p95,test,-1434.376953125,1161.5654296875,-1437.0,1155.0,7.070024013519287,16.921154022216797,-0.9931640625,15.927989959716797,1.0
CQR-OneSided,0.95,0p95,test,-1392.060546875,1124.4451904296875,-1437.0,1160.0,57.30356979370117,64.72342681884766,-0.9931640625,63.730262756347656,1.0
CQR-OneSided,0.95,0p95,test,-1440.703857421875,1166.763671875,-1437.0,1165.0,4.102328300476074,18.239673614501953,-0.9931640625,17.246509552001953,1.0
CQR-OneSided,0.95,0p95,test,-1435.7218017578125,1162.6990966796875,-1437.0,1170.0,7.411948204040527,17.71304702758789,-0.9931640625,16.71988296508789,1.0
CQR-OneSided,0.95,0p95,test,-1431.5889892578125,1159.314697265625,-1437.0,1165.0,7.84867525100708,16.995361328125,-0.9931640625,16.002197265625,1.0
CQR-OneSided,0.95,0p95,test,-1434.0634765625,1161.3631591796875,-1437.0,1170.0,9.122400283813477,17.813087463378906,-0.9931640625,16.819923400878906,1.0
CQR-OneSided,0.95,0p95,test,-1439.0638427734375,1165.3763427734375,-1437.0,1165.0,2.0978753566741943,17.185768127441406,-0.9931640625,16.192604064941406,1.0
CQR-OneSided,0.95,0p95,test,-1444.12646484375,1169.4764404296875,-1437.0,1165.0,8.415760040283203,17.260465621948242,-0.9931640625,16.267301559448242,1.0
CQR-OneSided,0.95,0p95,test,-1424.080810546875,1150.3033447265625,-1437.0,1160.0,16.153345108032227,29.955446243286133,-0.9931640625,28.962282180786133,1.0
CQR-OneSided,0.95,0p95,test,-1435.2197265625,1162.2298583984375,-1437.0,1165.0,3.292879819869995,16.6591854095459,-0.9931640625,15.666021347045898,1.0
CQR-OneSided,0.95,0p95,test,-1416.950439453125,1144.5452880859375,-1437.0,1160.0,25.314680099487305,35.81992721557617,-0.9931640625,34.82676315307617,1.0
CQR-OneSided,0.95,0p95,test,-1430.118896484375,1158.164794921875,-1437.0,1170.0,13.690202713012695,17.700300216674805,-0.9931640625,16.707136154174805,1.0
CQR-OneSided,0.95,0p95,test,-1433.21923828125,1160.6578369140625,-1437.0,1165.0,5.757476806640625,17.397743225097656,-0.9931640625,16.404579162597656,1.0
CQR-OneSided,0.95,0p95,test,-1439.719970703125,1165.9185791015625,-1437.0,1165.0,2.8708932399749756,17.406673431396484,-0.9931640625,16.413509368896484,1.0
CQR-OneSided,0.95,0p95,test,-1413.43359375,1141.7042236328125,-1437.0,1160.0,29.834728240966797,39.506526947021484,-0.9931640625,38.513362884521484,1.0
CQR-OneSided,0.95,0p95,test,-1430.4033203125,1158.3861083984375,-1437.0,1170.0,13.356595993041992,17.543834686279297,-0.9931640625,16.550670623779297,1.0
CQR-OneSided,0.95,0p95,test,-1399.8623046875,1130.7486572265625,-1437.0,1160.0,47.274192810058594,61.58122634887695,-0.9931640625,60.58806228637695,1.0
CQR-OneSided,0.95,0p95,test,-1435.504150390625,1162.495849609375,-1437.0,1155.0,7.643646240234375,17.236846923828125,-0.9931640625,16.243682861328125,1.0
CQR-OneSided,0.95,0p95,test,-1444.005615234375,1166.3885498046875,-1437.0,1160.0,9.48115062713623,15.455788612365723,-0.9931640625,14.462624549865723,1.0
CQR-OneSided,0.95,0p95,test,-1431.5498046875,1159.3050537109375,-1437.0,1165.0,7.882705211639404,17.35468292236328,-0.9931640625,16.36151885986328,1.0
CQR-OneSided,0.95,0p95,test,-1437.8681640625,1164.4801025390625,-1437.0,1170.0,5.587752342224121,18.44194793701172,-0.9931640625,17.44878387451172,1.0
CQR-OneSided,0.95,0p95,test,-1426.7578125,1155.4036865234375,-1437.0,1155.0,10.250140190124512,16.967098236083984,-0.9931640625,15.973934173583984,1.0
CQR-OneSided,0.95,0p95,test,-1349.172119140625,1089.8280029296875,-1437.0,1160.0,112.41817474365234,154.5104522705078,-0.9931640625,153.5172882080078,1.0
CQR-OneSided,0.95,0p95,test,-1424.26708984375,1150.452392578125,-1437.0,1160.0,15.91489315032959,25.774200439453125,-0.9931640625,24.781036376953125,1.0
CQR-OneSided,0.95,0p95,test,-1442.7603759765625,1168.3857421875,-1437.0,1165.0,6.681704998016357,17.50764274597168,-0.9931640625,16.51447868347168,1.0
CQR-OneSided,0.95,0p95,test,-1427.77392578125,1156.21044921875,-1437.0,1155.0,9.305140495300293,16.719316482543945,-0.9931640625,15.726152420043945,1.0
CQR-OneSided,0.95,0p95,test,-1439.1312255859375,1165.40966796875,-1437.0,1165.0,2.1702420711517334,16.866989135742188,-0.9931640625,15.873825073242188,1.0
CQR-OneSided,0.95,0p95,test,-1446.10693359375,1171.1405029296875,-1437.0,1170.0,9.178071022033691,18.336505889892578,-0.9931640625,17.343341827392578,1.0
CQR-OneSided,0.95,0p95,test,-1440.012939453125,1166.14208984375,-1437.0,1155.0,11.542268753051758,17.19483184814453,-0.9931640625,16.20166778564453,1.0
CQR-OneSided,0.95,0p95,test,-1416.3603515625,1144.0679931640625,-1437.0,1160.0,26.07343292236328,39.95035934448242,-0.9931640625,38.95719528198242,1.0
CQR-OneSided,0.95,0p95,test,-1427.9638671875,1156.4193115234375,-1437.0,1170.0,16.312166213989258,17.67371940612793,-0.9931640625,16.68055534362793,1.0
CQR-OneSided,0.95,0p95,test,-1436.475830078125,1163.2808837890625,-1437.0,1165.0,1.7972519397735596,17.182777404785156,-0.9931640625,16.189613342285156,1.0
CQR-OneSided,0.95,0p95,test,-1445.14599609375,1167.3123779296875,-1437.0,1160.0,10.946603775024414,14.797057151794434,-0.9931640625,13.803893089294434,1.0
CQR-OneSided,0.95,0p95,test,-1427.4442138671875,1153.0172119140625,-1437.0,1160.0,11.83521842956543,23.155126571655273,-0.9931640625,22.161962509155273,1.0
CQR-OneSided,0.95,0p95,test,-1432.8402099609375,1160.394287109375,-1437.0,1170.0,10.467740058898926,18.161651611328125,-0.9931640625,17.168487548828125,1.0
CQR-OneSided,0.95,0p95,test,-1427.923583984375,1156.3465576171875,-1437.0,1155.0,9.175758361816406,16.96491241455078,-0.9931640625,15.971748352050781,1.0
CQR-OneSided,0.95,0p95,test,-1430.411865234375,1158.3629150390625,-1437.0,1155.0,7.396804332733154,17.012306213378906,-0.9931640625,16.019142150878906,1.0
CQR-OneSided,0.95,0p95,test,-1431.1708984375,1158.9932861328125,-1437.0,1155.0,7.0657453536987305,17.29615020751953,-0.9931640625,16.30298614501953,1.0
CQR-OneSided,0.95,0p95,test,-1350.828857421875,1091.1630859375,-1437.0,1160.0,110.29046630859375,149.9170684814453,-0.9931640625,148.9239044189453,1.0
CQR-OneSided,0.95,0p95,test,-1432.86181640625,1160.3701171875,-1437.0,1165.0,6.209700584411621,17.397666931152344,-0.9931640625,16.404502868652344,1.0
CQR-OneSided,0.95,0p95,test,-1441.57177734375,1167.4215087890625,-1437.0,1165.0,5.173475742340088,17.51824188232422,-0.9931640625,16.52507781982422,1.0
CQR-OneSided,0.95,0p95,test,-1446.017822265625,1171.021484375,-1437.0,1165.0,10.843402862548828,17.530628204345703,-0.9931640625,16.537464141845703,1.0
CQR-OneSided,0.95,0p95,test,-1426.9884033203125,1155.5814208984375,-1437.0,1155.0,10.028465270996094,16.83688735961914,-0.9931640625,15.84372329711914,1.0
CQR-OneSided,0.95,0p95,test,-1442.7056884765625,1168.3394775390625,-1437.0,1165.0,6.61112642288208,17.49220085144043,-0.9931640625,16.49903678894043,1.0
CQR-OneSided,0.95,0p95,test,-1434.303466796875,1161.52978515625,-1437.0,1155.0,7.064657688140869,17.298114776611328,-0.9931640625,16.304950714111328,1.0
CQR-OneSided,0.95,0p95,test,-1389.0164794921875,1121.9879150390625,-1437.0,1160.0,61.21549606323242,66.08875274658203,-0.9931640625,65.09558868408203,1.0
CQR-OneSided,0.95,0p95,test,-1438.0303955078125,1164.5445556640625,-1437.0,1165.0,1.1265630722045898,17.268524169921875,-0.9931640625,16.275360107421875,1.0
CQR-OneSided,0.95,0p95,test,-1424.599365234375,1150.7198486328125,-1437.0,1160.0,15.488606452941895,23.020456314086914,-0.9931640625,22.027292251586914,1.0
CQR-OneSided,0.95,0p95,test,-1425.50244140625,1154.350830078125,-1437.0,1155.0,11.515870094299316,16.389522552490234,-0.9931640625,15.396358489990234,1.0
CQR-OneSided,0.95,0p95,test,-1386.0711669921875,1119.6097412109375,-1437.0,1160.0,65.00091552734375,71.4550552368164,-0.9931640625,70.4618911743164,1.0
CQR-OneSided,0.95,0p95,test,-1427.67431640625,1156.1512451171875,-1437.0,1155.0,9.396474838256836,17.06330108642578,-0.9931640625,16.07013702392578,1.0
CQR-OneSided,0.95,0p95,test,-1393.892333984375,1125.9256591796875,-1437.0,1160.0,54.94844436645508,64.5398941040039,-0.9931640625,63.546730041503906,1.0
CQR-OneSided,0.95,0p95,test,-1426.3153076171875,1155.0865478515625,-1437.0,1170.0,18.345945358276367,17.672021865844727,-0.9931640625,16.678857803344727,0.0
CQR-OneSided,0.95,0p95,test,-1430.961181640625,1158.8035888671875,-1437.0,1155.0,7.136849403381348,16.956920623779297,-0.9931640625,15.963756561279297,1.0
CQR-OneSided,0.95,0p95,test,-1425.8179931640625,1154.693115234375,-1437.0,1170.0,18.956212997436523,17.851600646972656,-0.9931640625,16.858436584472656,0.0
CQR-OneSided,0.95,0p95,test,-1434.4053955078125,1161.5994873046875,-1437.0,1155.0,7.091206073760986,17.08234214782715,-0.9931640625,16.08917808532715,1.0
CQR-OneSided,0.95,0p95,test,-1437.641845703125,1164.2008056640625,-1437.0,1165.0,1.0250256061553955,16.815078735351562,-0.9931640625,15.821914672851562,1.0
CQR-OneSided,0.95,0p95,test,-1434.448486328125,1161.6873779296875,-1437.0,1170.0,8.695395469665527,18.00211524963379,-0.9931640625,17.00895118713379,1.0
CQR-OneSided,0.95,0p95,test,-1420.08203125,1147.074951171875,-1437.0,1160.0,21.290245056152344,40.49808120727539,-0.9931640625,39.50491714477539,1.0
CQR-OneSided,0.95,0p95,test,-1418.576904296875,1145.85595703125,-1437.0,1160.0,23.22637367248535,34.75962448120117,-0.9931640625,33.76646041870117,1.0
CQR-OneSided,0.95,0p95,test,-1431.98583984375,1159.6441650390625,-1437.0,1155.0,6.834476470947266,17.139801025390625,-0.9931640625,16.146636962890625,1.0
CQR-OneSided,0.95,0p95,test,-1441.3148193359375,1164.2188720703125,-1437.0,1160.0,6.034612655639648,14.472251892089844,-0.9931640625,13.479087829589844,1.0
CQR-OneSided,0.95,0p95,test,-1433.9542236328125,1161.2410888671875,-1437.0,1155.0,6.944633960723877,17.20522689819336,-0.9931640625,16.21206283569336,1.0
CQR-OneSided,0.95,0p95,test,-1426.163818359375,1151.9842529296875,-1437.0,1160.0,13.47868824005127,29.04302215576172,-0.9931640625,28.04985809326172,1.0
CQR-OneSided,0.95,0p95,test,-1433.600830078125,1160.9630126953125,-1437.0,1165.0,5.277463912963867,17.306079864501953,-0.9931640625,16.312915802001953,1.0
CQR-OneSided,0.95,0p95,test,-1412.7999267578125,1141.1942138671875,-1437.0,1160.0,30.648019790649414,39.55803298950195,-0.9931640625,38.56486892700195,1.0
CQR-OneSided,0.95,0p95,test,-1434.79150390625,1158.9493408203125,-1437.0,1160.0,2.4456777572631836,14.944367408752441,-0.9931640625,13.951203346252441,1.0
CQR-OneSided,0.95,0p95,test,-1424.9561767578125,1154.0093994140625,-1437.0,1165.0,16.3048152923584,18.078784942626953,-0.9931640625,17.085620880126953,1.0
CQR-OneSided,0.95,0p95,test,-1430.6551513671875,1158.6243896484375,-1437.0,1170.0,13.025422096252441,18.15936279296875,-0.9931640625,17.16619873046875,1.0
CQR-OneSided,0.95,0p95,test,-1430.3753662109375,1158.3443603515625,-1437.0,1155.0,7.4209513664245605,17.188674926757812,-0.9931640625,16.195510864257812,1.0
CQR-OneSided,0.95,0p95,test,-1428.0660400390625,1156.47216796875,-1437.0,1155.0,9.054442405700684,17.12099838256836,-0.9931640625,16.12783432006836,1.0
CQR-OneSided,0.95,0p95,test,-1430.40673828125,1158.35546875,-1437.0,1155.0,7.397991180419922,16.9561767578125,-0.9931640625,15.9630126953125,1.0
CQR-OneSided,0.95,0p95,test,-1459.115234375,1178.587646484375,-1437.0,1160.0,28.889171600341797,42.6313362121582,-0.9931640625,41.6381721496582,1.0
CQR-OneSided,0.95,0p95,test,-1438.507568359375,1164.9171142578125,-1437.0,1165.0,1.5098451375961304,17.068805694580078,-0.9931640625,16.075641632080078,1.0
CQR-OneSided,0.95,0p95,test,-1431.02587890625,1158.8494873046875,-1437.0,1155.0,7.106945991516113,16.856367111206055,-0.9931640625,15.863203048706055,1.0
CQR-OneSided,0.95,0p95,test,-1457.56201171875,1177.333251953125,-1437.0,1160.0,26.893083572387695,43.52345657348633,-0.9931640625,42.53029251098633,1.0
CQR-OneSided,0.95,0p95,test,-1437.7320556640625,1164.3328857421875,-1437.0,1165.0,0.9904276132583618,17.814720153808594,-0.9931640625,16.821556091308594,1.0
CQR-OneSided,0.95,0p95,test,-1437.949951171875,1164.4957275390625,-1437.0,1165.0,1.0754989385604858,17.568702697753906,-0.9931640625,16.575538635253906,1.0
CQR-OneSided,0.95,0p95,test,-1436.92041015625,1160.6710205078125,-1437.0,1160.0,0.6757240891456604,15.557148933410645,-0.9931640625,14.563984870910645,1.0
CQR-OneSided,0.95,0p95,test,-1442.765869140625,1168.378662109375,-1437.0,1165.0,6.682858943939209,17.318410873413086,-0.9931640625,16.325246810913086,1.0
CQR-OneSided,0.95,0p95,test,-1438.0457763671875,1164.6082763671875,-1437.0,1170.0,5.492206573486328,18.19985580444336,-0.9931640625,17.20669174194336,1.0
CQR-OneSided,0.95,0p95,test,-1436.3099365234375,1163.1375732421875,-1437.0,1165.0,1.9861572980880737,17.046640396118164,-0.9931640625,16.053476333618164,1.0
CQR-OneSided,0.95,0p95,test,-1424.218994140625,1153.3472900390625,-1437.0,1155.0,12.887418746948242,16.9232177734375,-0.9931640625,15.9300537109375,1.0
CQR-OneSided,0.95,0p95,test,-1429.40283203125,1154.5986328125,-1437.0,1160.0,9.321573257446289,18.431354522705078,-0.9931640625,17.438190460205078,1.0
CQR-OneSided,0.95,0p95,test,-1434.2076416015625,1161.5142822265625,-1437.0,1170.0,8.933345794677734,18.41358184814453,-0.9931640625,17.42041778564453,1.0
CQR-OneSided,0.95,0p95,test,-1442.970947265625,1168.6278076171875,-1437.0,1170.0,6.126591205596924,18.77960205078125,-0.9931640625,17.78643798828125,1.0
CQR-OneSided,0.95,0p95,test,-1438.171875,1161.6817626953125,-1437.0,1160.0,2.0497846603393555,22.51596450805664,-0.9931640625,21.52280044555664,1.0
CQR-OneSided,0.95,0p95,test,-1426.1646728515625,1154.9207763671875,-1437.0,1155.0,10.835617065429688,16.914188385009766,-0.9931640625,15.921024322509766,1.0
CQR-OneSided,0.95,0p95,test,-1430.501220703125,1158.4278564453125,-1437.0,1155.0,7.347403049468994,16.901813507080078,-0.9931640625,15.908649444580078,1.0
CQR-OneSided,0.95,0p95,test,-1467.221435546875,1185.1343994140625,-1437.0,1160.0,39.30741882324219,45.32091522216797,-0.9931640625,44.32775115966797,1.0
CQR-OneSided,0.95,0p95,test,-1439.217041015625,1162.5242919921875,-1437.0,1160.0,3.3596608638763428,18.435375213623047,-0.9931640625,17.442211151123047,1.0
CQR-OneSided,0.95,0p95,test,-1436.63427734375,1163.4022216796875,-1437.0,1165.0,1.6390999555587769,17.06698226928711,-0.9931640625,16.07381820678711,1.0
CQR-OneSided,0.95,0p95,test,-1432.97265625,1160.47509765625,-1437.0,1170.0,10.341337203979492,17.69664192199707,-0.9931640625,16.70347785949707,1.0
CQR-OneSided,0.95,0p95,test,-1439.099609375,1165.405517578125,-1437.0,1165.0,2.138411521911621,17.195383071899414,-0.9931640625,16.202219009399414,1.0
CQR-OneSided,0.95,0p95,test,-1438.0052490234375,1164.577880859375,-1437.0,1170.0,5.514517307281494,18.241249084472656,-0.9931640625,17.248085021972656,1.0
CQR-OneSided,0.95,0p95,test,-1439.6689453125,1165.9219970703125,-1437.0,1165.0,2.823711633682251,18.122684478759766,-0.9931640625,17.129520416259766,1.0
CQR-OneSided,0.95,0p95,test,-1437.0440673828125,1163.785888671875,-1437.0,1170.0,6.214267730712891,18.007488250732422,-0.9931640625,17.014324188232422,1.0
CQR-OneSided,0.95,0p95,test,-1437.4700927734375,1164.0987548828125,-1437.0,1165.0,1.0164791345596313,17.395448684692383,-0.9931640625,16.402284622192383,1.0
CQR-OneSided,0.95,0p95,test,-1395.57373046875,1127.282470703125,-1437.0,1160.0,52.78799819946289,58.93057632446289,-0.9931640625,57.93741226196289,1.0
CQR-OneSided,0.95,0p95,test,-1419.849609375,1146.8841552734375,-1437.0,1160.0,21.59076690673828,32.22441482543945,-0.9931640625,31.231250762939453,1.0
CQR-OneSided,0.95,0p95,test,-1433.76318359375,1161.1474609375,-1437.0,1170.0,9.425732612609863,18.276500701904297,-0.9931640625,17.283336639404297,1.0
CQR-OneSided,0.95,0p95,test,-1420.1695556640625,1147.1429443359375,-1437.0,1160.0,21.179418563842773,30.342622756958008,-0.9931640625,29.349458694458008,1.0
CQR-OneSided,0.95,0p95,test,-1433.1240234375,1157.6033935546875,-1437.0,1160.0,4.55707311630249,19.67003631591797,-0.9931640625,18.67687225341797,1.0
CQR-OneSided,0.95,0p95,test,-1432.1259765625,1159.7423095703125,-1437.0,1165.0,7.169338703155518,16.89250946044922,-0.9931640625,15.899345397949219,1.0
CQR-OneSided,0.95,0p95,test,-1438.6649169921875,1165.0885009765625,-1437.0,1170.0,5.18601655960083,17.854618072509766,-0.9931640625,16.861454010009766,1.0
CQR-OneSided,0.95,0p95,test,-1443.7080078125,1169.132568359375,-1437.0,1165.0,7.878799915313721,17.159523010253906,-0.9931640625,16.166358947753906,1.0
CQR-OneSided,0.95,0p95,test,-1425.95751953125,1154.7498779296875,-1437.0,1155.0,11.045312881469727,16.86197280883789,-0.9931640625,15.86880874633789,1.0
CQR-OneSided,0.95,0p95,test,-1431.358642578125,1159.1173095703125,-1437.0,1155.0,6.984064102172852,16.838638305664062,-0.9931640625,15.845474243164062,1.0
CQR-OneSided,0.95,0p95,test,-1446.367431640625,1168.2972412109375,-1437.0,1160.0,12.513711929321289,18.042835235595703,-0.9931640625,17.049671173095703,1.0
CQR-OneSided,0.95,0p95,test,-1393.2261962890625,1125.3896484375,-1437.0,1160.0,55.803428649902344,65.5462875366211,-0.9931640625,64.5531234741211,1.0
CQR-OneSided,0.95,0p95,test,-1403.193603515625,1133.43896484375,-1437.0,1160.0,42.99256896972656,58.9177360534668,-0.9931640625,57.9245719909668,1.0
CQR-OneSided,0.95,0p95,test,-1447.5489501953125,1169.253173828125,-1437.0,1160.0,14.0321626663208,17.235740661621094,-0.9931640625,16.242576599121094,1.0
CQR-OneSided,0.95,0p95,test,-1438.5494384765625,1161.9847412109375,-1437.0,1160.0,2.5179271697998047,15.357293128967285,-0.9931640625,14.364129066467285,1.0
CQR-OneSided,0.95,0p95,test,-1441.33203125,1167.233154296875,-1437.0,1165.0,4.873753547668457,17.596450805664062,-0.9931640625,16.603286743164062,1.0
CQR-OneSided,0.95,0p95,test,-1437.1085205078125,1163.8243408203125,-1437.0,1165.0,1.180657148361206,17.677017211914062,-0.9931640625,16.683853149414062,1.0
CQR-OneSided,0.95,0p95,test,-1407.23779296875,1136.7021484375,-1437.0,1160.0,37.796546936035156,50.42344284057617,-0.9931640625,49.43027877807617,1.0
CQR-OneSided,0.95,0p95,test,-1430.6793212890625,1158.6243896484375,-1437.0,1170.0,13.013666152954102,17.81848907470703,-0.9931640625,16.82532501220703,1.0
CQR-OneSided,0.95,0p95,test,-1432.767822265625,1160.2757568359375,-1437.0,1155.0,6.763500690460205,17.105880737304688,-0.9931640625,16.112716674804688,1.0
CQR-OneSided,0.95,0p95,test,-1465.455810546875,1183.7120361328125,-1437.0,1160.0,37.040435791015625,42.958621978759766,-0.9931640625,41.965457916259766,1.0
CQR-OneSided,0.95,0p95,test,-1433.1390380859375,1160.6348876953125,-1437.0,1170.0,10.129776000976562,18.151552200317383,-0.9931640625,17.158388137817383,1.0
CQR-OneSided,0.95,0p95,test,-1425.9727783203125,1154.8052978515625,-1437.0,1170.0,18.774412155151367,17.61944580078125,-0.9931640625,16.62628173828125,0.0
CQR-OneSided,0.95,0p95,test,-1438.14111328125,1164.6480712890625,-1437.0,1165.0,1.1941496133804321,17.53145408630371,-0.9931640625,16.53829002380371,1.0
CQR-OneSided,0.95,0p95,test,-1427.8746337890625,1156.304931640625,-1437.0,1155.0,9.218196868896484,16.925811767578125,-0.9931640625,15.932647705078125,1.0
CQR-OneSided,0.95,0p95,test,-1410.886962890625,1139.6497802734375,-1437.0,1160.0,33.106224060058594,47.53145217895508,-0.9931640625,46.53828811645508,1.0
CQR-OneSided,0.95,0p95,test,-1440.3134765625,1166.3797607421875,-1437.0,1165.0,3.589271068572998,17.082523345947266,-0.9931640625,16.089359283447266,1.0
CQR-OneSided,0.95,0p95,test,-1437.7451171875,1164.2828369140625,-1437.0,1165.0,1.0341771841049194,16.82075309753418,-0.9931640625,15.82758903503418,1.0
CQR-OneSided,0.95,0p95,test,-1436.522705078125,1163.3023681640625,-1437.0,1155.0,8.316076278686523,16.93379020690918,-0.9931640625,15.94062614440918,1.0
CQR-OneSided,0.95,0p95,test,-1435.201171875,1162.265380859375,-1437.0,1165.0,3.2732131481170654,17.44314956665039,-0.9931640625,16.44998550415039,1.0
CQR-OneSided,0.95,0p95,test,-1459.8968505859375,1179.2216796875,-1437.0,1160.0,29.895463943481445,38.47686767578125,-0.9931640625,37.48370361328125,1.0
CQR-OneSided,0.95,0p95,test,-1435.5167236328125,1162.5311279296875,-1437.0,1165.0,2.8801801204681396,17.607973098754883,-0.9931640625,16.614809036254883,1.0
CQR-OneSided,0.95,0p95,test,-1440.273193359375,1166.4381103515625,-1437.0,1170.0,4.837442874908447,18.66154670715332,-0.9931640625,17.66838264465332,1.0
CQR-OneSided,0.95,0p95,test,-1425.990234375,1154.7396240234375,-1437.0,1160.0,12.201905250549316,16.29434585571289,-0.9931640625,15.30118179321289,1.0
CQR-OneSided,0.95,0p95,test,-1432.515625,1160.0762939453125,-1437.0,1155.0,6.77335786819458,17.189760208129883,-0.9931640625,16.196596145629883,1.0
CQR-OneSided,0.95,0p95,test,-1432.442626953125,1160.0577392578125,-1437.0,1170.0,10.937010765075684,17.91835594177246,-0.9931640625,16.92519187927246,1.0
CQR-OneSided,0.95,0p95,test,-1436.8699951171875,1163.6610107421875,-1437.0,1170.0,6.340322494506836,18.256103515625,-0.9931640625,17.262939453125,1.0
CQR-OneSided,0.95,0p95,test,-1431.786376953125,1159.477294921875,-1437.0,1155.0,6.872265815734863,17.03795623779297,-0.9931640625,16.04479217529297,1.0
CQR-OneSided,0.95,0p95,test,-1436.67236328125,1163.412353515625,-1437.0,1165.0,1.6211005449295044,16.76612091064453,-0.9931640625,15.772956848144531,1.0
CQR-OneSided,0.95,0p95,test,-1434.46630859375,1161.64404296875,-1437.0,1165.0,4.2050018310546875,17.008609771728516,-0.9931640625,16.015445709228516,1.0
CQR-OneSided,0.95,0p95,test,-1444.286865234375,1166.61865234375,-1437.0,1160.0,9.844032287597656,14.56346321105957,-0.9931640625,13.57029914855957,1.0
CQR-OneSided,0.95,0p95,test,-1439.9072265625,1166.0648193359375,-1437.0,1165.0,3.096095323562622,17.31949234008789,-0.9931640625,16.32632827758789,1.0
CQR-OneSided,0.95,0p95,test,-1428.7445068359375,1157.0469970703125,-1437.0,1170.0,15.360125541687012,17.607215881347656,-0.9931640625,16.614051818847656,1.0
CQR-OneSided,0.95,0p95,test,-1434.776123046875,1161.905517578125,-1437.0,1165.0,3.810702085494995,17.195653915405273,-0.9931640625,16.202489852905273,1.0
CQR-OneSided,0.95,0p95,test,-1440.579833984375,1166.6075439453125,-1437.0,1165.0,3.924207925796509,17.29631805419922,-0.9931640625,16.30315399169922,1.0
CQR-OneSided,0.95,0p95,test,-1483.6590576171875,1198.3995361328125,-1437.0,1160.0,60.42840576171875,82.78876495361328,-0.9931640625,81.79560089111328,1.0
CQR-OneSided,0.95,0p95,test,-1438.970703125,1165.362060546875,-1437.0,1170.0,5.039261341094971,18.287742614746094,-0.9931640625,17.294578552246094,1.0
CQR-OneSided,0.95,0p95,test,-1442.9912109375,1168.564697265625,-1437.0,1165.0,6.971489906311035,17.375057220458984,-0.9931640625,16.381893157958984,1.0
CQR-OneSided,0.95,0p95,test,-1435.556640625,1162.5452880859375,-1437.0,1165.0,2.8476123809814453,17.318553924560547,-0.9931640625,16.325389862060547,1.0
CQR-OneSided,0.95,0p95,test,-1418.678466796875,1145.9385986328125,-1437.0,1160.0,23.095489501953125,35.84990310668945,-0.9931640625,34.85673904418945,1.0
CQR-OneSided,0.95,0p95,test,-1428.573974609375,1156.8348388671875,-1437.0,1155.0,8.62348747253418,16.380474090576172,-0.9931640625,15.387310028076172,1.0
CQR-OneSided,0.95,0p95,test,-1436.5625,1163.341552734375,-1437.0,1155.0,8.353017807006836,17.04562759399414,-0.9931640625,16.05246353149414,1.0
CQR-OneSided,0.95,0p95,test,-1446.033447265625,1168.0267333984375,-1437.0,1160.0,12.084354400634766,22.834495544433594,-0.9931640625,21.841331481933594,1.0
CQR-OneSided,0.95,0p95,test,-1429.2255859375,1157.4588623046875,-1437.0,1170.0,14.755393981933594,18.01652717590332,-0.9931640625,17.02336311340332,1.0
CQR-OneSided,0.95,0p95,test,-1430.359619140625,1158.3436279296875,-1437.0,1165.0,9.402231216430664,17.418914794921875,-0.9931640625,16.425750732421875,1.0
CQR-OneSided,0.95,0p95,test,-1428.01708984375,1156.4791259765625,-1437.0,1170.0,16.23288917541504,17.966018676757812,-0.9931640625,16.972854614257812,1.0
CQR-OneSided,0.95,0p95,test,-1430.5855712890625,1158.5120849609375,-1437.0,1155.0,7.312977313995361,17.16083526611328,-0.9931640625,16.16767120361328,1.0
CQR-OneSided,0.95,0p95,test,-1422.9071044921875,1149.3538818359375,-1437.0,1160.0,17.662092208862305,28.530168533325195,-0.9931640625,27.537004470825195,1.0
CQR-OneSided,0.95,0p95,test,-1440.401611328125,1166.45751953125,-1437.0,1165.0,3.7007193565368652,17.184988021850586,-0.9931640625,16.191823959350586,1.0
CQR-OneSided,0.95,0p95,test,-1434.5516357421875,1161.7120361328125,-1437.0,1165.0,4.099413871765137,16.992229461669922,-0.9931640625,15.999065399169922,1.0
CQR-OneSided,0.95,0p95,test,-1430.90625,1158.7362060546875,-1437.0,1165.0,8.738930702209473,16.583145141601562,-0.9931640625,15.589981079101562,1.0
CQR-OneSided,0.95,0p95,test,-1438.202880859375,1164.67431640625,-1437.0,1165.0,1.2461910247802734,17.106658935546875,-0.9931640625,16.113494873046875,1.0
CQR-OneSided,0.95,0p95,test,-1426.836181640625,1155.4578857421875,-1437.0,1155.0,10.174127578735352,16.821613311767578,-0.9931640625,15.828449249267578,1.0
CQR-OneSided,0.95,0p95,test,-1435.13427734375,1162.28369140625,-1437.0,1165.0,3.2953381538391113,18.65354347229004,-0.9931640625,17.66037940979004,1.0
CQR-OneSided,0.95,0p95,test,-1441.501708984375,1167.343017578125,-1437.0,1165.0,5.074949741363525,17.103885650634766,-0.9931640625,16.110721588134766,1.0
CQR-OneSided,0.95,0p95,test,-1432.746337890625,1157.298583984375,-1437.0,1160.0,5.038977146148682,17.297657012939453,-0.9931640625,16.304492950439453,1.0
CQR-OneSided,0.95,0p95,test,-1431.735595703125,1156.4813232421875,-1437.0,1160.0,6.332064151763916,20.614688873291016,-0.9931640625,19.621524810791016,1.0
CQR-OneSided,0.95,0p95,test,-1439.59814453125,1162.8311767578125,-1437.0,1160.0,3.842644453048706,15.177854537963867,-0.9931640625,14.184690475463867,1.0
CQR-OneSided,0.95,0p95,test,-1426.36767578125,1155.1500244140625,-1437.0,1165.0,14.493734359741211,18.07038116455078,-0.9931640625,17.07721710205078,1.0
CQR-OneSided,0.95,0p95,test,-1425.1485595703125,1154.1578369140625,-1437.0,1170.0,19.784610748291016,17.94063377380371,-0.9931640625,16.94746971130371,0.0
CQR-OneSided,0.95,0p95,test,-1441.767578125,1167.5955810546875,-1437.0,1165.0,5.428337097167969,17.749526977539062,-0.9931640625,16.756362915039062,1.0
CQR-OneSided,0.95,0p95,test,-1429.718505859375,1157.7969970703125,-1437.0,1155.0,7.800214767456055,16.918903350830078,-0.9931640625,15.925739288330078,1.0
CQR-OneSided,0.95,0p95,test,-1428.1817626953125,1156.557373046875,-1437.0,1155.0,8.954703330993652,16.986143112182617,-0.9931640625,15.992979049682617,1.0
CQR-OneSided,0.95,0p95,test,-1426.820556640625,1155.4637451171875,-1437.0,1155.0,10.190001487731934,17.125919342041016,-0.9931640625,16.132755279541016,1.0
CQR-OneSided,0.95,0p95,test,-1439.642578125,1165.8720703125,-1437.0,1165.0,2.782755136489868,17.67388153076172,-0.9931640625,16.68071746826172,1.0
CQR-OneSided,0.95,0p95,test,-1426.9140625,1155.5887451171875,-1437.0,1170.0,17.590065002441406,17.996337890625,-0.9931640625,17.003173828125,0.0
CQR-OneSided,0.95,0p95,test,-1434.217041015625,1161.4393310546875,-1437.0,1165.0,4.5192060470581055,16.956314086914062,-0.9931640625,15.963150024414062,1.0
CQR-OneSided,0.95,0p95,test,-1397.280029296875,1131.8436279296875,-1437.0,1160.0,48.68734359741211,67.71084594726562,-0.9931640625,66.71768188476562,1.0
CQR-OneSided,0.95,0p95,test,-1438.46923828125,1164.9249267578125,-1437.0,1170.0,5.283467769622803,17.76784896850586,-0.9931640625,16.77468490600586,1.0
CQR-OneSided,0.95,0p95,test,-1455.433349609375,1175.6168212890625,-1437.0,1160.0,24.159334182739258,37.07146072387695,-0.9931640625,36.07829666137695,1.0
CQR-OneSided,0.95,0p95,test,-1437.19091796875,1163.8837890625,-1437.0,1165.0,1.1324206590652466,17.566726684570312,-0.9931640625,16.573562622070312,1.0
CQR-OneSided,0.95,0p95,test,-1426.2728271484375,1155.0723876953125,-1437.0,1170.0,18.38221549987793,18.039196014404297,-0.9931640625,17.046031951904297,0.0
CQR-OneSided,0.95,0p95,test,-1432.135986328125,1159.75634765625,-1437.0,1165.0,7.152238845825195,16.97095489501953,-0.9931640625,15.977790832519531,1.0
CQR-OneSided,0.95,0p95,test,-1432.3592529296875,1159.9412841796875,-1437.0,1155.0,6.77885103225708,17.049287796020508,-0.9931640625,16.056123733520508,1.0
CQR-OneSided,0.95,0p95,test,-1433.350830078125,1160.742919921875,-1437.0,1165.0,5.607064247131348,17.022375106811523,-0.9931640625,16.029211044311523,1.0
CQR-OneSided,0.95,0p95,test,-1398.8631591796875,1129.9405517578125,-1437.0,1160.0,48.55912780761719,60.154327392578125,-0.9931640625,59.161163330078125,1.0
CQR-OneSided,0.95,0p95,test,-1431.678955078125,1159.4168701171875,-1437.0,1165.0,7.712642669677734,17.461692810058594,-0.9931640625,16.468528747558594,1.0
CQR-OneSided,0.95,0p95,test,-1427.934326171875,1156.4217529296875,-1437.0,1170.0,16.326519012451172,18.136314392089844,-0.9931640625,17.143150329589844,1.0
CQR-OneSided,0.95,0p95,test,-1340.8896484375,1083.1397705078125,-1437.0,1160.0,123.06378173828125,155.64044189453125,-0.9931640625,154.64727783203125,1.0
CQR-OneSided,0.95,0p95,test,-1441.778564453125,1164.59033203125,-1437.0,1160.0,6.626147270202637,16.477645874023438,-0.9931640625,15.484481811523438,1.0
CQR-OneSided,0.95,0p95,test,-1425.5819091796875,1151.5133056640625,-1437.0,1160.0,14.226622581481934,23.801898956298828,-0.9931640625,22.808734893798828,1.0
CQR-OneSided,0.95,0p95,test,-1422.893310546875,1149.3431396484375,-1437.0,1160.0,17.679574966430664,33.091434478759766,-0.9931640625,32.098270416259766,1.0
CQR-OneSided,0.95,0p95,test,-1435.060546875,1162.117919921875,-1437.0,1165.0,3.4738831520080566,16.898021697998047,-0.9931640625,15.904857635498047,1.0
CQR-OneSided,0.95,0p95,test,-1434.478759765625,1161.6988525390625,-1437.0,1170.0,8.675580978393555,17.810462951660156,-0.9931640625,16.817298889160156,1.0
CQR-OneSided,0.95,0p95,test,-1433.2958984375,1160.7642822265625,-1437.0,1170.0,9.950821876525879,18.21137237548828,-0.9931640625,17.21820831298828,1.0
CQR-OneSided,0.95,0p95,test,-1433.5760498046875,1160.9493408203125,-1437.0,1155.0,6.864262104034424,17.431617736816406,-0.9931640625,16.438453674316406,1.0
CQR-OneSided,0.95,0p95,test,-1437.7745361328125,1164.4007568359375,-1437.0,1170.0,5.652559757232666,18.39470863342285,-0.9931640625,17.40154457092285,1.0
CQR-OneSided,0.95,0p95,test,-1437.35498046875,1164.0045166015625,-1437.0,1165.0,1.0568814277648926,17.385845184326172,-0.9931640625,16.392681121826172,1.0
CQR-OneSided,0.95,0p95,test,-1443.2164306640625,1168.8060302734375,-1437.0,1170.0,6.330053329467773,18.435653686523438,-0.9931640625,17.442489624023438,1.0
CQR-OneSided,0.95,0p95,test,-1429.845458984375,1157.97900390625,-1437.0,1170.0,13.988988876342773,18.30030059814453,-0.9931640625,17.30713653564453,1.0
CQR-OneSided,0.95,0p95,test,-1354.220703125,1093.8997802734375,-1437.0,1160.0,105.93229675292969,135.3777313232422,-0.9931640625,134.3845672607422,1.0
CQR-OneSided,0.95,0p95,test,-1427.7703857421875,1156.2235107421875,-1437.0,1155.0,9.310357093811035,16.97417449951172,-0.9931640625,15.981010437011719,1.0
CQR-OneSided,0.95,0p95,test,-1338.697265625,1084.72119140625,-1437.0,1165.0,126.9177474975586,185.26112365722656,-0.9931640625,184.26795959472656,1.0
CQR-OneSided,0.95,0p95,test,-1433.0845947265625,1160.503173828125,-1437.0,1155.0,6.75391149520874,16.663009643554688,-0.9931640625,15.669845581054688,1.0
CQR-OneSided,0.95,0p95,test,-1422.493408203125,1151.9263916015625,-1437.0,1155.0,14.828630447387695,16.548038482666016,-0.9931640625,15.554874420166016,1.0
CQR-OneSided,0.95,0p95,test,-1443.228759765625,1168.8294677734375,-1437.0,1170.0,6.337790489196777,18.646419525146484,-0.9931640625,17.653255462646484,1.0
CQR-OneSided,0.95,0p95,test,-1433.1103515625,1160.603271484375,-1437.0,1170.0,10.169949531555176,18.017181396484375,-0.9931640625,17.024017333984375,1.0
CQR-OneSided,0.95,0p95,test,-1390.8211669921875,1123.4442138671875,-1437.0,1160.0,58.8966064453125,63.254669189453125,-0.9931640625,62.261505126953125,1.0
CQR-OneSided,0.95,0p95,test,-1424.5023193359375,1153.5489501953125,-1437.0,1155.0,12.581635475158691,16.51846694946289,-0.9931640625,15.52530288696289,1.0
CQR-OneSided,0.95,0p95,test,-1442.4365234375,1168.1759033203125,-1437.0,1170.0,5.734379768371582,18.450454711914062,-0.9931640625,17.457290649414062,1.0
CQR-OneSided,0.95,0p95,test,-1430.2115478515625,1158.191162109375,-1437.0,1155.0,7.5011067390441895,16.863021850585938,-0.9931640625,15.869857788085938,1.0
CQR-OneSided,0.95,0p95,test,-1429.7021484375,1157.8421630859375,-1437.0,1170.0,14.179973602294922,17.95855712890625,-0.9931640625,16.96539306640625,1.0
CQR-OneSided,0.95,0p95,test,-1428.6719970703125,1154.0089111328125,-1437.0,1160.0,10.259082794189453,24.547672271728516,-0.9931640625,23.554508209228516,1.0
CQR-OneSided,0.95,0p95,test,-1430.5020751953125,1158.4517822265625,-1437.0,1165.0,9.22508430480957,17.260421752929688,-0.9931640625,16.267257690429688,1.0
CQR-OneSided,0.95,0p95,test,-1437.268310546875,1160.9493408203125,-1437.0,1160.0,0.9865285158157349,15.713356971740723,-0.9931640625,14.720192909240723,1.0
CQR-OneSided,0.95,0p95,test,-1437.608642578125,1164.1953125,-1437.0,1165.0,1.008943796157837,17.18564224243164,-0.9931640625,16.19247817993164,1.0
CQR-OneSided,0.95,0p95,test,-1430.9833984375,1158.8685302734375,-1437.0,1170.0,12.653422355651855,17.76919937133789,-0.9931640625,16.77603530883789,1.0
CQR-OneSided,0.95,0p95,test,-1399.88134765625,1130.763427734375,-1437.0,1160.0,47.25009536743164,60.925594329833984,-0.9931640625,59.932430267333984,1.0
CQR-OneSided,0.95,0p95,test,-1418.441650390625,1145.7498779296875,-1437.0,1160.0,23.39825439453125,39.46893310546875,-0.9931640625,38.47576904296875,1.0
CQR-OneSided,0.95,0p95,test,-1435.87890625,1162.7679443359375,-1437.0,1165.0,2.497783660888672,16.714385986328125,-0.9931640625,15.721221923828125,1.0
CQR-OneSided,0.95,0p95,test,-1433.805908203125,1161.1229248046875,-1437.0,1165.0,5.02333927154541,17.243663787841797,-0.9931640625,16.250499725341797,1.0
CQR-OneSided,0.95,0p95,test,-1427.7552490234375,1153.2703857421875,-1437.0,1160.0,11.434733390808105,35.166744232177734,-0.9931640625,34.173580169677734,1.0
CQR-OneSided,0.95,0p95,test,-1431.4168701171875,1159.179443359375,-1437.0,1155.0,6.974172592163086,17.06448745727539,-0.9931640625,16.07132339477539,1.0
CQR-OneSided,0.95,0p95,test,-1437.1376953125,1163.8179931640625,-1437.0,1165.0,1.190000057220459,17.21099853515625,-0.9931640625,16.21783447265625,1.0
CQR-OneSided,0.95,0p95,test,-1429.189208984375,1157.4329833984375,-1437.0,1170.0,14.796566009521484,18.051509857177734,-0.9931640625,17.058345794677734,1.0
CQR-OneSided,0.95,0p95,test,-1372.41650390625,1108.5853271484375,-1437.0,1160.0,82.54996490478516,84.61678314208984,-0.9931640625,83.62361907958984,1.0
CQR-OneSided,0.95,0p95,test,-1430.98583984375,1158.893310546875,-1437.0,1170.0,12.63046646118164,18.167156219482422,-0.9931640625,17.173992156982422,1.0
CQR-OneSided,0.95,0p95,test,-1435.415771484375,1162.4212646484375,-1437.0,1165.0,3.0264923572540283,17.155895233154297,-0.9931640625,16.162731170654297,1.0
CQR-OneSided,0.95,0p95,test,-1439.0118408203125,1165.38427734375,-1437.0,1165.0,2.0482120513916016,18.061725616455078,-0.9931640625,17.068561553955078,1.0
CQR-OneSided,0.95,0p95,test,-1435.24755859375,1162.3043212890625,-1437.0,1165.0,3.2152347564697266,17.490510940551758,-0.9931640625,16.497346878051758,1.0
CQR-OneSided,0.95,0p95,test,-1423.9229736328125,1153.101806640625,-1437.0,1155.0,13.21407413482666,16.8388671875,-0.9931640625,15.845703125,1.0
CQR-OneSided,0.95,0p95,test,-1434.1722412109375,1161.4600830078125,-1437.0,1170.0,8.99591064453125,17.956592559814453,-0.9931640625,16.963428497314453,1.0
CQR-OneSided,0.95,0p95,test,-1429.79052734375,1157.85107421875,-1437.0,1155.0,7.752749443054199,16.874591827392578,-0.9931640625,15.881427764892578,1.0
CQR-OneSided,0.95,0p95,test,-1448.8505859375,1170.302001953125,-1437.0,1160.0,15.702471733093262,24.206470489501953,-0.9931640625,23.213306427001953,1.0
CQR-OneSided,0.95,0p95,test,-1433.1275634765625,1160.552001953125,-1437.0,1165.0,5.897495269775391,16.874553680419922,-0.9931640625,15.881389617919922,1.0
CQR-OneSided,0.95,0p95,test,-1440.1378173828125,1166.299560546875,-1437.0,1170.0,4.851716041564941,18.15167808532715,-0.9931640625,17.15851402282715,1.0
CQR-OneSided,0.95,0p95,test,-1422.788818359375,1149.2591552734375,-1437.0,1160.0,17.813573837280273,28.658023834228516,-0.9931640625,27.664859771728516,1.0
CQR-OneSided,0.95,0p95,test,-1428.449951171875,1156.7698974609375,-1437.0,1155.0,8.731315612792969,16.91657066345215,-0.9931640625,15.923406600952148,1.0
CQR-OneSided,0.95,0p95,test,-1443.606201171875,1169.1143798828125,-1437.0,1170.0,6.665299892425537,18.27617645263672,-0.9931640625,17.28301239013672,1.0
CQR-OneSided,0.95,0p95,test,-1436.70166015625,1163.5255126953125,-1437.0,1170.0,6.481357574462891,18.283893585205078,-0.9931640625,17.290729522705078,1.0
CQR-OneSided,0.95,0p95,test,-1442.9833984375,1168.5780029296875,-1437.0,1165.0,6.971596717834473,17.69776725769043,-0.9931640625,16.70460319519043,1.0
CQR-OneSided,0.99,0p99,test,-1428.775390625,1157.1007080078125,-1437.0,1170.0,15.298233032226562,21.203420639038086,0.23420333862304688,21.437623977661133,1.0
CQR-OneSided,0.99,0p99,test,-1429.815673828125,1157.9451904296875,-1437.0,1170.0,14.033281326293945,21.236083984375,0.23420333862304688,21.470287322998047,1.0
CQR-OneSided,0.99,0p99,test,-1436.151123046875,1162.9871826171875,-1437.0,1165.0,2.1844966411590576,20.01783561706543,0.23420333862304688,20.252038955688477,1.0
CQR-OneSided,0.99,0p99,test,-1428.134521484375,1156.552490234375,-1437.0,1170.0,16.106901168823242,20.729948043823242,0.23420333862304688,20.96415138244629,1.0
CQR-OneSided,0.99,0p99,test,-1431.7080078125,1159.3851318359375,-1437.0,1165.0,7.715693473815918,19.895416259765625,0.23420333862304688,20.129619598388672,1.0
CQR-OneSided,0.99,0p99,test,-1431.6357421875,1159.4044189453125,-1437.0,1170.0,11.876093864440918,21.016143798828125,0.23420333862304688,21.250347137451172,1.0
CQR-OneSided,0.99,0p99,test,-1410.1640625,1139.066650390625,-1437.0,1160.0,34.034873962402344,52.738101959228516,0.23420333862304688,52.97230529785156,1.0
CQR-OneSided,0.99,0p99,test,-1428.695556640625,1156.9761962890625,-1437.0,1155.0,8.536341667175293,20.268991470336914,0.23420333862304688,20.50319480895996,1.0
CQR-OneSided,0.99,0p99,test,-1430.935791015625,1158.8646240234375,-1437.0,1170.0,12.679559707641602,21.423688888549805,0.23420333862304688,21.65789222717285,1.0
CQR-OneSided,0.99,0p99,test,-1424.042236328125,1153.2493896484375,-1437.0,1170.0,21.177501678466797,20.844629287719727,0.23420333862304688,21.078832626342773,0.0
CQR-OneSided,0.99,0p99,test,-1429.8165283203125,1157.8912353515625,-1437.0,1155.0,7.743481636047363,20.406675338745117,0.23420333862304688,20.640878677368164,1.0
CQR-OneSided,0.99,0p99,test,-1458.2274169921875,1177.8717041015625,-1437.0,1160.0,27.748891830444336,38.07002258300781,0.23420333862304688,38.30422592163086,1.0
CQR-OneSided,0.99,0p99,test,-1432.377197265625,1159.9676513671875,-1437.0,1155.0,6.785857677459717,20.477436065673828,0.23420333862304688,20.711639404296875,1.0
CQR-OneSided,0.99,0p99,test,-1443.624267578125,1169.0716552734375,-1437.0,1165.0,7.775557518005371,20.538227081298828,0.23420333862304688,20.772430419921875,1.0
CQR-OneSided,0.99,0p99,test,-1428.970947265625,1157.186279296875,-1437.0,1155.0,8.321388244628906,20.099966049194336,0.23420333862304688,20.334169387817383,1.0
CQR-OneSided,0.99,0p99,test,-1433.4090576171875,1160.8544921875,-1437.0,1170.0,9.825231552124023,21.271900177001953,0.23420333862304688,21.506103515625,1.0
CQR-OneSided,0.99,0p99,test,-1428.562744140625,1156.87109375,-1437.0,1155.0,8.642237663269043,20.30754852294922,0.23420333862304688,20.541751861572266,1.0
CQR-OneSided,0.99,0p99,test,-1418.9290771484375,1146.1419677734375,-1437.0,1160.0,22.772863388061523,32.18265914916992,0.23420333862304688,32.41686248779297,1.0
CQR-OneSided,0.99,0p99,test,-1430.983154296875,1158.8873291015625,-1437.0,1170.0,12.637003898620605,21.20945167541504,0.23420333862304688,21.443655014038086,1.0
CQR-OneSided,0.99,0p99,test,-1429.220947265625,1157.468994140625,-1437.0,1170.0,14.749229431152344,21.323583602905273,0.23420333862304688,21.55778694152832,1.0
CQR-OneSided,0.99,0p99,test,-1449.721923828125,1174.104248046875,-1437.0,1165.0,15.643998146057129,22.022869110107422,0.23420333862304688,22.25707244873047,1.0
CQR-OneSided,0.99,0p99,test,-1439.9610595703125,1163.1243896484375,-1437.0,1160.0,4.304612159729004,14.65018081665039,0.23420333862304688,14.884384155273438,1.0
CQR-OneSided,0.99,0p99,test,-1437.1650390625,1163.8975830078125,-1437.0,1170.0,6.104648113250732,21.344989776611328,0.23420333862304688,21.579193115234375,1.0
CQR-OneSided,0.99,0p99,test,-1440.755859375,1166.7861328125,-1437.0,1165.0,4.158936023712158,21.041810989379883,0.23420333862304688,21.27601432800293,1.0
CQR-OneSided,0.99,0p99,test,-1430.732421875,1158.613525390625,-1437.0,1155.0,7.234645843505859,20.13655662536621,0.23420333862304688,20.370759963989258,1.0
CQR-OneSided,0.99,0p99,test,-1433.801513671875,1161.0965576171875,-1437.0,1165.0,5.046501636505127,20.1435546875,0.23420333862304688,20.377758026123047,1.0
CQR-OneSided,0.99,0p99,test,-1402.7666015625,1133.0908203125,-1437.0,1160.0,43.54342269897461,59.479610443115234,0.23420333862304688,59.71381378173828,1.0
CQR-OneSided,0.99,0p99,test,-1441.8719482421875,1167.64892578125,-1437.0,1165.0,5.545510768890381,20.476083755493164,0.23420333862304688,20.71028709411621,1.0
CQR-OneSided,0.99,0p99,test,-1426.4638671875,1155.1517333984375,-1437.0,1155.0,10.537225723266602,20.013628005981445,0.23420333862304688,20.247831344604492,1.0
CQR-OneSided,0.99,0p99,test,-1426.1048583984375,1154.8720703125,-1437.0,1155.0,10.895892143249512,20.155231475830078,0.23420333862304688,20.389434814453125,1.0
CQR-OneSided,0.99,0p99,test,-1431.71484375,1159.4183349609375,-1437.0,1165.0,7.686862945556641,20.243671417236328,0.23420333862304688,20.477874755859375,1.0
CQR-OneSided,0.99,0p99,test,-1440.17333984375,1166.2718505859375,-1437.0,1165.0,3.4187264442443848,20.450345993041992,0.23420333862304688,20.68454933166504,1.0
CQR-OneSided,0.99,0p99,test,-1437.895263671875,1164.44775390625,-1437.0,1165.0,1.0518901348114014,20.688547134399414,0.23420333862304688,20.92275047302246,1.0
CQR-OneSided,0.99,0p99,test,-1427.83642578125,1156.276123046875,-1437.0,1155.0,9.25200366973877,20.209558486938477,0.23420333862304688,20.443761825561523,1.0
CQR-OneSided,0.99,0p99,test,-1499.5048828125,1211.19921875,-1437.0,1160.0,80.79740905761719,89.421630859375,0.23420333862304688,89.65583801269531,1.0
CQR-OneSided,0.99,0p99,test,-1437.26806640625,1163.91943359375,-1437.0,1165.0,1.1133208274841309,20.37750816345215,0.23420333862304688,20.611711502075195,1.0
CQR-OneSided,0.99,0p99,test,-1440.9974365234375,1167.0367431640625,-1437.0,1170.0,4.97598123550415,21.898160934448242,0.23420333862304688,22.13236427307129,1.0
CQR-OneSided,0.99,0p99,test,-1428.9649658203125,1157.184814453125,-1437.0,1155.0,8.326775550842285,20.152284622192383,0.23420333862304688,20.38648796081543,1.0
CQR-OneSided,0.99,0p99,test,-1438.30224609375,1161.7864990234375,-1437.0,1160.0,2.21075177192688,17.120819091796875,0.23420333862304688,17.355022430419922,1.0
CQR-OneSided,0.99,0p99,test,-1430.728759765625,1158.630859375,-1437.0,1165.0,8.938366889953613,20.414758682250977,0.23420333862304688,20.648962020874023,1.0
CQR-OneSided,0.99,0p99,test,-1430.611572265625,1158.567626953125,-1437.0,1170.0,13.096227645874023,20.909622192382812,0.23420333862304688,21.14382553100586,1.0
CQR-OneSided,0.99,0p99,test,-1425.943359375,1154.7474365234375,-1437.0,1155.0,11.059524536132812,20.230749130249023,0.23420333862304688,20.46495246887207,1.0
CQR-OneSided,0.99,0p99,test,-1444.5006103515625,1166.7913818359375,-1437.0,1160.0,10.118399620056152,14.637927055358887,0.23420333862304688,14.872130393981934,1.0
CQR-OneSided,0.99,0p99,test,-1435.528076171875,1162.5185546875,-1437.0,1165.0,2.8851571083068848,20.481767654418945,0.23420333862304688,20.715970993041992,1.0
CQR-OneSided,0.99,0p99,test,-1441.66943359375,1167.4769287109375,-1437.0,1165.0,5.285715103149414,20.355459213256836,0.23420333862304688,20.589662551879883,1.0
CQR-OneSided,0.99,0p99,test,-1436.62841796875,1163.400390625,-1437.0,1165.0,1.6422007083892822,20.37689781188965,0.23420333862304688,20.611101150512695,1.0
CQR-OneSided,0.99,0p99,test,-1433.143310546875,1160.5662841796875,-1437.0,1155.0,6.771821975708008,20.186315536499023,0.23420333862304688,20.42051887512207,1.0
CQR-OneSided,0.99,0p99,test,-1435.516845703125,1162.5841064453125,-1437.0,1170.0,7.5627522468566895,21.62093162536621,0.23420333862304688,21.855134963989258,1.0
CQR-OneSided,0.99,0p99,test,-1412.630126953125,1141.05810546875,-1437.0,1160.0,30.865612030029297,43.30653762817383,0.23420333862304688,43.540740966796875,1.0
CQR-OneSided,0.99,0p99,test,-1441.641845703125,1167.478759765625,-1437.0,1165.0,5.2622222900390625,20.691638946533203,0.23420333862304688,20.92584228515625,1.0
CQR-OneSided,0.99,0p99,test,-1347.4638671875,1088.4459228515625,-1437.0,1160.0,114.61546325683594,150.9119110107422,0.23420333862304688,151.1461181640625,1.0
CQR-OneSided,0.99,0p99,test,-1428.38525390625,1156.721435546875,-1437.0,1155.0,8.785055160522461,20.216026306152344,0.23420333862304688,20.45022964477539,1.0
CQR-OneSided,0.99,0p99,test,-1434.58837890625,1161.741943359375,-1437.0,1165.0,4.053498268127441,20.266817092895508,0.23420333862304688,20.501020431518555,1.0
CQR-OneSided,0.99,0p99,test,-1436.7978515625,1163.6124267578125,-1437.0,1170.0,6.39077091217041,21.51711082458496,0.23420333862304688,21.751314163208008,1.0
CQR-OneSided,0.99,0p99,test,-1436.84033203125,1163.5946044921875,-1437.0,1165.0,1.4144364595413208,20.70847511291504,0.23420333862304688,20.942678451538086,1.0
CQR-OneSided,0.99,0p99,test,-1424.129638671875,1150.3426513671875,-1437.0,1160.0,16.0906982421875,35.05442428588867,0.23420333862304688,35.28862762451172,1.0
CQR-OneSided,0.99,0p99,test,-1434.8193359375,1161.9158935546875,-1437.0,1165.0,3.7771694660186768,20.078283309936523,0.23420333862304688,20.31248664855957,1.0
CQR-OneSided,0.99,0p99,test,-1455.5338134765625,1175.697509765625,-1437.0,1160.0,24.28814697265625,37.034358978271484,0.23420333862304688,37.26856231689453,1.0
CQR-OneSided,0.99,0p99,test,-1453.5902099609375,1174.1282958984375,-1437.0,1160.0,21.790910720825195,28.371322631835938,0.23420333862304688,28.605525970458984,1.0
CQR-OneSided,0.99,0p99,test,-1419.919677734375,1146.9439697265625,-1437.0,1160.0,21.498775482177734,36.76474380493164,0.23420333862304688,36.99894714355469,1.0
CQR-OneSided,0.99,0p99,test,-1425.5458984375,1154.4268798828125,-1437.0,1155.0,11.468430519104004,20.254159927368164,0.23420333862304688,20.48836326599121,1.0
CQR-OneSided,0.99,0p99,test,-1430.6661376953125,1155.6190185546875,-1437.0,1160.0,7.701351642608643,21.70098114013672,0.23420333862304688,21.935184478759766,1.0
CQR-OneSided,0.99,0p99,test,-1436.899169921875,1160.65283203125,-1437.0,1160.0,0.6605727672576904,15.493200302124023,0.23420333862304688,15.72740364074707,1.0
CQR-OneSided,0.99,0p99,test,-1416.53759765625,1144.2105712890625,-1437.0,1160.0,25.846004486083984,40.354801177978516,0.23420333862304688,40.58900451660156,1.0
CQR-OneSided,0.99,0p99,test,-1428.990234375,1157.2628173828125,-1437.0,1170.0,15.046334266662598,21.0100154876709,0.23420333862304688,21.244218826293945,1.0
CQR-OneSided,0.99,0p99,test,-1429.608642578125,1157.7633056640625,-1437.0,1165.0,10.344172477722168,21.024473190307617,0.23420333862304688,21.258676528930664,1.0
CQR-OneSided,0.99,0p99,test,-1432.3492431640625,1159.930419921875,-1437.0,1155.0,6.777800559997559,20.25672721862793,0.23420333862304688,20.490930557250977,1.0
CQR-OneSided,0.99,0p99,test,-1431.4447021484375,1159.196533203125,-1437.0,1155.0,6.962199687957764,20.231298446655273,0.23420333862304688,20.46550178527832,1.0
CQR-OneSided,0.99,0p99,test,-1433.318359375,1160.7076416015625,-1437.0,1155.0,6.792028427124023,20.17268943786621,0.23420333862304688,20.406892776489258,1.0
CQR-OneSided,0.99,0p99,test,-1475.96533203125,1192.191650390625,-1437.0,1160.0,50.54304885864258,70.19973754882812,0.23420333862304688,70.43394470214844,1.0
CQR-OneSided,0.99,0p99,test,-1436.8924560546875,1163.6640625,-1437.0,1170.0,6.336850166320801,21.14740562438965,0.23420333862304688,21.381608963012695,1.0
CQR-OneSided,0.99,0p99,test,-1434.988037109375,1162.09619140625,-1437.0,1165.0,3.5327184200286865,20.721296310424805,0.23420333862304688,20.95549964904785,1.0
CQR-OneSided,0.99,0p99,test,-1432.54931640625,1160.07666015625,-1437.0,1155.0,6.7513747215271,20.043973922729492,0.23420333862304688,20.27817726135254,1.0
CQR-OneSided,0.99,0p99,test,-1434.784912109375,1161.9515380859375,-1437.0,1165.0,3.7682535648345947,20.98909568786621,0.23420333862304688,21.223299026489258,1.0
CQR-OneSided,0.99,0p99,test,-1431.558837890625,1159.3016357421875,-1437.0,1165.0,7.878933906555176,20.410608291625977,0.23420333862304688,20.644811630249023,1.0
CQR-OneSided,0.99,0p99,test,-1431.111572265625,1158.94921875,-1437.0,1165.0,8.443076133728027,20.561368942260742,0.23420333862304688,20.79557228088379,1.0
CQR-OneSided,0.99,0p99,test,-1427.6041259765625,1156.0916748046875,-1437.0,1155.0,9.459080696105957,20.24846649169922,0.23420333862304688,20.482669830322266,1.0
CQR-OneSided,0.99,0p99,test,-1431.271484375,1159.1201171875,-1437.0,1170.0,12.295842170715332,21.19700813293457,0.23420333862304688,21.431211471557617,1.0
CQR-OneSided,0.99,0p99,test,-1435.6741943359375,1162.6597900390625,-1437.0,1170.0,7.458983898162842,20.874752044677734,0.23420333862304688,21.10895538330078,1.0
CQR-OneSided,0.99,0p99,test,-1423.494140625,1152.8077392578125,-1437.0,1170.0,21.86280059814453,20.85748863220215,0.23420333862304688,21.091691970825195,0.0
CQR-OneSided,0.99,0p99,test,-1422.844482421875,1152.2354736328125,-1437.0,1155.0,14.422943115234375,20.169816970825195,0.23420333862304688,20.404020309448242,1.0
CQR-OneSided,0.99,0p99,test,-1426.5919189453125,1152.330810546875,-1437.0,1160.0,12.928442001342773,25.779827117919922,0.23420333862304688,26.01403045654297,1.0
CQR-OneSided,0.99,0p99,test,-1431.67529296875,1159.3797607421875,-1437.0,1155.0,6.894549369812012,20.17302703857422,0.23420333862304688,20.407230377197266,1.0
CQR-OneSided,0.99,0p99,test,-1429.5020751953125,1157.732421875,-1437.0,1170.0,14.377493858337402,21.831514358520508,0.23420333862304688,22.065717697143555,1.0
CQR-OneSided,0.99,0p99,test,-1438.580810546875,1165.028076171875,-1437.0,1165.0,1.5810598134994507,21.110151290893555,0.23420333862304688,21.3443546295166,1.0
CQR-OneSided,0.99,0p99,test,-1443.04052734375,1165.6104736328125,-1437.0,1160.0,8.244112014770508,22.149940490722656,0.23420333862304688,22.384143829345703,1.0
CQR-OneSided,0.99,0p99,test,-1443.260498046875,1168.7750244140625,-1437.0,1165.0,7.310584545135498,20.503738403320312,0.23420333862304688,20.73794174194336,1.0
CQR-OneSided,0.99,0p99,test,-1433.1126708984375,1160.5577392578125,-1437.0,1165.0,5.902966022491455,20.398855209350586,0.23420333862304688,20.633058547973633,1.0
CQR-OneSided,0.99,0p99,test,-1442.8895263671875,1165.4879150390625,-1437.0,1160.0,8.050076484680176,20.669878005981445,0.23420333862304688,20.904081344604492,1.0
CQR-OneSided,0.99,0p99,test,-1425.36962890625,1154.3388671875,-1437.0,1170.0,19.507347106933594,21.083951950073242,0.23420333862304688,21.31815528869629,1.0
CQR-OneSided,0.99,0p99,test,-1431.84521484375,1159.5501708984375,-1437.0,1165.0,7.501496315002441,20.636714935302734,0.23420333862304688,20.87091827392578,1.0
CQR-OneSided,0.99,0p99,test,-1404.443603515625,1134.4456787109375,-1437.0,1160.0,41.3877067565918,52.664085388183594,0.23420333862304688,52.89828872680664,1.0
CQR-OneSided,0.99,0p99,test,-1438.362548828125,1161.8358154296875,-1437.0,1160.0,2.286210298538208,16.32451629638672,0.23420333862304688,16.558719635009766,1.0
CQR-OneSided,0.99,0p99,test,-1440.5379638671875,1163.5914306640625,-1437.0,1160.0,5.041384696960449,15.237010955810547,0.23420333862304688,15.471214294433594,1.0
CQR-OneSided,0.99,0p99,test,-1427.9384765625,1156.423828125,-1437.0,1170.0,16.32248878479004,21.202022552490234,0.23420333862304688,21.43622589111328,1.0
CQR-OneSided,0.99,0p99,test,-1423.754638671875,1150.0386962890625,-1437.0,1160.0,16.57308578491211,28.705589294433594,0.23420333862304688,28.93979263305664,1.0
CQR-OneSided,0.99,0p99,test,-1440.71826171875,1166.8037109375,-1437.0,1170.0,4.9032368659973145,21.81404685974121,0.23420333862304688,22.048250198364258,1.0
CQR-OneSided,0.99,0p99,test,-1428.445068359375,1156.7664794921875,-1437.0,1155.0,8.735405921936035,20.1815128326416,0.23420333862304688,20.41571617126465,1.0
CQR-OneSided,0.99,0p99,test,-1436.381591796875,1163.2137451171875,-1437.0,1155.0,8.236991882324219,20.57008934020996,0.23420333862304688,20.804292678833008,1.0
CQR-OneSided,0.99,0p99,test,-1425.8525390625,1154.7154541015625,-1437.0,1170.0,18.917802810668945,20.863208770751953,0.23420333862304688,21.097412109375,1.0
CQR-OneSided,0.99,0p99,test,-1438.249267578125,1164.7120361328125,-1437.0,1165.0,1.282026767730713,20.380029678344727,0.23420333862304688,20.614233016967773,1.0
CQR-OneSided,0.99,0p99,test,-1431.4256591796875,1159.1787109375,-1437.0,1155.0,6.966699600219727,20.19584083557129,0.23420333862304688,20.430044174194336,1.0
CQR-OneSided,0.99,0p99,test,-1430.557373046875,1158.5233154296875,-1437.0,1170.0,13.161373138427734,20.897541046142578,0.23420333862304688,21.131744384765625,1.0
CQR-OneSided,0.99,0p99,test,-1441.720703125,1167.49462890625,-1437.0,1165.0,5.339308261871338,20.045528411865234,0.23420333862304688,20.27973175048828,1.0
CQR-OneSided,0.99,0p99,test,-1435.825439453125,1162.7408447265625,-1437.0,1165.0,2.5462472438812256,20.219865798950195,0.23420333862304688,20.454069137573242,1.0
CQR-OneSided,0.99,0p99,test,-1438.477294921875,1164.9852294921875,-1437.0,1170.0,5.227840900421143,21.716651916503906,0.23420333862304688,21.950855255126953,1.0
CQR-OneSided,0.99,0p99,test,-1431.84912109375,1159.539794921875,-1437.0,1155.0,6.8659515380859375,20.46247673034668,0.23420333862304688,20.696680068969727,1.0
CQR-OneSided,0.99,0p99,test,-1428.4608154296875,1156.810546875,-1437.0,1170.0,15.712394714355469,20.643993377685547,0.23420333862304688,20.878196716308594,1.0
CQR-OneSided,0.99,0p99,test,-1352.6156005859375,1092.6051025390625,-1437.0,1160.0,107.99443817138672,136.49830627441406,0.23420333862304688,136.73251342773438,1.0
CQR-OneSided,0.99,0p99,test,-1426.4639892578125,1155.1610107421875,-1437.0,1155.0,10.537240982055664,20.136167526245117,0.23420333862304688,20.370370864868164,1.0
CQR-OneSided,0.99,0p99,test,-1437.0472412109375,1163.744873046875,-1437.0,1165.0,1.256015658378601,20.47520637512207,0.23420333862304688,20.709409713745117,1.0
CQR-OneSided,0.99,0p99,test,-1440.4559326171875,1166.552001953125,-1437.0,1170.0,4.881819248199463,21.224031448364258,0.23420333862304688,21.458234786987305,1.0
CQR-OneSided,0.99,0p99,test,-1432.6602783203125,1160.2530517578125,-1437.0,1170.0,10.669404029846191,21.323362350463867,0.23420333862304688,21.557565689086914,1.0
CQR-OneSided,0.99,0p99,test,-1441.0048828125,1166.9625244140625,-1437.0,1165.0,4.45988655090332,20.6973819732666,0.23420333862304688,20.93158531188965,1.0
CQR-OneSided,0.99,0p99,test,-1430.544189453125,1158.468994140625,-1437.0,1155.0,7.3288068771362305,20.240488052368164,0.23420333862304688,20.47469139099121,1.0
CQR-OneSided,0.99,0p99,test,-1437.474853515625,1161.1170654296875,-1437.0,1160.0,1.2138043642044067,16.771625518798828,0.23420333862304688,17.005828857421875,1.0
CQR-OneSided,0.99,0p99,test,-1424.108642578125,1153.232666015625,-1437.0,1155.0,13.011940002441406,19.802339553833008,0.23420333862304688,20.036542892456055,1.0
CQR-OneSided,0.99,0p99,test,-1432.942138671875,1160.4248046875,-1437.0,1155.0,6.774566173553467,20.473974227905273,0.23420333862304688,20.70817756652832,1.0
CQR-OneSided,0.99,0p99,test,-1440.693115234375,1166.7244873046875,-1437.0,1165.0,4.075899600982666,20.919313430786133,0.23420333862304688,21.15351676940918,1.0
CQR-OneSided,0.99,0p99,test,-1431.18408203125,1159.01953125,-1437.0,1165.0,8.342116355895996,20.711198806762695,0.23420333862304688,20.945402145385742,1.0
CQR-OneSided,0.99,0p99,test,-1429.534423828125,1154.7059326171875,-1437.0,1160.0,9.152156829833984,20.581954956054688,0.23420333862304688,20.816158294677734,1.0
CQR-OneSided,0.99,0p99,test,-1435.5406494140625,1162.5042724609375,-1437.0,1155.0,7.64485502243042,20.15850257873535,0.23420333862304688,20.3927059173584,1.0
CQR-OneSided,0.99,0p99,test,-1433.52001953125,1160.873291015625,-1437.0,1165.0,5.398147106170654,20.199710845947266,0.23420333862304688,20.433914184570312,1.0
CQR-OneSided,0.99,0p99,test,-1430.524658203125,1158.4532470703125,-1437.0,1155.0,7.338594436645508,20.242942810058594,0.23420333862304688,20.47714614868164,1.0
CQR-OneSided,0.99,0p99,test,-1442.3253173828125,1165.03076171875,-1437.0,1160.0,7.325815200805664,21.930463790893555,0.23420333862304688,22.1646671295166,1.0
CQR-OneSided,0.99,0p99,test,-1422.908935546875,1149.3541259765625,-1437.0,1160.0,17.660484313964844,28.516664505004883,0.23420333862304688,28.75086784362793,1.0
CQR-OneSided,0.99,0p99,test,-1438.768310546875,1165.18994140625,-1437.0,1170.0,5.124801158905029,21.27219009399414,0.23420333862304688,21.506393432617188,1.0
CQR-OneSided,0.99,0p99,test,-1439.97607421875,1166.0885009765625,-1437.0,1165.0,3.1688880920410156,20.114850997924805,0.23420333862304688,20.34905433654785,1.0
CQR-OneSided,0.99,0p99,test,-1422.98779296875,1149.42236328125,-1437.0,1160.0,17.556432723999023,37.62639236450195,0.23420333862304688,37.860595703125,1.0
CQR-OneSided,0.99,0p99,test,-1435.105224609375,1162.1563720703125,-1437.0,1155.0,7.402961254119873,20.231122970581055,0.23420333862304688,20.4653263092041,1.0
CQR-OneSided,0.99,0p99,test,-1426.249755859375,1154.984619140625,-1437.0,1155.0,10.750255584716797,20.09236717224121,0.23420333862304688,20.326570510864258,1.0
CQR-OneSided,0.99,0p99,test,-1442.286865234375,1168.041015625,-1437.0,1170.0,5.638134956359863,21.350130081176758,0.23420333862304688,21.584333419799805,1.0
CQR-OneSided,0.99,0p99,test,-1430.144287109375,1158.1448974609375,-1437.0,1165.0,9.695011138916016,20.207311630249023,0.23420333862304688,20.44151496887207,1.0
CQR-OneSided,0.99,0p99,test,-1424.16357421875,1153.282470703125,-1437.0,1155.0,12.950819969177246,19.89676284790039,0.23420333862304688,20.130966186523438,1.0
CQR-OneSided,0.99,0p99,test,-1426.350341796875,1155.0771484375,-1437.0,1155.0,10.649937629699707,20.240154266357422,0.23420333862304688,20.47435760498047,1.0
CQR-OneSided,0.99,0p99,test,-1435.4720458984375,1162.4681396484375,-1437.0,1165.0,2.9571878910064697,20.40276527404785,0.23420333862304688,20.6369686126709,1.0
CQR-OneSided,0.99,0p99,test,-1438.177001953125,1164.65966796875,-1437.0,1165.0,1.2252180576324463,20.458560943603516,0.23420333862304688,20.692764282226562,1.0
CQR-OneSided,0.99,0p99,test,-1442.4510498046875,1168.1903076171875,-1437.0,1170.0,5.743598937988281,21.5897274017334,0.23420333862304688,21.823930740356445,1.0
CQR-OneSided,0.99,0p99,test,-1428.663330078125,1156.967529296875,-1437.0,1170.0,15.47079086303711,20.549013137817383,0.23420333862304688,20.78321647644043,1.0
CQR-OneSided,0.99,0p99,test,-1425.632080078125,1154.5416259765625,-1437.0,1170.0,19.18830108642578,20.963863372802734,0.23420333862304688,21.19806671142578,1.0
CQR-OneSided,0.99,0p99,test,-1432.5526123046875,1160.15869140625,-1437.0,1170.0,10.799565315246582,21.215085983276367,0.23420333862304688,21.449289321899414,1.0
CQR-OneSided,0.99,0p99,test,-1427.6722412109375,1156.138916015625,-1437.0,1155.0,9.397031784057617,20.146568298339844,0.23420333862304688,20.38077163696289,1.0
CQR-OneSided,0.99,0p99,test,-1426.4583740234375,1155.1766357421875,-1437.0,1155.0,10.543105125427246,20.41550636291504,0.23420333862304688,20.649709701538086,1.0
CQR-OneSided,0.99,0p99,test,-1423.25732421875,1152.6314697265625,-1437.0,1170.0,22.147844314575195,21.123647689819336,0.23420333862304688,21.357851028442383,0.0
CQR-OneSided,0.99,0p99,test,-1453.9981689453125,1174.4608154296875,-1437.0,1160.0,22.31709861755371,22.4129581451416,0.23420333862304688,22.64716148376465,1.0
CQR-OneSided,0.99,0p99,test,-1436.8212890625,1163.5577392578125,-1437.0,1165.0,1.453290581703186,20.390836715698242,0.23420333862304688,20.62504005432129,1.0
CQR-OneSided,0.99,0p99,test,-1442.97021484375,1168.54345703125,-1437.0,1165.0,6.94258975982666,20.56233024597168,0.23420333862304688,20.796533584594727,1.0
CQR-OneSided,0.99,0p99,test,-1429.433349609375,1157.571044921875,-1437.0,1155.0,7.991525173187256,20.25111198425293,0.23420333862304688,20.485315322875977,1.0
CQR-OneSided,0.99,0p99,test,-1429.2728271484375,1157.438720703125,-1437.0,1155.0,8.102873802185059,20.2167911529541,0.23420333862304688,20.45099449157715,1.0
CQR-OneSided,0.99,0p99,test,-1428.12646484375,1156.51318359375,-1437.0,1165.0,12.278667449951172,20.23759651184082,0.23420333862304688,20.471799850463867,1.0
CQR-OneSided,0.99,0p99,test,-1437.622802734375,1164.2120361328125,-1437.0,1165.0,1.0043755769729614,20.476869583129883,0.23420333862304688,20.71107292175293,1.0
CQR-OneSided,0.99,0p99,test,-1392.5552978515625,1124.8458251953125,-1437.0,1160.0,56.666988372802734,62.844234466552734,0.23420333862304688,63.07843780517578,1.0
CQR-OneSided,0.99,0p99,test,-1439.55615234375,1165.83154296875,-1437.0,1170.0,4.889780044555664,21.33439064025879,0.23420333862304688,21.568593978881836,1.0
CQR-OneSided,0.99,0p99,test,-1426.25341796875,1155.04541015625,-1437.0,1170.0,18.415449142456055,20.973295211791992,0.23420333862304688,21.20749855041504,1.0
CQR-OneSided,0.99,0p99,test,-1430.540771484375,1158.4598388671875,-1437.0,1155.0,7.32749080657959,20.16239356994629,0.23420333862304688,20.396596908569336,1.0
CQR-OneSided,0.99,0p99,test,-1454.0062255859375,1174.4619140625,-1437.0,1160.0,22.32394790649414,34.88713455200195,0.23420333862304688,35.121337890625,1.0
CQR-OneSided,0.99,0p99,test,-1430.579345703125,1158.498779296875,-1437.0,1155.0,7.3120622634887695,20.262718200683594,0.23420333862304688,20.49692153930664,1.0
CQR-OneSided,0.99,0p99,test,-1441.6031494140625,1167.506591796875,-1437.0,1170.0,5.235080718994141,21.597177505493164,0.23420333862304688,21.83138084411621,1.0
CQR-OneSided,0.99,0p99,test,-1433.7755126953125,1161.124755859375,-1437.0,1170.0,9.442842483520508,20.872787475585938,0.23420333862304688,21.106990814208984,1.0
CQR-OneSided,0.99,0p99,test,-1421.4451904296875,1151.0968017578125,-1437.0,1155.0,16.03705406188965,20.06679916381836,0.23420333862304688,20.301002502441406,1.0
CQR-OneSided,0.99,0p99,test,-1438.18994140625,1161.6922607421875,-1437.0,1160.0,2.0687453746795654,14.89663028717041,0.23420333862304688,15.130833625793457,1.0
CQR-OneSided,0.99,0p99,test,-1424.6932373046875,1153.7960205078125,-1437.0,1170.0,20.347612380981445,21.176305770874023,0.23420333862304688,21.41050910949707,1.0
CQR-OneSided,0.99,0p99,test,-1449.1771240234375,1173.6221923828125,-1437.0,1165.0,14.920607566833496,21.3877010345459,0.23420333862304688,21.621904373168945,1.0
CQR-OneSided,0.99,0p99,test,-1416.4931640625,1144.1732177734375,-1437.0,1160.0,25.904003143310547,32.5615234375,0.23420333862304688,32.79572677612305,1.0
CQR-OneSided,0.99,0p99,test,-1435.0238037109375,1159.1405029296875,-1437.0,1160.0,2.1550142765045166,21.150312423706055,0.23420333862304688,21.3845157623291,1.0
CQR-OneSided,0.99,0p99,test,-1433.638916015625,1161.0252685546875,-1437.0,1170.0,9.58345890045166,21.03217887878418,0.23420333862304688,21.266382217407227,1.0
CQR-OneSided,0.99,0p99,test,-1436.327880859375,1163.1829833984375,-1437.0,1170.0,6.850069999694824,20.7840518951416,0.23420333862304688,21.01825523376465,1.0
CQR-OneSided,0.99,0p99,test,-1427.605224609375,1156.0894775390625,-1437.0,1155.0,9.457735061645508,20.20517349243164,0.23420333862304688,20.439376831054688,1.0
CQR-OneSided,0.99,0p99,test,-1428.1966552734375,1156.60693359375,-1437.0,1170.0,16.02726173400879,20.812219619750977,0.23420333862304688,21.046422958374023,1.0
CQR-OneSided,0.99,0p99,test,-1430.27001953125,1155.3031005859375,-1437.0,1160.0,8.206917762756348,27.05455780029297,0.23420333862304688,27.288761138916016,1.0
CQR-OneSided,0.99,0p99,test,-1427.944580078125,1153.4208984375,-1437.0,1160.0,11.193087577819824,25.40736198425293,0.23420333862304688,25.641565322875977,1.0
CQR-OneSided,0.99,0p99,test,-1429.419189453125,1157.564697265625,-1437.0,1155.0,8.002897262573242,20.323904037475586,0.23420333862304688,20.558107376098633,1.0
CQR-OneSided,0.99,0p99,test,-1435.924072265625,1162.8460693359375,-1437.0,1155.0,7.919496536254883,20.614282608032227,0.23420333862304688,20.848485946655273,1.0
CQR-OneSided,0.99,0p99,test,-1428.830078125,1157.1270751953125,-1437.0,1170.0,15.24663257598877,20.92806053161621,0.23420333862304688,21.162263870239258,1.0
CQR-OneSided,0.99,0p99,test,-1437.603515625,1164.2877197265625,-1437.0,1170.0,5.744073390960693,21.856298446655273,0.23420333862304688,22.09050178527832,1.0
CQR-OneSided,0.99,0p99,test,-1429.919189453125,1158.029541015625,-1437.0,1170.0,13.907902717590332,21.243358612060547,0.23420333862304688,21.477561950683594,1.0
CQR-OneSided,0.99,0p99,test,-1436.8720703125,1163.694091796875,-1437.0,1170.0,6.307205677032471,21.843303680419922,0.23420333862304688,22.07750701904297,1.0
CQR-OneSided,0.99,0p99,test,-1385.6026611328125,1119.2320556640625,-1437.0,1160.0,65.6026840209961,73.82994842529297,0.23420333862304688,74.06414794921875,1.0
CQR-OneSided,0.99,0p99,test,-1422.1767578125,1151.6839599609375,-1437.0,1155.0,15.18962287902832,20.004552841186523,0.23420333862304688,20.23875617980957,1.0
CQR-OneSided,0.99,0p99,test,-1441.64306640625,1167.5220947265625,-1437.0,1170.0,5.262896537780762,21.372257232666016,0.23420333862304688,21.606460571289062,1.0
CQR-OneSided,0.99,0p99,test,-1415.2969970703125,1143.207763671875,-1437.0,1160.0,27.44083595275879,40.08189010620117,0.23420333862304688,40.31609344482422,1.0
CQR-OneSided,0.99,0p99,test,-1438.1788330078125,1164.6998291015625,-1437.0,1165.0,1.2164496183395386,21.030092239379883,0.23420333862304688,21.26429557800293,1.0
CQR-OneSided,0.99,0p99,test,-1428.7698974609375,1157.0501708984375,-1437.0,1155.0,8.48161506652832,20.4788818359375,0.23420333862304688,20.713085174560547,1.0
CQR-OneSided,0.99,0p99,test,-1433.38427734375,1160.7708740234375,-1437.0,1155.0,6.810024738311768,20.305505752563477,0.23420333862304688,20.539709091186523,1.0
CQR-OneSided,0.99,0p99,test,-1432.416259765625,1159.9840087890625,-1437.0,1155.0,6.771337985992432,20.253337860107422,0.23420333862304688,20.48754119873047,1.0
CQR-OneSided,0.99,0p99,test,-1422.644775390625,1152.086181640625,-1437.0,1165.0,19.309043884277344,20.31355094909668,0.23420333862304688,20.547754287719727,1.0
CQR-OneSided,0.99,0p99,test,-1426.4498291015625,1152.2169189453125,-1437.0,1160.0,13.110395431518555,30.323726654052734,0.23420333862304688,30.55792999267578,1.0
CQR-OneSided,0.99,0p99,test,-1425.119140625,1154.081298828125,-1437.0,1155.0,11.916325569152832,20.23101806640625,0.23420333862304688,20.465221405029297,1.0
CQR-OneSided,0.99,0p99,test,-1436.043701171875,1162.953369140625,-1437.0,1170.0,7.11122465133667,20.787353515625,0.23420333862304688,21.021556854248047,1.0
CQR-OneSided,0.99,0p99,test,-1447.400146484375,1169.1324462890625,-1437.0,1160.0,13.840686798095703,16.827354431152344,0.23420333862304688,17.06155776977539,1.0
CQR-OneSided,0.99,0p99,test,-1414.528564453125,1142.58984375,-1437.0,1160.0,28.426729202270508,43.70354080200195,0.23420333862304688,43.937744140625,1.0
CQR-OneSided,0.99,0p99,test,-1432.10107421875,1156.7803955078125,-1437.0,1160.0,5.862194538116455,21.927671432495117,0.23420333862304688,22.161874771118164,1.0
CQR-OneSided,0.99,0p99,test,-1443.4000244140625,1168.959228515625,-1437.0,1170.0,6.484097480773926,21.617094039916992,0.23420333862304688,21.85129737854004,1.0
CQR-OneSided,0.99,0p99,test,-1427.3916015625,1155.91748046875,-1437.0,1155.0,9.652103424072266,20.214136123657227,0.23420333862304688,20.448339462280273,1.0
CQR-OneSided,0.99,0p99,test,-1429.075439453125,1157.3394775390625,-1437.0,1170.0,14.936113357543945,21.15675926208496,0.23420333862304688,21.390962600708008,1.0
CQR-OneSided,0.99,0p99,test,-1439.15869140625,1165.4571533203125,-1437.0,1165.0,2.20656681060791,20.514131546020508,0.23420333862304688,20.748334884643555,1.0
CQR-OneSided,0.99,0p99,test,-1431.994873046875,1159.672607421875,-1437.0,1165.0,7.309747219085693,20.659196853637695,0.23420333862304688,20.893400192260742,1.0
CQR-OneSided,0.99,0p99,test,-1431.4632568359375,1159.278076171875,-1437.0,1170.0,12.067111015319824,21.244733810424805,0.23420333862304688,21.47893714904785,1.0
CQR-OneSided,0.99,0p99,test,-1434.0341796875,1161.3048095703125,-1437.0,1155.0,6.967547416687012,20.420930862426758,0.23420333862304688,20.655134201049805,1.0
CQR-OneSided,0.99,0p99,test,-1405.28955078125,1135.1300048828125,-1437.0,1160.0,40.29974365234375,53.14878463745117,0.23420333862304688,53.38298797607422,1.0
CQR-OneSided,0.99,0p99,test,-1449.552001953125,1170.8697509765625,-1437.0,1160.0,16.60434341430664,20.604450225830078,0.23420333862304688,20.838653564453125,1.0
CQR-OneSided,0.99,0p99,test,-1426.074951171875,1154.8565673828125,-1437.0,1155.0,10.925990104675293,20.266775131225586,0.23420333862304688,20.500978469848633,1.0
CQR-OneSided,0.99,0p99,test,-1441.44384765625,1167.333251953125,-1437.0,1155.0,13.109419822692871,20.93202018737793,0.23420333862304688,21.166223526000977,1.0
CQR-OneSided,0.99,0p99,test,-1443.85986328125,1169.27734375,-1437.0,1160.0,11.538060188293457,20.814743041992188,0.23420333862304688,21.048946380615234,1.0
CQR-OneSided,0.99,0p99,test,-1429.1942138671875,1157.3802490234375,-1437.0,1155.0,8.160630226135254,20.278823852539062,0.23420333862304688,20.51302719116211,1.0
CQR-OneSided,0.99,0p99,test,-1425.966796875,1154.8099365234375,-1437.0,1170.0,18.774173736572266,20.916597366333008,0.23420333862304688,21.150800704956055,1.0
CQR-OneSided,0.99,0p99,test,-1436.342529296875,1163.1663818359375,-1437.0,1165.0,1.9479279518127441,20.329771041870117,0.23420333862304688,20.563974380493164,1.0
CQR-OneSided,0.99,0p99,test,-1400.728759765625,1131.44677734375,-1437.0,1160.0,46.161556243896484,59.089542388916016,0.23420333862304688,59.32374572753906,1.0
CQR-OneSided,0.99,0p99,test,-1445.452392578125,1170.5648193359375,-1437.0,1165.0,10.119790077209473,20.742828369140625,0.23420333862304688,20.977031707763672,1.0
CQR-OneSided,0.99,0p99,test,-1426.679443359375,1152.402099609375,-1437.0,1160.0,12.815692901611328,32.908447265625,0.23420333862304688,33.14265060424805,1.0
CQR-OneSided,0.99,0p99,test,-1423.2808837890625,1152.552734375,-1437.0,1165.0,18.524269104003906,19.669797897338867,0.23420333862304688,19.904001235961914,1.0
CQR-OneSided,0.99,0p99,test,-1419.95263671875,1149.8848876953125,-1437.0,1155.0,17.798229217529297,19.992965698242188,0.23420333862304688,20.227169036865234,1.0
CQR-OneSided,0.99,0p99,test,-1428.3619384765625,1156.7008056640625,-1437.0,1155.0,8.803910255432129,20.194561004638672,0.23420333862304688,20.42876434326172,1.0
CQR-OneSided,0.99,0p99,test,-1443.070068359375,1168.706298828125,-1437.0,1170.0,6.206399440765381,21.813650131225586,0.23420333862304688,22.047853469848633,1.0
CQR-OneSided,0.99,0p99,test,-1427.616943359375,1156.17529296875,-1437.0,1170.0,16.708209991455078,21.3647403717041,0.23420333862304688,21.59894371032715,1.0
CQR-OneSided,0.99,0p99,test,-1443.0035400390625,1165.5809326171875,-1437.0,1160.0,8.196907997131348,14.826521873474121,0.23420333862304688,15.060725212097168,1.0
CQR-OneSided,0.99,0p99,test,-1442.744873046875,1168.41455078125,-1437.0,1170.0,5.959632396697998,21.376018524169922,0.23420333862304688,21.61022186279297,1.0
CQR-OneSided,0.99,0p99,test,-1433.409423828125,1160.8250732421875,-1437.0,1165.0,5.506564140319824,20.79400634765625,0.23420333862304688,21.028209686279297,1.0
CQR-OneSided,0.99,0p99,test,-1432.1461181640625,1156.8135986328125,-1437.0,1160.0,5.806317329406738,15.89187240600586,0.23420333862304688,16.126075744628906,1.0
CQR-OneSided,0.99,0p99,test,-1438.6884765625,1165.1612548828125,-1437.0,1170.0,5.124881267547607,21.79884147644043,0.23420333862304688,22.033044815063477,1.0
CQR-OneSided,0.99,0p99,test,-1434.0836181640625,1161.309814453125,-1437.0,1165.0,4.7034831047058105,19.949459075927734,0.23420333862304688,20.18366241455078,1.0
CQR-OneSided,0.99,0p99,test,-1433.2135009765625,1157.676025390625,-1437.0,1160.0,4.442795753479004,17.955059051513672,0.23420333862304688,18.18926239013672,1.0
CQR-OneSided,0.99,0p99,test,-1428.185302734375,1156.5814208984375,-1437.0,1170.0,16.05481719970703,20.56871795654297,0.23420333862304688,20.802921295166016,1.0
CQR-OneSided,0.99,0p99,test,-1437.86328125,1164.4449462890625,-1437.0,1170.0,5.621732711791992,21.069746017456055,0.23420333862304688,21.3039493560791,1.0
CQR-OneSided,0.99,0p99,test,-1425.1851806640625,1154.1226806640625,-1437.0,1155.0,11.847347259521484,20.077131271362305,0.23420333862304688,20.31133460998535,1.0
CQR-OneSided,0.99,0p99,test,-1440.08203125,1166.28125,-1437.0,1170.0,4.829908847808838,21.717927932739258,0.23420333862304688,21.952131271362305,1.0
CQR-OneSided,0.99,0p99,test,-1431.902099609375,1159.572509765625,-1437.0,1155.0,6.848097324371338,20.312528610229492,0.23420333862304688,20.54673194885254,1.0
CQR-OneSided,0.99,0p99,test,-1443.75439453125,1166.1893310546875,-1437.0,1160.0,9.1613130569458,14.57280158996582,0.23420333862304688,14.807004928588867,1.0
CQR-OneSided,0.99,0p99,test,-1433.744140625,1161.1199951171875,-1437.0,1170.0,9.458070755004883,21.184892654418945,0.23420333862304688,21.419095993041992,1.0
CQR-OneSided,0.99,0p99,test,-1428.4207763671875,1156.809326171875,-1437.0,1170.0,15.735214233398438,21.13944435119629,0.23420333862304688,21.373647689819336,1.0
CQR-OneSided,0.99,0p99,test,-1442.18115234375,1167.9105224609375,-1437.0,1165.0,5.94268274307251,20.65553855895996,0.23420333862304688,20.889741897583008,1.0
CQR-OneSided,0.99,0p99,test,-1434.4610595703125,1158.6832275390625,-1437.0,1160.0,2.86008882522583,16.15043830871582,0.23420333862304688,16.384641647338867,1.0
CQR-OneSided,0.99,0p99,test,-1430.0648193359375,1158.0859375,-1437.0,1155.0,7.590766906738281,20.30341148376465,0.23420333862304688,20.537614822387695,1.0
CQR-OneSided,0.99,0p99,test,-1429.2353515625,1157.42724609375,-1437.0,1155.0,8.135188102722168,20.480850219726562,0.23420333862304688,20.71505355834961,1.0
CQR-OneSided,0.99,0p99,test,-1437.1402587890625,1163.842529296875,-1437.0,1165.0,1.1659377813339233,20.778135299682617,0.23420333862304688,21.012338638305664,1.0
CQR-OneSided,0.99,0p99,test,-1429.951171875,1158.0010986328125,-1437.0,1155.0,7.661107540130615,20.412729263305664,0.23420333862304688,20.64693260192871,1.0
CQR-OneSided,0.99,0p99,test,-1436.3486328125,1163.1845703125,-1437.0,1165.0,1.9287468194961548,20.50910758972168,0.23420333862304688,20.743310928344727,1.0
CQR-OneSided,0.99,0p99,test,-1434.673828125,1161.8194580078125,-1437.0,1155.0,7.205281734466553,20.38551139831543,0.23420333862304688,20.619714736938477,1.0
CQR-OneSided,0.99,0p99,test,-1430.504638671875,1155.4910888671875,-1437.0,1160.0,7.906959056854248,24.728641510009766,0.23420333862304688,24.962844848632812,1.0
CQR-OneSided,0.99,0p99,test,-1435.7586669921875,1162.7342529296875,-1437.0,1165.0,2.5835087299346924,20.90312385559082,0.23420333862304688,21.137327194213867,1.0
CQR-OneSided,0.99,0p99,test,-1435.5537109375,1162.58544921875,-1437.0,1170.0,7.554291248321533,21.189111709594727,0.23420333862304688,21.423315048217773,1.0
CQR-OneSided,0.99,0p99,test,-1443.54248046875,1169.0250244140625,-1437.0,1165.0,7.68146276473999,20.83497428894043,0.23420333862304688,21.069177627563477,1.0
CQR-OneSided,0.99,0p99,test,-1433.234375,1160.7115478515625,-1437.0,1170.0,10.022737503051758,21.24738121032715,0.23420333862304688,21.481584548950195,1.0
CQR-OneSided,0.99,0p99,test,-1431.1136474609375,1158.9278564453125,-1437.0,1155.0,7.07652473449707,20.21028709411621,0.23420333862304688,20.444490432739258,1.0
CQR-OneSided,0.99,0p99,test,-1428.26123046875,1153.6768798828125,-1437.0,1160.0,10.786470413208008,21.534595489501953,0.23420333862304688,21.768798828125,1.0
CQR-OneSided,0.99,0p99,test,-1449.930419921875,1171.1737060546875,-1437.0,1160.0,17.08939552307129,26.5770263671875,0.23420333862304688,26.811229705810547,1.0
CQR-OneSided,0.99,0p99,test,-1434.4443359375,1161.6517333984375,-1437.0,1165.0,4.212162017822266,20.62977409362793,0.23420333862304688,20.863977432250977,1.0
CQR-OneSided,0.99,0p99,test,-1427.84033203125,1153.3380126953125,-1437.0,1160.0,11.326147079467773,25.373882293701172,0.23420333862304688,25.60808563232422,1.0
CQR-OneSided,0.99,0p99,test,-1435.91162109375,1162.8472900390625,-1437.0,1155.0,7.9224066734313965,20.77178955078125,0.23420333862304688,21.005992889404297,1.0
CQR-OneSided,0.99,0p99,test,-1440.6474609375,1166.6734619140625,-1437.0,1155.0,12.230031967163086,20.7094669342041,0.23420333862304688,20.94367027282715,1.0
CQR-OneSided,0.99,0p99,test,-1421.8316650390625,1148.4866943359375,-1437.0,1160.0,19.042966842651367,32.765193939208984,0.23420333862304688,32.99939727783203,1.0
CQR-OneSided,0.99,0p99,test,-1430.74072265625,1158.631591796875,-1437.0,1165.0,8.929455757141113,20.280607223510742,0.23420333862304688,20.51481056213379,1.0
CQR-OneSided,0.99,0p99,test,-1431.2198486328125,1159.0211181640625,-1437.0,1155.0,7.041274070739746,20.316173553466797,0.23420333862304688,20.550376892089844,1.0
CQR-OneSided,0.99,0p99,test,-1431.0172119140625,1158.8502197265625,-1437.0,1155.0,7.11462926864624,20.230390548706055,0.23420333862304688,20.4645938873291,1.0
CQR-OneSided,0.99,0p99,test,-1438.49951171875,1165.020751953125,-1437.0,1170.0,5.200139045715332,21.990957260131836,0.23420333862304688,22.225160598754883,1.0
CQR-OneSided,0.99,0p99,test,-1440.7164306640625,1166.7904052734375,-1437.0,1170.0,4.9105353355407715,21.602293014526367,0.23420333862304688,21.836496353149414,1.0
CQR-OneSided,0.99,0p99,test,-1428.850830078125,1157.1729736328125,-1437.0,1170.0,15.196762084960938,21.38481330871582,0.23420333862304688,21.619016647338867,1.0
CQR-OneSided,0.99,0p99,test,-1432.211181640625,1159.829833984375,-1437.0,1165.0,7.047226428985596,20.41362953186035,0.23420333862304688,20.6478328704834,1.0
CQR-OneSided,0.99,0p99,test,-1437.186279296875,1163.8460693359375,-1437.0,1165.0,1.1688694953918457,20.283599853515625,0.23420333862304688,20.517803192138672,1.0
CQR-OneSided,0.99,0p99,test,-1433.2122802734375,1160.619140625,-1437.0,1155.0,6.77654504776001,20.131071090698242,0.23420333862304688,20.36527442932129,1.0
CQR-OneSided,0.99,0p99,test,-1414.3076171875,1142.4119873046875,-1437.0,1160.0,28.71031951904297,45.675479888916016,0.23420333862304688,45.90968322753906,1.0
CQR-OneSided,0.99,0p99,test,-1432.812255859375,1160.3231201171875,-1437.0,1165.0,6.27777099609375,20.515180587768555,0.23420333862304688,20.7493839263916,1.0
CQR-OneSided,0.99,0p99,test,-1446.9193115234375,1171.735595703125,-1437.0,1165.0,11.990036964416504,20.519702911376953,0.23420333862304688,20.75390625,1.0
CQR-OneSided,0.99,0p99,test,-1405.2568359375,1138.2342529296875,-1437.0,1165.0,41.521484375,44.57625198364258,0.23420333862304688,44.810455322265625,1.0
CQR-OneSided,0.99,0p99,test,-1420.1861572265625,1147.1573486328125,-1437.0,1160.0,21.157482147216797,32.983516693115234,0.23420333862304688,33.21772003173828,1.0
CQR-OneSided,0.99,0p99,test,-1439.498779296875,1165.8316650390625,-1437.0,1170.0,4.85992956161499,22.021055221557617,0.23420333862304688,22.255258560180664,1.0
CQR-OneSided,0.99,0p99,test,-1431.1900634765625,1159.0096435546875,-1437.0,1155.0,7.059221267700195,20.50577735900879,0.23420333862304688,20.739980697631836,1.0
CQR-OneSided,0.99,0p99,test,-1432.705810546875,1160.2320556640625,-1437.0,1165.0,6.416646480560303,20.437471389770508,0.23420333862304688,20.671674728393555,1.0
CQR-OneSided,0.99,0p99,test,-1446.838623046875,1168.6776123046875,-1437.0,1160.0,13.118668556213379,20.692317962646484,0.23420333862304688,20.92652130126953,1.0
CQR-OneSided,0.99,0p99,test,-1436.4879150390625,1163.3358154296875,-1437.0,1165.0,1.7411895990371704,21.070100784301758,0.23420333862304688,21.304304122924805,1.0
CQR-OneSided,0.99,0p99,test,-1437.448486328125,1164.0821533203125,-1437.0,1155.0,9.093219757080078,20.64889907836914,0.23420333862304688,20.883102416992188,1.0
CQR-OneSided,0.99,0p99,test,-1434.7034912109375,1161.9071044921875,-1437.0,1170.0,8.412425994873047,21.340410232543945,0.23420333862304688,21.574613571166992,1.0
CQR-OneSided,0.99,0p99,test,-1435.078857421875,1162.1956787109375,-1437.0,1170.0,8.037302017211914,21.114633560180664,0.23420333862304688,21.34883689880371,1.0
CQR-OneSided,0.99,0p99,test,-1425.38671875,1154.28857421875,-1437.0,1155.0,11.635051727294922,20.11229705810547,0.23420333862304688,20.346500396728516,1.0
CQR-OneSided,0.99,0p99,test,-1442.7681884765625,1168.3709716796875,-1437.0,1165.0,6.680976390838623,20.430391311645508,0.23420333862304688,20.664594650268555,1.0
CQR-OneSided,0.99,0p99,test,-1435.6214599609375,1162.641357421875,-1437.0,1170.0,7.486654281616211,21.217390060424805,0.23420333862304688,21.45159339904785,1.0
CQR-OneSided,0.99,0p99,test,-1435.04833984375,1162.148193359375,-1437.0,1155.0,7.409834384918213,20.761146545410156,0.23420333862304688,20.995349884033203,1.0
CQR-OneSided,0.99,0p99,test,-1431.5399169921875,1159.2860107421875,-1437.0,1155.0,6.941354274749756,20.40208625793457,0.23420333862304688,20.636289596557617,1.0
CQR-OneSided,0.99,0p99,test,-1425.8809814453125,1154.7039794921875,-1437.0,1155.0,11.122958183288574,20.33955192565918,0.23420333862304688,20.573755264282227,1.0
CQR-OneSided,0.99,0p99,test,-1418.8082275390625,1148.945068359375,-1437.0,1155.0,19.172969818115234,19.80630111694336,0.23420333862304688,20.040504455566406,1.0
CQR-OneSided,0.99,0p99,test,-1429.403076171875,1157.5498046875,-1437.0,1155.0,8.013411521911621,20.294153213500977,0.23420333862304688,20.528356552124023,1.0
CQR-OneSided,0.99,0p99,test,-1425.4713134765625,1154.3634033203125,-1437.0,1155.0,11.546249389648438,20.203649520874023,0.23420333862304688,20.43785285949707,1.0
CQR-OneSided,0.99,0p99,test,-1430.29736328125,1158.2686767578125,-1437.0,1155.0,7.457183837890625,20.237548828125,0.23420333862304688,20.471752166748047,1.0
CQR-OneSided,0.99,0p99,test,-1421.6817626953125,1151.28955078125,-1437.0,1160.0,17.6215877532959,20.130571365356445,0.23420333862304688,20.364774703979492,1.0
CQR-OneSided,0.99,0p99,test,-1435.4171142578125,1162.4130859375,-1437.0,1165.0,3.0327630043029785,20.281023025512695,0.23420333862304688,20.515226364135742,1.0
CQR-OneSided,0.99,0p99,test,-1427.21484375,1155.8365478515625,-1437.0,1170.0,17.21489715576172,21.183547973632812,0.23420333862304688,21.41775131225586,1.0
CQR-OneSided,0.99,0p99,test,-1446.517333984375,1171.466064453125,-1437.0,1170.0,9.629589080810547,21.374876022338867,0.23420333862304688,21.609079360961914,1.0
CQR-OneSided,0.99,0p99,test,-1440.67578125,1166.7535400390625,-1437.0,1170.0,4.904168605804443,21.577741622924805,0.23420333862304688,21.81194496154785,1.0
CQR-OneSided,0.99,0p99,test,-1432.614501953125,1160.1927490234375,-1437.0,1170.0,10.743125915527344,20.98708152770996,0.23420333862304688,21.221284866333008,1.0
CQR-OneSided,0.99,0p99,test,-1445.2216796875,1170.3660888671875,-1437.0,1165.0,9.817888259887695,20.570356369018555,0.23420333862304688,20.8045597076416,1.0
CQR-OneSided,0.99,0p99,test,-1412.21630859375,1140.7230224609375,-1437.0,1160.0,31.397981643676758,44.7780647277832,0.23420333862304688,45.01226806640625,1.0
CQR-OneSided,0.99,0p99,test,-1436.7708740234375,1163.5103759765625,-1437.0,1165.0,1.5071425437927246,20.31028175354004,0.23420333862304688,20.544485092163086,1.0
CQR-OneSided,0.99,0p99,test,-1443.43603515625,1168.8978271484375,-1437.0,1165.0,7.52433443069458,20.270179748535156,0.23420333862304688,20.504383087158203,1.0
CQR-OneSided,0.99,0p99,test,-1479.5306396484375,1195.0743408203125,-1437.0,1160.0,55.12771224975586,65.29903411865234,0.23420333862304688,65.53323364257812,1.0
CQR-OneSided,0.99,0p99,test,-1431.050537109375,1158.8822021484375,-1437.0,1155.0,7.104055404663086,20.290529251098633,0.23420333862304688,20.52473258972168,1.0
CQR-OneSided,0.99,0p99,test,-1429.969970703125,1157.998291015625,-1437.0,1155.0,7.6427130699157715,20.144115447998047,0.23420333862304688,20.378318786621094,1.0
CQR-OneSided,0.99,0p99,test,-1428.8734130859375,1157.1390380859375,-1437.0,1155.0,8.403386116027832,20.56734275817871,0.23420333862304688,20.801546096801758,1.0
CQR-OneSided,0.99,0p99,test,-1434.124755859375,1161.4031982421875,-1437.0,1170.0,9.064878463745117,20.81623649597168,0.23420333862304688,21.050439834594727,1.0
CQR-OneSided,0.99,0p99,test,-1429.8560791015625,1157.9097900390625,-1437.0,1155.0,7.713785171508789,20.19211196899414,0.23420333862304688,20.426315307617188,1.0
CQR-OneSided,0.99,0p99,test,-1428.2305908203125,1156.664794921875,-1437.0,1170.0,15.960269927978516,21.283395767211914,0.23420333862304688,21.51759910583496,1.0
CQR-OneSided,0.99,0p99,test,-1430.892578125,1158.7509765625,-1437.0,1155.0,7.167316436767578,20.241056442260742,0.23420333862304688,20.47525978088379,1.0
CQR-OneSided,0.99,0p99,test,-1428.520263671875,1156.8382568359375,-1437.0,1155.0,8.6766996383667,20.331432342529297,0.23420333862304688,20.565635681152344,1.0
CQR-OneSided,0.99,0p99,test,-1426.120361328125,1154.891357421875,-1437.0,1155.0,10.880181312561035,20.246152877807617,0.23420333862304688,20.480356216430664,1.0
CQR-OneSided,0.99,0p99,test,-1429.3203125,1157.485595703125,-1437.0,1155.0,8.071913719177246,20.335195541381836,0.23420333862304688,20.569398880004883,1.0
CQR-OneSided,0.99,0p99,test,-1414.34375,1142.4395751953125,-1437.0,1160.0,28.664859771728516,37.95851516723633,0.23420333862304688,38.192718505859375,1.0
CQR-OneSided,0.99,0p99,test,-1431.45263671875,1159.2493896484375,-1437.0,1170.0,12.09747314453125,20.939908981323242,0.23420333862304688,21.17411231994629,1.0
CQR-OneSided,0.99,0p99,test,-1434.51220703125,1161.687744140625,-1437.0,1155.0,7.135477066040039,20.37835121154785,0.23420333862304688,20.6125545501709,1.0
CQR-OneSided,0.99,0p99,test,-1437.3785400390625,1161.0372314453125,-1437.0,1160.0,1.1041474342346191,15.333073616027832,0.23420333862304688,15.567276954650879,1.0
CQR-OneSided,0.99,0p99,test,-1430.7393798828125,1158.681640625,-1437.0,1170.0,12.934473991394043,21.07132339477539,0.23420333862304688,21.305526733398438,1.0
CQR-OneSided,0.99,0p99,test,-1439.644775390625,1165.921630859375,-1437.0,1170.0,4.860857009887695,21.595287322998047,0.23420333862304688,21.829490661621094,1.0
CQR-OneSided,0.99,0p99,test,-1429.93359375,1157.970947265625,-1437.0,1155.0,7.665547847747803,20.186161041259766,0.23420333862304688,20.420364379882812,1.0
CQR-OneSided,0.99,0p99,test,-1425.99267578125,1154.7803955078125,-1437.0,1155.0,11.009514808654785,20.138643264770508,0.23420333862304688,20.372846603393555,1.0
CQR-OneSided,0.99,0p99,test,-1435.88330078125,1162.82373046875,-1437.0,1155.0,7.9030232429504395,20.767976760864258,0.23420333862304688,21.002180099487305,1.0
CQR-OneSided,0.99,0p99,test,-1447.982177734375,1169.603515625,-1437.0,1160.0,14.58889102935791,14.452775955200195,0.23420333862304688,14.686979293823242,1.0
CQR-OneSided,0.99,0p99,test,-1427.3651123046875,1152.95556640625,-1437.0,1160.0,11.935456275939941,26.175140380859375,0.23420333862304688,26.409343719482422,1.0
CQR-OneSided,0.99,0p99,test,-1432.193115234375,1159.8101806640625,-1437.0,1165.0,7.0739216804504395,20.329275131225586,0.23420333862304688,20.563478469848633,1.0
CQR-OneSided,0.99,0p99,test,-1442.044677734375,1167.8525390625,-1437.0,1170.0,5.482733249664307,21.447616577148438,0.23420333862304688,21.681819915771484,1.0
CQR-OneSided,0.99,0p99,test,-1448.3349609375,1169.8839111328125,-1437.0,1160.0,15.039050102233887,25.662487030029297,0.23420333862304688,25.896690368652344,1.0
CQR-OneSided,0.99,0p99,test,-1427.48974609375,1156.0478515625,-1437.0,1170.0,16.885122299194336,21.00214385986328,0.23420333862304688,21.236347198486328,1.0
CQR-OneSided,0.99,0p99,test,-1430.9697265625,1158.8172607421875,-1437.0,1165.0,8.636576652526855,20.278242111206055,0.23420333862304688,20.5124454498291,1.0
CQR-OneSided,0.99,0p99,test,-1425.3612060546875,1154.33154296875,-1437.0,1170.0,19.51824951171875,21.102479934692383,0.23420333862304688,21.33668327331543,1.0
CQR-OneSided,0.99,0p99,test,-1437.535888671875,1164.2154541015625,-1437.0,1170.0,5.8093156814575195,21.593801498413086,0.23420333862304688,21.828004837036133,1.0
CQR-OneSided,0.99,0p99,test,-1435.52294921875,1159.5406494140625,-1437.0,1160.0,1.5468297004699707,16.381324768066406,0.23420333862304688,16.615528106689453,1.0
CQR-OneSided,0.99,0p99,test,-1448.7718505859375,1170.239501953125,-1437.0,1160.0,15.602046966552734,19.916683197021484,0.23420333862304688,20.15088653564453,1.0
CQR-OneSided,0.99,0p99,test,-1441.615234375,1167.522216796875,-1437.0,1170.0,5.2383012771606445,21.704984664916992,0.23420333862304688,21.93918800354004,1.0
CQR-OneSided,0.99,0p99,test,-1449.172119140625,1170.562744140625,-1437.0,1160.0,16.1162052154541,23.436809539794922,0.23420333862304688,23.67101287841797,1.0
CQR-OneSided,0.99,0p99,test,-1442.519287109375,1168.2208251953125,-1437.0,1170.0,5.798964977264404,21.20429801940918,0.23420333862304688,21.438501358032227,1.0
CQR-OneSided,0.99,0p99,test,-1430.0914306640625,1158.1690673828125,-1437.0,1170.0,13.700339317321777,21.250173568725586,0.23420333862304688,21.484376907348633,1.0
CQR-OneSided,0.99,0p99,test,-1434.1519775390625,1161.4525146484375,-1437.0,1170.0,9.009480476379395,21.236665725708008,0.23420333862304688,21.470869064331055,1.0
CQR-OneSided,0.99,0p99,test,-1471.102294921875,1188.268310546875,-1437.0,1160.0,44.29519271850586,53.42249298095703,0.23420333862304688,53.65669631958008,1.0
CQR-OneSided,0.99,0p99,test,-1460.228759765625,1179.488037109375,-1437.0,1160.0,30.320932388305664,40.3147087097168,0.23420333862304688,40.548912048339844,1.0
CQR-OneSided,0.99,0p99,test,-1423.8306884765625,1153.0482177734375,-1437.0,1155.0,13.313159942626953,20.338516235351562,0.23420333862304688,20.57271957397461,1.0
CQR-OneSided,0.99,0p99,test,-1435.0732421875,1159.1788330078125,-1437.0,1160.0,2.094447612762451,17.547725677490234,0.23420333862304688,17.78192901611328,1.0
CQR-OneSided,0.99,0p99,test,-1433.510986328125,1160.935791015625,-1437.0,1170.0,9.712522506713867,21.273591995239258,0.23420333862304688,21.507795333862305,1.0
CQR-OneSided,0.99,0p99,test,-1424.89208984375,1153.9354248046875,-1437.0,1170.0,20.11646270751953,20.84780502319336,0.23420333862304688,21.082008361816406,1.0
CQR-OneSided,0.99,0p99,test,-1429.70751953125,1157.7869873046875,-1437.0,1155.0,7.806892395019531,20.161136627197266,0.23420333862304688,20.395339965820312,1.0
CQR-OneSided,0.99,0p99,test,-1432.268798828125,1159.910400390625,-1437.0,1170.0,11.143799781799316,20.952404022216797,0.23420333862304688,21.186607360839844,1.0
CQR-OneSided,0.99,0p99,test,-1428.7955322265625,1157.0638427734375,-1437.0,1155.0,8.460067749023438,20.385961532592773,0.23420333862304688,20.62016487121582,1.0
CQR-OneSided,0.99,0p99,test,-1436.54736328125,1163.3406982421875,-1437.0,1165.0,1.71993088722229,20.448137283325195,0.23420333862304688,20.682340621948242,1.0
CQR-OneSided,0.99,0p99,test,-1434.09765625,1158.3902587890625,-1437.0,1160.0,3.3188650608062744,18.471691131591797,0.23420333862304688,18.705894470214844,1.0
CQR-OneSided,0.99,0p99,test,-1432.931884765625,1160.411376953125,-1437.0,1155.0,6.769975185394287,20.401596069335938,0.23420333862304688,20.635799407958984,1.0
CQR-OneSided,0.99,0p99,test,-1438.037109375,1164.609130859375,-1437.0,1170.0,5.4897236824035645,21.43027687072754,0.23420333862304688,21.664480209350586,1.0
CQR-OneSided,0.99,0p99,test,-1428.409423828125,1156.8072509765625,-1437.0,1170.0,15.743144989013672,21.239017486572266,0.23420333862304688,21.473220825195312,1.0
CQR-OneSided,0.99,0p99,test,-1433.223876953125,1160.62158203125,-1437.0,1165.0,5.7818379402160645,20.02357292175293,0.23420333862304688,20.257776260375977,1.0
CQR-OneSided,0.99,0p99,test,-1422.61328125,1149.1180419921875,-1437.0,1160.0,18.038700103759766,31.711833953857422,0.23420333862304688,31.94603729248047,1.0
CQR-OneSided,0.99,0p99,test,-1439.8729248046875,1166.0242919921875,-1437.0,1165.0,3.050060987472534,20.37406349182129,0.23420333862304688,20.608266830444336,1.0
CQR-OneSided,0.99,0p99,test,-1439.859375,1166.0579833984375,-1437.0,1170.0,4.869858264923096,21.074174880981445,0.23420333862304688,21.308378219604492,1.0
CQR-OneSided,0.99,0p99,test,-1432.267822265625,1159.863525390625,-1437.0,1165.0,6.984044551849365,20.216825485229492,0.23420333862304688,20.45102882385254,1.0
CQR-OneSided,0.99,0p99,test,-1428.24853515625,1156.6063232421875,-1437.0,1155.0,8.897663116455078,20.166728973388672,0.23420333862304688,20.40093231201172,1.0
CQR-OneSided,0.99,0p99,test,-1433.2685546875,1160.719970703125,-1437.0,1170.0,10.002131462097168,20.95494270324707,0.23420333862304688,21.189146041870117,1.0
CQR-OneSided,0.99,0p99,test,-1443.875732421875,1169.303466796875,-1437.0,1165.0,8.111444473266602,20.979780197143555,0.23420333862304688,21.2139835357666,1.0
CQR-OneSided,0.99,0p99,test,-1430.1627197265625,1158.1727294921875,-1437.0,1155.0,7.5375471115112305,20.41592025756836,0.23420333862304688,20.650123596191406,1.0
CQR-OneSided,0.99,0p99,test,-1442.14892578125,1167.8837890625,-1437.0,1165.0,5.901497840881348,20.61454963684082,0.23420333862304688,20.848752975463867,1.0
CQR-OneSided,0.99,0p99,test,-1433.2889404296875,1160.6744384765625,-1437.0,1165.0,5.699337005615234,20.032447814941406,0.23420333862304688,20.266651153564453,1.0
CQR-OneSided,0.99,0p99,test,-1438.3924560546875,1164.8192138671875,-1437.0,1165.0,1.40414297580719,20.262542724609375,0.23420333862304688,20.496746063232422,1.0
CQR-OneSided,0.99,0p99,test,-1427.57275390625,1156.1246337890625,-1437.0,1170.0,16.774944305419922,21.14908790588379,0.23420333862304688,21.383291244506836,1.0
CQR-OneSided,0.99,0p99,test,-1437.64501953125,1164.2933349609375,-1437.0,1170.0,5.743002414703369,21.43206024169922,0.23420333862304688,21.666263580322266,1.0
CQR-OneSided,0.99,0p99,test,-1429.81494140625,1157.9188232421875,-1437.0,1170.0,14.05631160736084,20.854143142700195,0.23420333862304688,21.088346481323242,1.0
CQR-OneSided,0.99,0p99,test,-1431.561279296875,1159.375244140625,-1437.0,1170.0,11.935874938964844,21.48773765563965,0.23420333862304688,21.721940994262695,1.0
CQR-OneSided,0.99,0p99,test,-1433.408447265625,1160.808349609375,-1437.0,1155.0,6.829068660736084,20.565631866455078,0.23420333862304688,20.799835205078125,1.0
CQR-OneSided,0.99,0p99,test,-1434.891357421875,1161.9898681640625,-1437.0,1165.0,3.6752233505249023,20.2958984375,0.23420333862304688,20.530101776123047,1.0
CQR-OneSided,0.99,0p99,test,-1438.9520263671875,1165.3092041015625,-1437.0,1155.0,10.492383003234863,20.81028175354004,0.23420333862304688,21.044485092163086,1.0
CQR-OneSided,0.99,0p99,test,-1438.621826171875,1162.043701171875,-1437.0,1160.0,2.609029531478882,16.639432907104492,0.23420333862304688,16.87363624572754,1.0
CQR-OneSided,0.99,0p99,test,-1442.8173828125,1168.43212890625,-1437.0,1165.0,6.75436544418335,20.735544204711914,0.23420333862304688,20.96974754333496,1.0
CQR-OneSided,0.99,0p99,test,-1426.9036865234375,1155.5140380859375,-1437.0,1155.0,10.109391212463379,20.097524642944336,0.23420333862304688,20.331727981567383,1.0
CQR-OneSided,0.99,0p99,test,-1426.8218994140625,1155.4481201171875,-1437.0,1155.0,10.187960624694824,20.09505844116211,0.23420333862304688,20.329261779785156,1.0
CQR-OneSided,0.99,0p99,test,-1437.006591796875,1163.7586669921875,-1437.0,1165.0,1.241350531578064,21.13332176208496,0.23420333862304688,21.367525100708008,1.0
CQR-OneSided,0.99,0p99,test,-1422.625,1152.0994873046875,-1437.0,1170.0,22.957983016967773,20.816585540771484,0.23420333862304688,21.05078887939453,0.0
CQR-OneSided,0.99,0p99,test,-1435.654052734375,1162.6180419921875,-1437.0,1155.0,7.736028671264648,20.47686195373535,0.23420333862304688,20.7110652923584,1.0
CQR-OneSided,0.99,0p99,test,-1434.5394287109375,1161.78076171875,-1437.0,1170.0,8.579644203186035,21.456008911132812,0.23420333862304688,21.69021224975586,1.0
CQR-OneSided,0.99,0p99,test,-1430.767822265625,1158.6402587890625,-1437.0,1155.0,7.2174458503723145,20.102252960205078,0.23420333862304688,20.336456298828125,1.0
CQR-OneSided,0.99,0p99,test,-1441.6593017578125,1167.52734375,-1437.0,1170.0,5.2747626304626465,21.241689682006836,0.23420333862304688,21.475893020629883,1.0
CQR-OneSided,0.99,0p99,test,-1437.822509765625,1161.3973388671875,-1437.0,1160.0,1.621443271636963,16.08880615234375,0.23420333862304688,16.323009490966797,1.0
CQR-OneSided,0.99,0p99,test,-1430.4678955078125,1158.4102783203125,-1437.0,1155.0,7.368743896484375,20.286298751831055,0.23420333862304688,20.5205020904541,1.0
CQR-OneSided,0.99,0p99,test,-1432.0712890625,1159.714599609375,-1437.0,1165.0,7.226869583129883,20.37212562561035,0.23420333862304688,20.6063289642334,1.0
CQR-OneSided,0.99,0p99,test,-1430.0032958984375,1158.0714111328125,-1437.0,1170.0,13.829139709472656,20.858545303344727,0.23420333862304688,21.092748641967773,1.0
CQR-OneSided,0.99,0p99,test,-1427.5196533203125,1156.0072021484375,-1437.0,1155.0,9.533699989318848,20.03826904296875,0.23420333862304688,20.272472381591797,1.0
CQR-OneSided,0.99,0p99,test,-1428.07177734375,1156.4683837890625,-1437.0,1155.0,9.048166275024414,20.226572036743164,0.23420333862304688,20.46077537536621,1.0
CQR-OneSided,0.99,0p99,test,-1439.681640625,1165.846923828125,-1437.0,1165.0,2.8122012615203857,20.064491271972656,0.23420333862304688,20.298694610595703,1.0
CQR-OneSided,0.99,0p99,test,-1414.0335693359375,1142.1895751953125,-1437.0,1160.0,29.063175201416016,41.62869644165039,0.23420333862304688,41.86289978027344,1.0
CQR-OneSided,0.99,0p99,test,-1445.34716796875,1167.4725341796875,-1437.0,1160.0,11.203302383422852,23.891998291015625,0.23420333862304688,24.126201629638672,1.0
CQR-OneSided,0.99,0p99,test,-1439.763916015625,1165.9378662109375,-1437.0,1165.0,2.9187026023864746,20.381677627563477,0.23420333862304688,20.615880966186523,1.0
CQR-OneSided,0.99,0p99,test,-1432.888671875,1160.365478515625,-1437.0,1165.0,6.195305347442627,20.229156494140625,0.23420333862304688,20.463359832763672,1.0
CQR-OneSided,0.99,0p99,test,-1424.4892578125,1153.6121826171875,-1437.0,1165.0,16.917478561401367,20.808046340942383,0.23420333862304688,21.04224967956543,1.0
CQR-OneSided,0.99,0p99,test,-1430.166748046875,1158.2161865234375,-1437.0,1165.0,9.628782272338867,21.05425453186035,0.23420333862304688,21.2884578704834,1.0
CQR-OneSided,0.99,0p99,test,-1432.868896484375,1157.3975830078125,-1437.0,1160.0,4.8824782371521,17.028539657592773,0.23420333862304688,17.26274299621582,1.0
CQR-OneSided,0.99,0p99,test,-1437.7274169921875,1164.3092041015625,-1437.0,1165.0,1.0031622648239136,20.695104598999023,0.23420333862304688,20.92930793762207,1.0
CQR-OneSided,0.99,0p99,test,-1438.5567626953125,1164.9588623046875,-1437.0,1165.0,1.557306170463562,20.34638786315918,0.23420333862304688,20.580591201782227,1.0
CQR-OneSided,0.99,0p99,test,-1433.44384765625,1160.830078125,-1437.0,1165.0,5.480370998382568,20.458267211914062,0.23420333862304688,20.69247055053711,1.0
CQR-OneSided,0.99,0p99,test,-1434.6328125,1161.87158203125,-1437.0,1170.0,8.466094970703125,21.669326782226562,0.23420333862304688,21.90353012084961,1.0
CQR-OneSided,0.99,0p99,test,-1437.570556640625,1164.1900634765625,-1437.0,1165.0,0.9907230138778687,20.76888084411621,0.23420333862304688,21.003084182739258,1.0
CQR-OneSided,0.99,0p99,test,-1442.0970458984375,1167.877197265625,-1437.0,1170.0,5.521428108215332,21.194774627685547,0.23420333862304688,21.428977966308594,1.0
CQR-OneSided,0.99,0p99,test,-1437.874755859375,1164.4102783203125,-1437.0,1165.0,1.0549736022949219,20.392847061157227,0.23420333862304688,20.627050399780273,1.0
CQR-OneSided,0.99,0p99,test,-1429.726318359375,1157.84814453125,-1437.0,1170.0,14.162416458129883,20.874544143676758,0.23420333862304688,21.108747482299805,1.0
CQR-OneSided,0.99,0p99,test,-1437.614501953125,1164.3038330078125,-1437.0,1170.0,5.729217529296875,21.962026596069336,0.23420333862304688,22.196229934692383,1.0
CQR-OneSided,0.99,0p99,test,-1439.54248046875,1165.7581787109375,-1437.0,1165.0,2.6531190872192383,20.388036727905273,0.23420333862304688,20.62224006652832,1.0
CQR-OneSided,0.99,0p99,test,-1439.3525390625,1165.634521484375,-1437.0,1165.0,2.436607837677002,20.832117080688477,0.23420333862304688,21.066320419311523,1.0
CQR-OneSided,0.99,0p99,test,-1440.784912109375,1166.79443359375,-1437.0,1165.0,4.188741207122803,20.815404891967773,0.23420333862304688,21.04960823059082,1.0
CQR-OneSided,0.99,0p99,test,-1428.77392578125,1157.0054931640625,-1437.0,1165.0,11.47085189819336,19.790830612182617,0.23420333862304688,20.025033950805664,1.0
CQR-OneSided,0.99,0p99,test,-1441.44775390625,1167.3336181640625,-1437.0,1165.0,5.022777080535889,20.866239547729492,0.23420333862304688,21.10044288635254,1.0
CQR-OneSided,0.99,0p99,test,-1433.739501953125,1161.0987548828125,-1437.0,1170.0,9.479610443115234,20.939912796020508,0.23420333862304688,21.174116134643555,1.0
CQR-OneSided,0.99,0p99,test,-1429.7838134765625,1154.9056396484375,-1437.0,1160.0,8.833224296569824,17.785802841186523,0.23420333862304688,18.02000617980957,1.0
CQR-OneSided,0.99,0p99,test,-1434.579345703125,1161.7449951171875,-1437.0,1165.0,4.056429862976074,20.371885299682617,0.23420333862304688,20.606088638305664,1.0
CQR-OneSided,0.99,0p99,test,-1441.570556640625,1167.4320068359375,-1437.0,1165.0,5.17732048034668,20.867097854614258,0.23420333862304688,21.101301193237305,1.0
CQR-OneSided,0.99,0p99,test,-1433.6142578125,1160.9793701171875,-1437.0,1165.0,5.256302356719971,20.62300682067871,0.23420333862304688,20.857210159301758,1.0
CQR-OneSided,0.99,0p99,test,-1438.16650390625,1164.648193359375,-1437.0,1155.0,9.71845531463623,20.43235206604004,0.23420333862304688,20.666555404663086,1.0
CQR-OneSided,0.99,0p99,test,-1429.965087890625,1158.0032958984375,-1437.0,1165.0,9.92188835144043,20.282201766967773,0.23420333862304688,20.51640510559082,1.0
CQR-OneSided,0.99,0p99,test,-1436.182373046875,1163.08935546875,-1437.0,1165.0,2.0782387256622314,21.120389938354492,0.23420333862304688,21.35459327697754,1.0
CQR-OneSided,0.99,0p99,test,-1432.807373046875,1160.3529052734375,-1437.0,1170.0,10.51877212524414,21.05682945251465,0.23420333862304688,21.291032791137695,1.0
CQR-OneSided,0.99,0p99,test,-1436.234130859375,1163.0855712890625,-1437.0,1155.0,8.1217622756958,20.43855857849121,0.23420333862304688,20.672761917114258,1.0
CQR-OneSided,0.99,0p99,test,-1423.2086181640625,1149.5980224609375,-1437.0,1160.0,17.274354934692383,36.17875671386719,0.23420333862304688,36.412960052490234,1.0
CQR-OneSided,0.99,0p99,test,-1485.2861328125,1199.7232666015625,-1437.0,1160.0,62.525901794433594,64.70384979248047,0.23420333862304688,64.93804931640625,1.0
CQR-OneSided,0.99,0p99,test,-1485.684326171875,1200.0423583984375,-1437.0,1160.0,63.0361328125,74.6277847290039,0.23420333862304688,74.86198425292969,1.0
CQR-OneSided,0.99,0p99,test,-1435.6148681640625,1162.6328125,-1437.0,1165.0,2.742656946182251,21.12140655517578,0.23420333862304688,21.355609893798828,1.0
CQR-OneSided,0.99,0p99,test,-1439.431884765625,1162.6956787109375,-1437.0,1160.0,3.6305298805236816,17.449058532714844,0.23420333862304688,17.68326187133789,1.0
CQR-OneSided,0.99,0p99,test,-1428.9058837890625,1157.1240234375,-1437.0,1165.0,11.293614387512207,19.95774269104004,0.23420333862304688,20.191946029663086,1.0
CQR-OneSided,0.99,0p99,test,-1437.9517822265625,1164.49169921875,-1437.0,1165.0,1.0790083408355713,20.67511749267578,0.23420333862304688,20.909320831298828,1.0
CQR-OneSided,0.99,0p99,test,-1431.9075927734375,1159.571044921875,-1437.0,1155.0,6.8430304527282715,20.22834587097168,0.23420333862304688,20.462549209594727,1.0
CQR-OneSided,0.99,0p99,test,-1425.9361572265625,1154.7470703125,-1437.0,1155.0,11.066733360290527,20.318925857543945,0.23420333862304688,20.553129196166992,1.0
CQR-OneSided,0.99,0p99,test,-1427.78857421875,1156.2364501953125,-1437.0,1155.0,9.294039726257324,20.19124412536621,0.23420333862304688,20.425447463989258,1.0
CQR-OneSided,0.99,0p99,test,-1399.6026611328125,1130.5377197265625,-1437.0,1160.0,47.60868453979492,58.43936538696289,0.23420333862304688,58.67356872558594,1.0
CQR-OneSided,0.99,0p99,test,-1427.875732421875,1156.3052978515625,-1437.0,1165.0,12.603574752807617,20.161447525024414,0.23420333862304688,20.39565086364746,1.0
CQR-OneSided,0.99,0p99,test,-1433.7353515625,1161.076171875,-1437.0,1170.0,9.502243995666504,20.646272659301758,0.23420333862304688,20.880475997924805,1.0
CQR-OneSided,0.99,0p99,test,-1434.254638671875,1161.44921875,-1437.0,1165.0,4.488324165344238,19.943801879882812,0.23420333862304688,20.17800521850586,1.0
CQR-OneSided,0.99,0p99,test,-1437.1412353515625,1160.8477783203125,-1437.0,1160.0,0.859462320804596,15.486796379089355,0.23420333862304688,15.720999717712402,1.0
CQR-OneSided,0.99,0p99,test,-1434.433837890625,1161.654541015625,-1437.0,1155.0,7.132187843322754,20.806406021118164,0.23420333862304688,21.04060935974121,1.0
CQR-OneSided,0.99,0p99,test,-1435.368896484375,1162.42529296875,-1437.0,1170.0,7.7483344078063965,21.04978370666504,0.23420333862304688,21.283987045288086,1.0
CQR-OneSided,0.99,0p99,test,-1433.9093017578125,1161.1829833984375,-1437.0,1165.0,4.911418437957764,20.122343063354492,0.23420333862304688,20.35654640197754,1.0
CQR-OneSided,0.99,0p99,test,-1426.438720703125,1155.191650390625,-1437.0,1170.0,18.18867301940918,20.921772003173828,0.23420333862304688,21.155975341796875,1.0
CQR-OneSided,0.99,0p99,test,-1442.0556640625,1167.7802734375,-1437.0,1165.0,5.769719123840332,20.239532470703125,0.23420333862304688,20.473735809326172,1.0
CQR-OneSided,0.99,0p99,test,-1435.6978759765625,1162.6688232421875,-1437.0,1165.0,2.670189619064331,20.666738510131836,0.23420333862304688,20.900941848754883,1.0
CQR-OneSided,0.99,0p99,test,-1422.24169921875,1151.7940673828125,-1437.0,1170.0,23.436368942260742,20.889551162719727,0.23420333862304688,21.123754501342773,0.0
CQR-OneSided,0.99,0p99,test,-1444.513671875,1169.8482666015625,-1437.0,1165.0,8.942089080810547,21.439706802368164,0.23420333862304688,21.67391014099121,1.0
CQR-OneSided,0.99,0p99,test,-1425.380859375,1154.322509765625,-1437.0,1170.0,19.5137939453125,20.702085494995117,0.23420333862304688,20.936288833618164,1.0
CQR-OneSided,0.99,0p99,test,-1429.6766357421875,1157.7994384765625,-1437.0,1170.0,14.229735374450684,20.73397445678711,0.23420333862304688,20.968177795410156,1.0
CQR-OneSided,0.99,0p99,test,-1435.4501953125,1162.43994140625,-1437.0,1165.0,2.9926233291625977,20.26714324951172,0.23420333862304688,20.501346588134766,1.0
CQR-OneSided,0.99,0p99,test,-1432.0743408203125,1159.7730712890625,-1437.0,1170.0,11.35130786895752,21.24110984802246,0.23420333862304688,21.475313186645508,1.0
CQR-OneSided,0.99,0p99,test,-1425.36572265625,1154.2689208984375,-1437.0,1155.0,11.657224655151367,20.08607292175293,0.23420333862304688,20.320276260375977,1.0
CQR-OneSided,0.99,0p99,test,-1432.96923828125,1160.4188232421875,-1437.0,1165.0,6.101984977722168,20.071897506713867,0.23420333862304688,20.306100845336914,1.0
CQR-OneSided,0.99,0p99,test,-1427.2900390625,1155.897216796875,-1437.0,1170.0,17.12226104736328,21.1650447845459,0.23420333862304688,21.399248123168945,1.0
CQR-OneSided,0.99,0p99,test,-1441.6695556640625,1164.5050048828125,-1437.0,1160.0,6.488437175750732,14.658258438110352,0.23420333862304688,14.892461776733398,1.0
CQR-OneSided,0.99,0p99,test,-1447.0205078125,1168.8233642578125,-1437.0,1160.0,13.351491928100586,23.13191795349121,0.23420333862304688,23.366121292114258,1.0
CQR-OneSided,0.99,0p99,test,-1481.911376953125,1196.9927978515625,-1437.0,1160.0,58.18503952026367,75.16154479980469,0.23420333862304688,75.395751953125,1.0
CQR-OneSided,0.99,0p99,test,-1441.619140625,1164.4644775390625,-1437.0,1160.0,6.424018859863281,15.122420310974121,0.23420333862304688,15.356623649597168,1.0
CQR-OneSided,0.99,0p99,test,-1469.707763671875,1187.1409912109375,-1437.0,1160.0,42.502132415771484,53.53950881958008,0.23420333862304688,53.773712158203125,1.0
CQR-OneSided,0.99,0p99,test,-1439.252685546875,1165.5616455078125,-1437.0,1155.0,10.799210548400879,20.95519256591797,0.23420333862304688,21.189395904541016,1.0
CQR-OneSided,0.99,0p99,test,-1436.765380859375,1163.51611328125,-1437.0,1170.0,6.48813009262085,20.475736618041992,0.23420333862304688,20.70993995666504,1.0
CQR-OneSided,0.99,0p99,test,-1433.4639892578125,1160.83642578125,-1437.0,1165.0,5.462482929229736,20.331693649291992,0.23420333862304688,20.56589698791504,1.0
CQR-OneSided,0.99,0p99,test,-1430.66455078125,1158.548828125,-1437.0,1165.0,9.041876792907715,19.99971580505371,0.23420333862304688,20.233919143676758,1.0
CQR-OneSided,0.99,0p99,test,-1428.7130126953125,1157.0487060546875,-1437.0,1170.0,15.375635147094727,21.182281494140625,0.23420333862304688,21.416484832763672,1.0
CQR-OneSided,0.99,0p99,test,-1433.1097412109375,1160.6353759765625,-1437.0,1170.0,10.14052677154541,21.60854721069336,0.23420333862304688,21.842750549316406,1.0
CQR-OneSided,0.99,0p99,test,-1422.7259521484375,1152.137451171875,-1437.0,1155.0,14.558249473571777,20.131574630737305,0.23420333862304688,20.36577796936035,1.0
CQR-OneSided,0.99,0p99,test,-1436.902099609375,1163.6630859375,-1437.0,1170.0,6.33767032623291,21.001203536987305,0.23420333862304688,21.23540687561035,1.0
CQR-OneSided,0.99,0p99,test,-1423.68212890625,1152.936767578125,-1437.0,1165.0,17.969064712524414,20.485288619995117,0.23420333862304688,20.719491958618164,1.0
CQR-OneSided,0.99,0p99,test,-1430.509521484375,1158.4962158203125,-1437.0,1170.0,13.208457946777344,21.088665008544922,0.23420333862304688,21.32286834716797,1.0
CQR-OneSided,0.99,0p99,test,-1439.9376220703125,1166.079345703125,-1437.0,1165.0,3.129634380340576,20.393537521362305,0.23420333862304688,20.62774085998535,1.0
CQR-OneSided,0.99,0p99,test,-1436.993896484375,1163.7484130859375,-1437.0,1170.0,6.251590251922607,21.176156997680664,0.23420333862304688,21.41036033630371,1.0
CQR-OneSided,0.99,0p99,test,-1342.312255859375,1084.2889404296875,-1437.0,1160.0,121.23503112792969,171.77577209472656,0.23420333862304688,172.00997924804688,1.0
CQR-OneSided,0.99,0p99,test,-1425.099853515625,1154.0616455078125,-1437.0,1155.0,11.937084197998047,20.186750411987305,0.23420333862304688,20.42095375061035,1.0
CQR-OneSided,0.99,0p99,test,-1449.172119140625,1170.5625,-1437.0,1160.0,16.116044998168945,25.65867805480957,0.23420333862304688,25.892881393432617,1.0
CQR-OneSided,0.99,0p99,test,-1433.130126953125,1157.6090087890625,-1437.0,1160.0,4.548929214477539,22.13422966003418,0.23420333862304688,22.368432998657227,1.0
CQR-OneSided,0.99,0p99,test,-1428.0185546875,1156.4246826171875,-1437.0,1155.0,9.093738555908203,20.21083641052246,0.23420333862304688,20.445039749145508,1.0
CQR-OneSided,0.99,0p99,test,-1427.5556640625,1156.0533447265625,-1437.0,1155.0,9.50289535522461,20.25969123840332,0.23420333862304688,20.493894577026367,1.0
CQR-OneSided,0.99,0p99,test,-1427.7132568359375,1156.1746826171875,-1437.0,1155.0,9.36074161529541,20.19186782836914,0.23420333862304688,20.426071166992188,1.0
CQR-OneSided,0.99,0p99,test,-1434.4527587890625,1161.7164306640625,-1437.0,1165.0,4.155750751495361,21.48147964477539,0.23420333862304688,21.715682983398438,1.0
CQR-OneSided,0.99,0p99,test,-1401.7054443359375,1132.236083984375,-1437.0,1160.0,44.90591049194336,53.5462760925293,0.23420333862304688,53.780479431152344,1.0
CQR-OneSided,0.99,0p99,test,-1426.970947265625,1155.634033203125,-1437.0,1170.0,17.520357131958008,21.100210189819336,0.23420333862304688,21.334413528442383,1.0
CQR-OneSided,0.99,0p99,test,-1435.3004150390625,1162.3482666015625,-1437.0,1165.0,3.1496474742889404,20.707468032836914,0.23420333862304688,20.94167137145996,1.0
CQR-OneSided,0.99,0p99,test,-1431.2908935546875,1159.1346435546875,-1437.0,1170.0,12.273950576782227,21.20429801940918,0.23420333862304688,21.438501358032227,1.0
CQR-OneSided,0.99,0p99,test,-1426.44921875,1152.2149658203125,-1437.0,1160.0,13.112046241760254,25.99427604675293,0.23420333862304688,26.228479385375977,1.0
CQR-OneSided,0.99,0p99,test,-1435.54052734375,1162.528076171875,-1437.0,1165.0,2.8706214427948,20.50988006591797,0.23420333862304688,20.744083404541016,1.0
CQR-OneSided,0.99,0p99,test,-1427.349853515625,1155.943603515625,-1437.0,1170.0,17.05014991760254,21.120399475097656,0.23420333862304688,21.354602813720703,1.0
CQR-OneSided,0.99,0p99,test,-1416.4951171875,1144.1776123046875,-1437.0,1160.0,25.899770736694336,42.12746047973633,0.23420333862304688,42.361663818359375,1.0
CQR-OneSided,0.99,0p99,test,-1426.8975830078125,1155.5189208984375,-1437.0,1155.0,10.11573600769043,20.23932456970215,0.23420333862304688,20.473527908325195,1.0
CQR-OneSided,0.99,0p99,test,-1444.8992919921875,1167.121826171875,-1437.0,1160.0,10.635751724243164,28.02495765686035,0.23420333862304688,28.2591609954834,1.0
CQR-OneSided,0.99,0p99,test,-1438.370361328125,1164.872802734375,-1437.0,1170.0,5.307168960571289,21.344343185424805,0.23420333862304688,21.57854652404785,1.0
CQR-OneSided,0.99,0p99,test,-1431.3671875,1159.1822509765625,-1437.0,1170.0,12.196404457092285,20.965333938598633,0.23420333862304688,21.19953727722168,1.0
CQR-OneSided,0.99,0p99,test,-1432.094482421875,1159.7647705078125,-1437.0,1165.0,7.174379825592041,20.816556930541992,0.23420333862304688,21.05076026916504,1.0
CQR-OneSided,0.99,0p99,test,-1429.861083984375,1157.984619140625,-1437.0,1170.0,13.976176261901855,21.291345596313477,0.23420333862304688,21.525548934936523,1.0
CQR-OneSided,0.99,0p99,test,-1441.000244140625,1163.9644775390625,-1437.0,1160.0,5.631965637207031,14.488101959228516,0.23420333862304688,14.722305297851562,1.0
CQR-OneSided,0.99,0p99,test,-1401.7362060546875,1132.2608642578125,-1437.0,1160.0,44.86641311645508,54.62886428833008,0.23420333862304688,54.863067626953125,1.0
CQR-OneSided,0.99,0p99,test,-1434.198974609375,1161.47265625,-1437.0,1165.0,4.504209041595459,20.905071258544922,0.23420333862304688,21.13927459716797,1.0
CQR-OneSided,0.99,0p99,test,-1356.1578369140625,1095.463134765625,-1437.0,1160.0,103.44303894042969,129.5842742919922,0.23420333862304688,129.8184814453125,1.0
CQR-OneSided,0.99,0p99,test,-1436.4859619140625,1163.3218994140625,-1437.0,1165.0,1.7550660371780396,20.90757942199707,0.23420333862304688,21.141782760620117,1.0
CQR-OneSided,0.99,0p99,test,-1430.713623046875,1158.660888671875,-1437.0,1170.0,12.965106010437012,21.057218551635742,0.23420333862304688,21.29142189025879,1.0
CQR-OneSided,0.99,0p99,test,-1442.5435791015625,1168.2034912109375,-1437.0,1165.0,6.4026265144348145,20.65497398376465,0.23420333862304688,20.889177322387695,1.0
CQR-OneSided,0.99,0p99,test,-1430.9298095703125,1158.7933349609375,-1437.0,1155.0,7.157974720001221,20.4240779876709,0.23420333862304688,20.658281326293945,1.0
CQR-OneSided,0.99,0p99,test,-1426.0155029296875,1154.8721923828125,-1437.0,1170.0,18.695180892944336,21.259292602539062,0.23420333862304688,21.49349594116211,1.0
CQR-OneSided,0.99,0p99,test,-1441.921142578125,1167.6922607421875,-1437.0,1165.0,5.609448432922363,20.516279220581055,0.23420333862304688,20.7504825592041,1.0
CQR-OneSided,0.99,0p99,test,-1434.73388671875,1161.922119140625,-1437.0,1165.0,3.82212233543396,21.200292587280273,0.23420333862304688,21.43449592590332,1.0
CQR-OneSided,0.99,0p99,test,-1437.3055419921875,1163.9598388671875,-1437.0,1165.0,1.0841084718704224,20.5477352142334,0.23420333862304688,20.781938552856445,1.0
CQR-OneSided,0.99,0p99,test,-1429.028076171875,1154.2989501953125,-1437.0,1160.0,9.800690650939941,30.5155029296875,0.23420333862304688,30.749706268310547,1.0
CQR-OneSided,0.99,0p99,test,-1432.172119140625,1159.79248046875,-1437.0,1155.0,6.802668571472168,20.352693557739258,0.23420333862304688,20.586896896362305,1.0
CQR-OneSided,0.99,0p99,test,-1441.989013671875,1164.7633056640625,-1437.0,1160.0,6.897777557373047,15.516314506530762,0.23420333862304688,15.750517845153809,1.0
CQR-OneSided,0.99,0p99,test,-1345.6630859375,1086.9945068359375,-1437.0,1160.0,116.92832946777344,151.47413635253906,0.23420333862304688,151.70834350585938,1.0
CQR-OneSided,0.99,0p99,test,-1420.769775390625,1147.6295166015625,-1437.0,1160.0,20.40708351135254,34.35425567626953,0.23420333862304688,34.58845901489258,1.0
CQR-OneSided,0.99,0p99,test,-1444.963623046875,1170.2689208984375,-1437.0,1170.0,7.968162536621094,22.25532341003418,0.23420333862304688,22.489526748657227,1.0
CQR-OneSided,0.99,0p99,test,-1442.9346923828125,1168.566650390625,-1437.0,1170.0,6.105330467224121,21.366117477416992,0.23420333862304688,21.60032081604004,1.0
CQR-OneSided,0.99,0p99,test,-1463.7353515625,1182.3197021484375,-1437.0,1160.0,34.8274040222168,50.622928619384766,0.23420333862304688,50.85713195800781,1.0
CQR-OneSided,0.99,0p99,test,-1430.634033203125,1158.6119384765625,-1437.0,1170.0,13.046588897705078,21.30423927307129,0.23420333862304688,21.538442611694336,1.0
CQR-OneSided,0.99,0p99,test,-1438.3551025390625,1164.789306640625,-1437.0,1165.0,1.3713841438293457,20.252172470092773,0.23420333862304688,20.48637580871582,1.0
CQR-OneSided,0.99,0p99,test,-1418.1202392578125,1148.368896484375,-1437.0,1155.0,20.010419845581055,19.54671287536621,0.23420333862304688,19.780916213989258,0.0
CQR-OneSided,0.99,0p99,test,-1438.075439453125,1164.5728759765625,-1437.0,1165.0,1.1571537256240845,20.39474105834961,0.23420333862304688,20.628944396972656,1.0
CQR-OneSided,0.99,0p99,test,-1431.63525390625,1159.335205078125,-1437.0,1165.0,7.801948547363281,20.014930725097656,0.23420333862304688,20.249134063720703,1.0
CQR-OneSided,0.99,0p99,test,-1428.11279296875,1156.5677490234375,-1437.0,1170.0,16.106142044067383,21.2536563873291,0.23420333862304688,21.48785972595215,1.0
CQR-OneSided,0.99,0p99,test,-1436.2239990234375,1163.0693359375,-1437.0,1165.0,2.0807790756225586,20.319284439086914,0.23420333862304688,20.55348777770996,1.0
CQR-OneSided,0.99,0p99,test,-1425.2998046875,1154.393798828125,-1437.0,1165.0,15.791962623596191,23.352663040161133,0.23420333862304688,23.58686637878418,1.0
CQR-OneSided,0.99,0p99,test,-1435.197509765625,1159.27685546875,-1437.0,1160.0,1.9421403408050537,14.75427532196045,0.23420333862304688,14.988478660583496,1.0
CQR-OneSided,0.99,0p99,test,-1365.543701171875,1103.0374755859375,-1437.0,1160.0,91.38233947753906,102.40840911865234,0.23420333862304688,102.64260864257812,1.0
CQR-OneSided,0.99,0p99,test,-1437.79248046875,1164.3934326171875,-1437.0,1170.0,5.662298202514648,21.171613693237305,0.23420333862304688,21.40581703186035,1.0
CQR-OneSided,0.99,0p99,test,-1418.93115234375,1146.1439208984375,-1437.0,1160.0,22.770029067993164,32.703346252441406,0.23420333862304688,32.93754959106445,1.0
CQR-OneSided,0.99,0p99,test,-1431.4033203125,1159.17724609375,-1437.0,1155.0,6.983710289001465,20.44356346130371,0.23420333862304688,20.677766799926758,1.0
CQR-OneSided,0.99,0p99,test,-1443.7147216796875,1166.1566162109375,-1437.0,1160.0,9.109962463378906,14.495121002197266,0.23420333862304688,14.729324340820312,1.0
CQR-OneSided,0.99,0p99,test,-1449.215087890625,1170.597412109375,-1437.0,1160.0,16.17137908935547,21.257930755615234,0.23420333862304688,21.49213409423828,1.0
CQR-OneSided,0.99,0p99,test,-1432.364990234375,1160.0155029296875,-1437.0,1170.0,11.007883071899414,21.349231719970703,0.23420333862304688,21.58343505859375,1.0
CQR-OneSided,0.99,0p99,test,-1427.6468505859375,1156.1185302734375,-1437.0,1155.0,9.419794082641602,20.150955200195312,0.23420333862304688,20.38515853881836,1.0
CQR-OneSided,0.99,0p99,test,-1435.80859375,1162.711181640625,-1437.0,1165.0,2.580336809158325,20.016061782836914,0.23420333862304688,20.25026512145996,1.0
CQR-OneSided,0.99,0p99,test,-1428.8211669921875,1157.0579833984375,-1437.0,1155.0,8.433777809143066,19.999340057373047,0.23420333862304688,20.233543395996094,1.0
CQR-OneSided,0.99,0p99,test,-1431.552490234375,1159.353515625,-1437.0,1170.0,11.959221839904785,21.306217193603516,0.23420333862304688,21.540420532226562,1.0
CQR-OneSided,0.99,0p99,test,-1426.0771484375,1154.9100341796875,-1437.0,1170.0,18.628358840942383,21.080936431884766,0.23420333862304688,21.315139770507812,1.0
CQR-OneSided,0.99,0p99,test,-1431.08203125,1158.908447265625,-1437.0,1155.0,7.092130184173584,20.29972267150879,0.23420333862304688,20.533926010131836,1.0
CQR-OneSided,0.99,0p99,test,-1444.058349609375,1169.5196533203125,-1437.0,1165.0,8.38138198852539,21.98154640197754,0.23420333862304688,22.215749740600586,1.0
CQR-OneSided,0.99,0p99,test,-1426.40673828125,1155.1544189453125,-1437.0,1155.0,10.59438705444336,20.69816780090332,0.23420333862304688,20.932371139526367,1.0
CQR-OneSided,0.99,0p99,test,-1433.801025390625,1161.1427001953125,-1437.0,1165.0,5.011207580566406,20.80845069885254,0.23420333862304688,21.042654037475586,1.0
CQR-OneSided,0.99,0p99,test,-1389.6619873046875,1122.5108642578125,-1437.0,1160.0,60.384788513183594,72.11864471435547,0.23420333862304688,72.35284423828125,1.0
CQR-OneSided,0.99,0p99,test,-1441.241455078125,1167.1033935546875,-1437.0,1165.0,4.7343645095825195,19.995920181274414,0.23420333862304688,20.23012351989746,1.0
CQR-OneSided,0.99,0p99,test,-1432.76220703125,1160.32275390625,-1437.0,1170.0,10.564468383789062,21.108884811401367,0.23420333862304688,21.343088150024414,1.0
CQR-OneSided,0.99,0p99,test,-1428.79248046875,1157.0845947265625,-1437.0,1170.0,15.30264949798584,20.742338180541992,0.23420333862304688,20.97654151916504,1.0
CQR-OneSided,0.99,0p99,test,-1427.44287109375,1155.9520263671875,-1437.0,1155.0,9.604430198669434,20.130998611450195,0.23420333862304688,20.365201950073242,1.0
CQR-OneSided,0.99,0p99,test,-1442.1640625,1164.9044189453125,-1437.0,1160.0,7.121858596801758,15.264114379882812,0.23420333862304688,15.49831771850586,1.0
CQR-OneSided,0.99,0p99,test,-1426.2857666015625,1155.026123046875,-1437.0,1155.0,10.714264869689941,20.25596809387207,0.23420333862304688,20.490171432495117,1.0
CQR-OneSided,0.99,0p99,test,-1440.43115234375,1166.5615234375,-1437.0,1170.0,4.8575639724731445,21.64766502380371,0.23420333862304688,21.881868362426758,1.0
CQR-OneSided,0.99,0p99,test,-1419.760498046875,1146.8123779296875,-1437.0,1160.0,21.705156326293945,28.90099334716797,0.23420333862304688,29.135196685791016,1.0
CQR-OneSided,0.99,0p99,test,-1428.046630859375,1156.51318359375,-1437.0,1170.0,16.188175201416016,21.224721908569336,0.23420333862304688,21.458925247192383,1.0
CQR-OneSided,0.99,0p99,test,-1432.8048095703125,1160.3848876953125,-1437.0,1170.0,10.490472793579102,21.564714431762695,0.23420333862304688,21.798917770385742,1.0
CQR-OneSided,0.99,0p99,test,-1436.527099609375,1163.30078125,-1437.0,1165.0,1.7637968063354492,20.112117767333984,0.23420333862304688,20.34632110595703,1.0
CQR-OneSided,0.99,0p99,test,-1432.240966796875,1159.8538818359375,-1437.0,1155.0,6.797688007354736,20.42762565612793,0.23420333862304688,20.661828994750977,1.0
CQR-OneSided,0.99,0p99,test,-1434.80908203125,1161.9583740234375,-1437.0,1155.0,7.295141696929932,20.823137283325195,0.23420333862304688,21.057340621948242,1.0
CQR-OneSided,0.99,0p99,test,-1444.984375,1167.1829833984375,-1437.0,1160.0,10.739901542663574,14.440587997436523,0.23420333862304688,14.67479133605957,1.0
CQR-OneSided,0.99,0p99,test,-1428.79931640625,1157.0528564453125,-1437.0,1155.0,8.453722953796387,20.166929244995117,0.23420333862304688,20.401132583618164,1.0
CQR-OneSided,0.99,0p99,test,-1429.197998046875,1157.3843994140625,-1437.0,1155.0,8.158222198486328,20.307435989379883,0.23420333862304688,20.54163932800293,1.0
CQR-OneSided,0.99,0p99,test,-1437.809814453125,1164.4031982421875,-1437.0,1170.0,5.65508508682251,21.107580184936523,0.23420333862304688,21.34178352355957,1.0
CQR-OneSided,0.99,0p99,test,-1436.2684326171875,1163.1114501953125,-1437.0,1165.0,2.0252928733825684,20.392404556274414,0.23420333862304688,20.62660789489746,1.0
CQR-OneSided,0.99,0p99,test,-1442.9896240234375,1168.55322265625,-1437.0,1165.0,6.964264869689941,20.470746994018555,0.23420333862304688,20.7049503326416,1.0
CQR-OneSided,0.99,0p99,test,-1421.2135009765625,1150.9117431640625,-1437.0,1155.0,16.307281494140625,20.09791374206543,0.23420333862304688,20.332117080688477,1.0
CQR-OneSided,0.99,0p99,test,-1424.8106689453125,1153.8743896484375,-1437.0,1170.0,20.214229583740234,20.920053482055664,0.23420333862304688,21.15425682067871,1.0
CQR-OneSided,0.99,0p99,test,-1434.8623046875,1162.0357666015625,-1437.0,1165.0,3.6546437740325928,21.311031341552734,0.23420333862304688,21.54523468017578,1.0
CQR-OneSided,0.99,0p99,test,-1407.7750244140625,1137.13720703125,-1437.0,1160.0,37.105342864990234,52.41072082519531,0.23420333862304688,52.64492416381836,1.0
CQR-OneSided,0.99,0p99,test,-1445.83154296875,1167.8642578125,-1437.0,1160.0,11.82551097869873,20.722366333007812,0.23420333862304688,20.95656967163086,1.0
CQR-OneSided,0.99,0p99,test,-1429.682861328125,1157.7677001953125,-1437.0,1155.0,7.823086738586426,20.16980743408203,0.23420333862304688,20.404010772705078,1.0
CQR-OneSided,0.99,0p99,test,-1426.727294921875,1155.4320068359375,-1437.0,1170.0,17.825679779052734,21.01338005065918,0.23420333862304688,21.247583389282227,1.0
CQR-OneSided,0.99,0p99,test,-1477.793701171875,1193.6749267578125,-1437.0,1160.0,52.89732360839844,55.28034591674805,0.23420333862304688,55.514549255371094,1.0
CQR-OneSided,0.99,0p99,test,-1425.090576171875,1154.062255859375,-1437.0,1165.0,16.169992446899414,20.324262619018555,0.23420333862304688,20.5584659576416,1.0
CQR-OneSided,0.99,0p99,test,-1429.086181640625,1157.2886962890625,-1437.0,1165.0,11.04955768585205,20.20866584777832,0.23420333862304688,20.442869186401367,1.0
CQR-OneSided,0.99,0p99,test,-1358.83544921875,1097.6251220703125,-1437.0,1160.0,100.0016098022461,125.55455780029297,0.23420333862304688,125.78875732421875,1.0
CQR-OneSided,0.99,0p99,test,-1450.9183349609375,1171.9716796875,-1437.0,1160.0,18.358680725097656,23.330978393554688,0.23420333862304688,23.565181732177734,1.0
CQR-OneSided,0.99,0p99,test,-1427.084716796875,1155.6644287109375,-1437.0,1155.0,9.937520027160645,20.140138626098633,0.23420333862304688,20.37434196472168,1.0
CQR-OneSided,0.99,0p99,test,-1433.16455078125,1160.5950927734375,-1437.0,1155.0,6.78348970413208,20.336702346801758,0.23420333862304688,20.570905685424805,1.0
CQR-OneSided,0.99,0p99,test,-1446.3721923828125,1168.2996826171875,-1437.0,1160.0,12.51889419555664,22.005294799804688,0.23420333862304688,22.239498138427734,1.0
CQR-OneSided,0.99,0p99,test,-1436.9686279296875,1163.6949462890625,-1437.0,1165.0,1.3054307699203491,20.661699295043945,0.23420333862304688,20.895902633666992,1.0
CQR-OneSided,0.99,0p99,test,-1433.199951171875,1160.6275634765625,-1437.0,1155.0,6.7904229164123535,20.38574981689453,0.23420333862304688,20.619953155517578,1.0
CQR-OneSided,0.99,0p99,test,-1494.465576171875,1207.1229248046875,-1437.0,1160.0,74.31596374511719,90.36649322509766,0.23420333862304688,90.60069274902344,1.0
CQR-OneSided,0.99,0p99,test,-1431.5328369140625,1156.3204345703125,-1437.0,1160.0,6.590074062347412,24.433368682861328,0.23420333862304688,24.667572021484375,1.0
CQR-OneSided,0.99,0p99,test,-1439.012939453125,1162.3590087890625,-1437.0,1160.0,3.101104259490967,15.84045696258545,0.23420333862304688,16.074661254882812,1.0
CQR-OneSided,0.99,0p99,test,-1433.3779296875,1160.7874755859375,-1437.0,1165.0,5.555605411529541,20.61292839050293,0.23420333862304688,20.847131729125977,1.0
CQR-OneSided,0.99,0p99,test,-1431.3885498046875,1159.17529296875,-1437.0,1155.0,6.994386672973633,20.580846786499023,0.23420333862304688,20.81505012512207,1.0
CQR-OneSided,0.99,0p99,test,-1444.961181640625,1170.21435546875,-1437.0,1165.0,9.516822814941406,21.463924407958984,0.23420333862304688,21.69812774658203,1.0
CQR-OneSided,0.99,0p99,test,-1468.2333984375,1185.9483642578125,-1437.0,1160.0,40.6059455871582,60.406612396240234,0.23420333862304688,60.64081573486328,1.0
CQR-OneSided,0.99,0p99,test,-1444.7552490234375,1170.05224609375,-1437.0,1170.0,7.755424976348877,21.554285049438477,0.23420333862304688,21.788488388061523,1.0
CQR-OneSided,0.99,0p99,test,-1469.365234375,1186.8651123046875,-1437.0,1160.0,42.0623664855957,59.04658889770508,0.23420333862304688,59.280792236328125,1.0
CQR-OneSided,0.99,0p99,test,-1449.716552734375,1171.0013427734375,-1437.0,1160.0,16.814882278442383,22.56241798400879,0.23420333862304688,22.796621322631836,1.0
CQR-OneSided,0.99,0p99,test,-1376.2392578125,1111.6719970703125,-1437.0,1160.0,77.6367416381836,80.95822143554688,0.23420333862304688,81.19242858886719,1.0
CQR-OneSided,0.99,0p99,test,-1482.466552734375,1197.4410400390625,-1437.0,1160.0,58.8985481262207,78.87369537353516,0.23420333862304688,79.10789489746094,1.0
CQR-OneSided,0.99,0p99,test,-1421.515869140625,1148.2310791015625,-1437.0,1160.0,19.44905662536621,33.70096206665039,0.23420333862304688,33.93516540527344,1.0
CQR-OneSided,0.99,0p99,test,-1436.7496337890625,1163.5010986328125,-1437.0,1165.0,1.5196672677993774,20.40102195739746,0.23420333862304688,20.635225296020508,1.0
CQR-OneSided,0.99,0p99,test,-1425.1199951171875,1151.140625,-1437.0,1160.0,14.819684028625488,25.400842666625977,0.23420333862304688,25.635046005249023,1.0
CQR-OneSided,0.99,0p99,test,-1434.12939453125,1161.4315185546875,-1437.0,1170.0,9.036551475524902,21.192277908325195,0.23420333862304688,21.426481246948242,1.0
CQR-OneSided,0.99,0p99,test,-1436.878662109375,1163.5709228515625,-1437.0,1165.0,1.4342191219329834,19.94685935974121,0.23420333862304688,20.181062698364258,1.0
CQR-OneSided,0.99,0p99,test,-1389.650634765625,1125.6922607421875,-1437.0,1160.0,58.47207260131836,77.49710845947266,0.23420333862304688,77.73130798339844,1.0
CQR-OneSided,0.99,0p99,test,-1429.433349609375,1157.5537109375,-1437.0,1155.0,7.985965251922607,20.009878158569336,0.23420333862304688,20.244081497192383,1.0
CQR-OneSided,0.99,0p99,test,-1433.62548828125,1160.976318359375,-1437.0,1155.0,6.863214492797852,20.44698143005371,0.23420333862304688,20.681184768676758,1.0
CQR-OneSided,0.99,0p99,test,-1433.6173095703125,1161.0067138671875,-1437.0,1170.0,9.608423233032227,21.023550033569336,0.23420333862304688,21.257753372192383,1.0
CQR-OneSided,0.99,0p99,test,-1423.426025390625,1152.7142333984375,-1437.0,1155.0,13.765083312988281,20.285554885864258,0.23420333862304688,20.519758224487305,1.0
CQR-OneSided,0.99,0p99,test,-1429.9417724609375,1157.9893798828125,-1437.0,1155.0,7.6651787757873535,20.34681510925293,0.23420333862304688,20.581018447875977,1.0
CQR-OneSided,0.99,0p99,test,-1443.39599609375,1168.8824462890625,-1437.0,1165.0,7.482122421264648,20.49015998840332,0.23420333862304688,20.724363327026367,1.0
CQR-OneSided,0.99,0p99,test,-1438.983642578125,1165.31982421875,-1437.0,1165.0,2.0092599391937256,20.562726974487305,0.23420333862304688,20.79693031311035,1.0
CQR-OneSided,0.99,0p99,test,-1430.427978515625,1158.3892822265625,-1437.0,1155.0,7.394505023956299,20.44104766845703,0.23420333862304688,20.675251007080078,1.0
CQR-OneSided,0.99,0p99,test,-1446.981689453125,1168.7939453125,-1437.0,1160.0,13.302916526794434,18.42367172241211,0.23420333862304688,18.657875061035156,1.0
CQR-OneSided,0.99,0p99,test,-1430.3759765625,1158.3409423828125,-1437.0,1155.0,7.4188666343688965,20.345136642456055,0.23420333862304688,20.5793399810791,1.0
CQR-OneSided,0.99,0p99,test,-1427.70947265625,1156.1739501953125,-1437.0,1155.0,9.36440372467041,20.203989028930664,0.23420333862304688,20.43819236755371,1.0
CQR-OneSided,0.99,0p99,test,-1438.039794921875,1164.5489501953125,-1437.0,1165.0,1.1334104537963867,20.46882438659668,0.23420333862304688,20.703027725219727,1.0
CQR-OneSided,0.99,0p99,test,-1433.1705322265625,1160.6561279296875,-1437.0,1170.0,10.098156929016113,21.185707092285156,0.23420333862304688,21.419910430908203,1.0
CQR-OneSided,0.99,0p99,test,-1369.5927734375,1106.3062744140625,-1437.0,1160.0,86.17859649658203,93.04288482666016,0.23420333862304688,93.27708435058594,1.0
CQR-OneSided,0.99,0p99,test,-1425.61572265625,1154.53759765625,-1437.0,1170.0,19.201242446899414,21.09264373779297,0.23420333862304688,21.326847076416016,1.0
CQR-OneSided,0.99,0p99,test,-1385.30615234375,1118.9913330078125,-1437.0,1160.0,65.98458099365234,68.76021575927734,0.23420333862304688,68.99441528320312,1.0
CQR-OneSided,0.99,0p99,test,-1430.942626953125,1158.793701171875,-1437.0,1165.0,8.672365188598633,20.246301651000977,0.23420333862304688,20.480504989624023,1.0
CQR-OneSided,0.99,0p99,test,-1426.609130859375,1152.34423828125,-1437.0,1160.0,12.906620025634766,26.163644790649414,0.23420333862304688,26.39784812927246,1.0
CQR-OneSided,0.99,0p99,test,-1434.164306640625,1161.3919677734375,-1437.0,1155.0,6.992739677429199,20.163984298706055,0.23420333862304688,20.3981876373291,1.0
CQR-OneSided,0.99,0p99,test,-1427.1871337890625,1155.7559814453125,-1437.0,1155.0,9.841943740844727,20.279937744140625,0.23420333862304688,20.514141082763672,1.0
CQR-OneSided,0.99,0p99,test,-1431.599853515625,1159.32763671875,-1437.0,1155.0,6.920261859893799,20.319181442260742,0.23420333862304688,20.55338478088379,1.0
CQR-OneSided,0.99,0p99,test,-1437.453857421875,1164.0570068359375,-1437.0,1165.0,1.046528935432434,20.216684341430664,0.23420333862304688,20.45088768005371,1.0
CQR-OneSided,0.99,0p99,test,-1436.257080078125,1163.108154296875,-1437.0,1155.0,8.142118453979492,20.50920295715332,0.23420333862304688,20.743406295776367,1.0
CQR-OneSided,0.99,0p99,test,-1448.575439453125,1170.076904296875,-1437.0,1160.0,15.347143173217773,25.70873260498047,0.23420333862304688,25.942935943603516,1.0
CQR-OneSided,0.99,0p99,test,-1426.3909912109375,1155.0966796875,-1437.0,1155.0,10.60944938659668,20.068681716918945,0.23420333862304688,20.302885055541992,1.0
CQR-OneSided,0.99,0p99,test,-1453.767822265625,1174.2738037109375,-1437.0,1160.0,22.020475387573242,23.41582489013672,0.23420333862304688,23.650028228759766,1.0
CQR-OneSided,0.99,0p99,test,-1432.7232666015625,1160.2303466796875,-1437.0,1155.0,6.75625467300415,20.217870712280273,0.23420333862304688,20.45207405090332,1.0
CQR-OneSided,0.99,0p99,test,-1450.924560546875,1171.9766845703125,-1437.0,1160.0,18.36666488647461,23.364938735961914,0.23420333862304688,23.59914207458496,1.0
CQR-OneSided,0.99,0p99,test,-1440.58154296875,1166.61669921875,-1437.0,1165.0,3.9295248985290527,20.662919998168945,0.23420333862304688,20.897123336791992,1.0
CQR-OneSided,0.99,0p99,test,-1428.172607421875,1156.5467529296875,-1437.0,1155.0,8.961880683898926,20.175142288208008,0.23420333862304688,20.409345626831055,1.0
CQR-OneSided,0.99,0p99,test,-1386.11767578125,1119.6475830078125,-1437.0,1160.0,64.94096374511719,69.10660552978516,0.23420333862304688,69.34080505371094,1.0
CQR-OneSided,0.99,0p99,test,-1410.6844482421875,1139.4847412109375,-1437.0,1160.0,33.367408752441406,46.85341262817383,0.23420333862304688,47.087615966796875,1.0
CQR-OneSided,0.99,0p99,test,-1432.1912841796875,1156.8555908203125,-1437.0,1160.0,5.745524883270264,30.678058624267578,0.23420333862304688,30.912261962890625,1.0
CQR-OneSided,0.99,0p99,test,-1422.047607421875,1151.5950927734375,-1437.0,1155.0,15.33517074584961,20.218730926513672,0.23420333862304688,20.45293426513672,1.0
CQR-OneSided,0.99,0p99,test,-1434.00634765625,1161.329345703125,-1437.0,1170.0,9.172905921936035,21.143959045410156,0.23420333862304688,21.378162384033203,1.0
CQR-OneSided,0.99,0p99,test,-1472.562744140625,1189.4483642578125,-1437.0,1160.0,46.172664642333984,52.550167083740234,0.23420333862304688,52.78437042236328,1.0
CQR-OneSided,0.99,0p99,test,-1362.1624755859375,1100.3089599609375,-1437.0,1160.0,95.72708892822266,114.59809112548828,0.23420333862304688,114.83229064941406,1.0
CQR-OneSided,0.99,0p99,test,-1433.6729736328125,1161.052734375,-1437.0,1170.0,9.545819282531738,21.0541934967041,0.23420333862304688,21.28839683532715,1.0
CQR-OneSided,0.99,0p99,test,-1416.478515625,1144.1636962890625,-1437.0,1160.0,25.921415328979492,39.88981628417969,0.23420333862304688,40.124019622802734,1.0
CQR-OneSided,0.99,0p99,test,-1424.4205322265625,1153.579833984375,-1437.0,1170.0,20.684894561767578,21.219030380249023,0.23420333862304688,21.45323371887207,1.0
CQR-OneSided,0.99,0p99,test,-1436.654052734375,1163.5062255859375,-1437.0,1170.0,6.5029826164245605,21.673059463500977,0.23420333862304688,21.907262802124023,1.0
CQR-OneSided,0.99,0p99,test,-1441.9671630859375,1167.7344970703125,-1437.0,1165.0,5.6701130867004395,20.59574317932129,0.23420333862304688,20.829946517944336,1.0
CQR-OneSided,0.99,0p99,test,-1438.3912353515625,1164.8402099609375,-1437.0,1165.0,1.4003815650939941,20.574132919311523,0.23420333862304688,20.80833625793457,1.0
CQR-OneSided,0.99,0p99,test,-1432.502685546875,1160.0399169921875,-1437.0,1165.0,6.6953911781311035,20.052831649780273,0.23420333862304688,20.28703498840332,1.0
CQR-OneSided,0.99,0p99,test,-1443.900146484375,1166.3043212890625,-1437.0,1160.0,9.34646987915039,22.70549774169922,0.23420333862304688,22.939701080322266,1.0
CQR-OneSided,0.99,0p99,test,-1431.6412353515625,1159.3582763671875,-1437.0,1155.0,6.9073100090026855,20.270830154418945,0.23420333862304688,20.505033493041992,1.0
CQR-OneSided,0.99,0p99,test,-1438.0238037109375,1164.587890625,-1437.0,1170.0,5.508094310760498,21.264934539794922,0.23420333862304688,21.49913787841797,1.0
CQR-OneSided,0.99,0p99,test,-1393.32421875,1125.4661865234375,-1437.0,1160.0,55.6790657043457,65.72473907470703,0.23420333862304688,65.95893859863281,1.0
CQR-OneSided,0.99,0p99,test,-1438.15576171875,1164.6651611328125,-1437.0,1165.0,1.2032880783081055,20.807952880859375,0.23420333862304688,21.042156219482422,1.0
CQR-OneSided,0.99,0p99,test,-1338.06103515625,1080.86083984375,-1437.0,1160.0,126.69619750976562,169.17794799804688,0.23420333862304688,169.4121551513672,1.0
CQR-OneSided,0.99,0p99,test,-1438.138671875,1164.701171875,-1437.0,1170.0,5.419792652130127,21.576879501342773,0.23420333862304688,21.81108283996582,1.0
CQR-OneSided,0.99,0p99,test,-1421.706787109375,1151.3157958984375,-1437.0,1160.0,17.586862564086914,20.213335037231445,0.23420333862304688,20.447538375854492,1.0
CQR-OneSided,0.99,0p99,test,-1430.53857421875,1158.4793701171875,-1437.0,1165.0,9.179795265197754,20.447439193725586,0.23420333862304688,20.681642532348633,1.0
CQR-OneSided,0.99,0p99,test,-1413.24462890625,1144.6307373046875,-1437.0,1160.0,28.293672561645508,23.524198532104492,0.23420333862304688,23.75840187072754,0.0
CQR-OneSided,0.99,0p99,test,-1426.0159912109375,1154.7874755859375,-1437.0,1165.0,14.998136520385742,19.958324432373047,0.23420333862304688,20.192527770996094,1.0
CQR-OneSided,0.99,0p99,test,-1427.959228515625,1156.38037109375,-1437.0,1155.0,9.145544052124023,20.271671295166016,0.23420333862304688,20.505874633789062,1.0
CQR-OneSided,0.99,0p99,test,-1438.6998291015625,1165.1490478515625,-1437.0,1170.0,5.140151500701904,21.476755142211914,0.23420333862304688,21.71095848083496,1.0
CQR-OneSided,0.99,0p99,test,-1430.123046875,1158.1302490234375,-1437.0,1165.0,9.720389366149902,20.24340057373047,0.23420333862304688,20.477603912353516,1.0
CQR-OneSided,0.99,0p99,test,-1433.660400390625,1161.0697021484375,-1437.0,1170.0,9.534314155578613,21.443784713745117,0.23420333862304688,21.677988052368164,1.0
CQR-OneSided,0.99,0p99,test,-1441.004150390625,1167.0208740234375,-1437.0,1170.0,4.990832805633545,21.596097946166992,0.23420333862304688,21.83030128479004,1.0
CQR-OneSided,0.99,0p99,test,-1427.30908203125,1155.9534912109375,-1437.0,1170.0,17.065120697021484,21.774385452270508,0.23420333862304688,22.008588790893555,1.0
CQR-OneSided,0.99,0p99,test,-1447.8218994140625,1172.5340576171875,-1437.0,1170.0,11.114627838134766,21.565767288208008,0.23420333862304688,21.799970626831055,1.0
CQR-OneSided,0.99,0p99,test,-1426.401123046875,1155.2060546875,-1437.0,1170.0,18.198820114135742,21.55840492248535,0.23420333862304688,21.7926082611084,1.0
CQR-OneSided,0.99,0p99,test,-1441.74267578125,1164.56298828125,-1437.0,1160.0,6.581324577331543,14.726419448852539,0.23420333862304688,14.960622787475586,1.0
CQR-OneSided,0.99,0p99,test,-1422.0087890625,1148.6307373046875,-1437.0,1160.0,18.814794540405273,31.319385528564453,0.23420333862304688,31.5535888671875,1.0
CQR-OneSided,0.99,0p99,test,-1430.185791015625,1158.2198486328125,-1437.0,1170.0,13.60901927947998,20.87075424194336,0.23420333862304688,21.104957580566406,1.0
CQR-OneSided,0.99,0p99,test,-1429.055419921875,1157.3236083984375,-1437.0,1170.0,14.960188865661621,21.15930938720703,0.23420333862304688,21.393512725830078,1.0
CQR-OneSided,0.99,0p99,test,-1440.4410400390625,1163.5135498046875,-1437.0,1160.0,4.917904853820801,15.264369010925293,0.23420333862304688,15.49857234954834,1.0
CQR-OneSided,0.99,0p99,test,-1434.634521484375,1161.841796875,-1437.0,1170.0,8.494219779968262,21.2139892578125,0.23420333862304688,21.448192596435547,1.0
CQR-OneSided,0.99,0p99,test,-1427.707275390625,1156.1734619140625,-1437.0,1155.0,9.366522789001465,20.23125648498535,0.23420333862304688,20.4654598236084,1.0
CQR-OneSided,0.99,0p99,test,-1419.605712890625,1149.6390380859375,-1437.0,1165.0,23.20604133605957,20.46599006652832,0.23420333862304688,20.700193405151367,0.0
CQR-OneSided,0.99,0p99,test,-1428.421142578125,1156.7998046875,-1437.0,1170.0,15.742997169494629,20.993257522583008,0.23420333862304688,21.227460861206055,1.0
CQR-OneSided,0.99,0p99,test,-1434.19189453125,1161.4210205078125,-1437.0,1165.0,4.549126148223877,20.2492733001709,0.23420333862304688,20.483476638793945,1.0
CQR-OneSided,0.99,0p99,test,-1398.48291015625,1129.633544921875,-1437.0,1160.0,49.04780960083008,60.232505798339844,0.23420333862304688,60.46670913696289,1.0
CQR-OneSided,0.99,0p99,test,-1421.8668212890625,1148.5140380859375,-1437.0,1160.0,18.998432159423828,32.4288215637207,0.23420333862304688,32.66302490234375,1.0
CQR-OneSided,0.99,0p99,test,-1424.067138671875,1150.2918701171875,-1437.0,1160.0,16.171167373657227,28.696989059448242,0.23420333862304688,28.93119239807129,1.0
CQR-OneSided,0.99,0p99,test,-1432.3209228515625,1160.0,-1437.0,1170.0,11.04055118560791,21.63835906982422,0.23420333862304688,21.872562408447266,1.0
CQR-OneSided,0.99,0p99,test,-1434.6455078125,1161.7955322265625,-1437.0,1165.0,3.97646164894104,20.346147537231445,0.23420333862304688,20.580350875854492,1.0
CQR-OneSided,0.99,0p99,test,-1435.2215576171875,1162.2421875,-1437.0,1165.0,3.281522035598755,20.08698081970215,0.23420333862304688,20.321184158325195,1.0
CQR-OneSided,0.99,0p99,test,-1433.0517578125,1157.5440673828125,-1437.0,1160.0,4.649755001068115,15.360127449035645,0.23420333862304688,15.594330787658691,1.0
CQR-OneSided,0.99,0p99,test,-1430.061279296875,1158.095947265625,-1437.0,1155.0,7.598074436187744,20.50462532043457,0.23420333862304688,20.738828659057617,1.0
CQR-OneSided,0.99,0p99,test,-1443.584716796875,1169.0557861328125,-1437.0,1165.0,7.733556270599365,20.77906608581543,0.23420333862304688,21.013269424438477,1.0
CQR-OneSided,0.99,0p99,test,-1434.172607421875,1161.4183349609375,-1437.0,1165.0,4.563164710998535,20.45272445678711,0.23420333862304688,20.686927795410156,1.0
CQR-OneSided,0.99,0p99,test,-1432.7137451171875,1160.22119140625,-1437.0,1155.0,6.755207061767578,20.194766998291016,0.23420333862304688,20.428970336914062,1.0
CQR-OneSided,0.99,0p99,test,-1431.1279296875,1158.9432373046875,-1437.0,1155.0,7.073212146759033,20.271711349487305,0.23420333862304688,20.50591468811035,1.0
CQR-OneSided,0.99,0p99,test,-1440.6102294921875,1166.6763916015625,-1437.0,1165.0,3.9804580211639404,21.180002212524414,0.23420333862304688,21.41420555114746,1.0
CQR-OneSided,0.99,0p99,test,-1426.5694580078125,1152.3106689453125,-1437.0,1160.0,12.95847225189209,23.879262924194336,0.23420333862304688,24.113466262817383,1.0
CQR-OneSided,0.99,0p99,test,-1427.0093994140625,1155.6458740234375,-1437.0,1170.0,17.48865509033203,20.800046920776367,0.23420333862304688,21.034250259399414,1.0
CQR-OneSided,0.99,0p99,test,-1435.8585205078125,1162.747802734375,-1437.0,1165.0,2.524949073791504,19.965198516845703,0.23420333862304688,20.19940185546875,1.0
CQR-OneSided,0.99,0p99,test,-1445.02099609375,1170.2113037109375,-1437.0,1165.0,9.565253257751465,20.692745208740234,0.23420333862304688,20.92694854736328,1.0
CQR-OneSided,0.99,0p99,test,-1422.514892578125,1151.9276123046875,-1437.0,1155.0,14.80735969543457,19.590238571166992,0.23420333862304688,19.82444190979004,1.0
CQR-OneSided,0.99,0p99,test,-1443.9698486328125,1169.371337890625,-1437.0,1165.0,8.227234840393066,20.835582733154297,0.23420333862304688,21.069786071777344,1.0
CQR-OneSided,0.99,0p99,test,-1431.4927978515625,1159.2734375,-1437.0,1170.0,12.057711601257324,20.82875633239746,0.23420333862304688,21.062959671020508,1.0
CQR-OneSided,0.99,0p99,test,-1446.363525390625,1168.2952880859375,-1437.0,1160.0,12.509492874145508,20.19793701171875,0.23420333862304688,20.432140350341797,1.0
CQR-OneSided,0.99,0p99,test,-1359.495361328125,1098.1595458984375,-1437.0,1160.0,99.1524658203125,124.01811981201172,0.23420333862304688,124.2523193359375,1.0
CQR-OneSided,0.99,0p99,test,-1430.435791015625,1158.3907470703125,-1437.0,1155.0,7.3882341384887695,20.37240219116211,0.23420333862304688,20.606605529785156,1.0
CQR-OneSided,0.99,0p99,test,-1435.21826171875,1162.3365478515625,-1437.0,1170.0,7.867851734161377,21.554040908813477,0.23420333862304688,21.788244247436523,1.0
CQR-OneSided,0.99,0p99,test,-1429.888916015625,1157.9320068359375,-1437.0,1155.0,7.6918253898620605,20.14008140563965,0.23420333862304688,20.374284744262695,1.0
CQR-OneSided,0.99,0p99,test,-1428.445068359375,1156.818359375,-1437.0,1170.0,15.714404106140137,20.960153579711914,0.23420333862304688,21.19435691833496,1.0
CQR-OneSided,0.99,0p99,test,-1422.0531005859375,1148.665771484375,-1437.0,1160.0,18.758319854736328,34.829368591308594,0.23420333862304688,35.06357192993164,1.0
CQR-OneSided,0.99,0p99,test,-1425.203125,1154.14453125,-1437.0,1155.0,11.827852249145508,20.169954299926758,0.23420333862304688,20.404157638549805,1.0
CQR-OneSided,0.99,0p99,test,-1442.8641357421875,1168.518310546875,-1437.0,1170.0,6.048429012298584,21.474756240844727,0.23420333862304688,21.708959579467773,1.0
CQR-OneSided,0.99,0p99,test,-1430.9288330078125,1158.7939453125,-1437.0,1155.0,7.159126281738281,20.440465927124023,0.23420333862304688,20.67466926574707,1.0
CQR-OneSided,0.99,0p99,test,-1433.3267822265625,1160.735595703125,-1437.0,1155.0,6.810990333557129,20.467872619628906,0.23420333862304688,20.702075958251953,1.0
CQR-OneSided,0.99,0p99,test,-1442.638427734375,1168.245849609375,-1437.0,1165.0,6.505951881408691,20.186376571655273,0.23420333862304688,20.42057991027832,1.0
CQR-OneSided,0.99,0p99,test,-1432.2012939453125,1156.8599853515625,-1437.0,1160.0,5.734742641448975,22.944040298461914,0.23420333862304688,23.17824363708496,1.0
CQR-OneSided,0.99,0p99,test,-1437.329833984375,1163.95751953125,-1437.0,1165.0,1.0934147834777832,20.223316192626953,0.23420333862304688,20.45751953125,1.0
CQR-OneSided,0.99,0p99,test,-1434.041259765625,1161.344482421875,-1437.0,1170.0,9.147247314453125,20.9543399810791,0.23420333862304688,21.18854331970215,1.0
CQR-OneSided,0.99,0p99,test,-1427.4346923828125,1156.0123291015625,-1437.0,1170.0,16.94550323486328,21.14647674560547,0.23420333862304688,21.380680084228516,1.0
CQR-OneSided,0.99,0p99,test,-1440.865478515625,1166.8919677734375,-1437.0,1170.0,4.960019111633301,21.349166870117188,0.23420333862304688,21.583370208740234,1.0
CQR-OneSided,0.99,0p99,test,-1424.792724609375,1153.841064453125,-1437.0,1155.0,12.262165069580078,20.595396041870117,0.23420333862304688,20.829599380493164,1.0
CQR-OneSided,0.99,0p99,test,-1432.29736328125,1159.8681640625,-1437.0,1155.0,6.768589973449707,19.9721622467041,0.23420333862304688,20.20636558532715,1.0
CQR-OneSided,0.99,0p99,test,-1444.435791015625,1169.8294677734375,-1437.0,1170.0,7.437746047973633,22.09432601928711,0.23420333862304688,22.328529357910156,1.0
CQR-OneSided,0.99,0p99,test,-1449.41796875,1170.760498046875,-1437.0,1160.0,16.431501388549805,20.708335876464844,0.23420333862304688,20.94253921508789,1.0
CQR-OneSided,0.99,0p99,test,-1425.84814453125,1154.6632080078125,-1437.0,1155.0,11.156940460205078,20.146568298339844,0.23420333862304688,20.38077163696289,1.0
CQR-OneSided,0.99,0p99,test,-1447.38232421875,1172.14697265625,-1437.0,1165.0,12.604438781738281,21.059423446655273,0.23420333862304688,21.29362678527832,1.0
CQR-OneSided,0.99,0p99,test,-1431.559814453125,1159.2684326171875,-1437.0,1165.0,7.902308940887451,19.94051742553711,0.23420333862304688,20.174720764160156,1.0
CQR-OneSided,0.99,0p99,test,-1428.23291015625,1156.673828125,-1437.0,1170.0,15.951448440551758,21.367979049682617,0.23420333862304688,21.602182388305664,1.0
CQR-OneSided,0.99,0p99,test,-1433.6690673828125,1161.011962890625,-1437.0,1165.0,5.196109294891357,20.45138168334961,0.23420333862304688,20.685585021972656,1.0
CQR-OneSided,0.99,0p99,test,-1432.15283203125,1159.8187255859375,-1437.0,1170.0,11.276230812072754,20.98111915588379,0.23420333862304688,21.215322494506836,1.0
CQR-OneSided,0.99,0p99,test,-1432.054443359375,1159.763671875,-1437.0,1170.0,11.36841869354248,21.36213493347168,0.23420333862304688,21.596338272094727,1.0
CQR-OneSided,0.99,0p99,test,-1425.9366455078125,1154.732666015625,-1437.0,1155.0,11.066583633422852,20.10436248779297,0.23420333862304688,20.338565826416016,1.0
CQR-OneSided,0.99,0p99,test,-1427.814697265625,1156.3250732421875,-1437.0,1170.0,16.47341537475586,21.23229217529297,0.23420333862304688,21.466495513916016,1.0
CQR-OneSided,0.99,0p99,test,-1432.89599609375,1160.414306640625,-1437.0,1155.0,6.793935775756836,20.860450744628906,0.23420333862304688,21.094654083251953,1.0
CQR-OneSided,0.99,0p99,test,-1428.763427734375,1157.09033203125,-1437.0,1170.0,15.313414573669434,21.191837310791016,0.23420333862304688,21.426040649414062,1.0
CQR-OneSided,0.99,0p99,test,-1429.4263916015625,1157.5550537109375,-1437.0,1155.0,7.992987155914307,20.101402282714844,0.23420333862304688,20.33560562133789,1.0
CQR-OneSided,0.99,0p99,test,-1442.933837890625,1165.5267333984375,-1437.0,1160.0,8.108959197998047,15.528207778930664,0.23420333862304688,15.762411117553711,1.0
CQR-OneSided,0.99,0p99,test,-1435.4520263671875,1159.4837646484375,-1437.0,1160.0,1.6317846775054932,18.961483001708984,0.23420333862304688,19.19568634033203,1.0
CQR-OneSided,0.99,0p99,test,-1429.09716796875,1157.296875,-1437.0,1155.0,8.22984790802002,20.21771240234375,0.23420333862304688,20.451915740966797,1.0
CQR-OneSided,0.99,0p99,test,-1443.8416748046875,1169.2615966796875,-1437.0,1165.0,8.060379981994629,20.75090789794922,0.23420333862304688,20.985111236572266,1.0
CQR-OneSided,0.99,0p99,test,-1424.84716796875,1153.8529052734375,-1437.0,1155.0,12.206849098205566,20.13188362121582,0.23420333862304688,20.366086959838867,1.0
CQR-OneSided,0.99,0p99,test,-1419.8466796875,1149.880859375,-1437.0,1170.0,26.438915252685547,21.2426700592041,0.23420333862304688,21.47687339782715,0.0
CQR-OneSided,0.99,0p99,test,-1427.2908935546875,1155.8885498046875,-1437.0,1170.0,17.128915786743164,21.036550521850586,0.23420333862304688,21.270753860473633,1.0
CQR-OneSided,0.99,0p99,test,-1433.01171875,1160.4666748046875,-1437.0,1155.0,6.7668986320495605,20.259119033813477,0.23420333862304688,20.493322372436523,1.0
CQR-OneSided,0.99,0p99,test,-1425.1802978515625,1154.1182861328125,-1437.0,1155.0,11.852542877197266,20.06348419189453,0.23420333862304688,20.297687530517578,1.0
CQR-OneSided,0.99,0p99,test,-1445.2598876953125,1167.404052734375,-1437.0,1160.0,11.092598915100098,15.989102363586426,0.23420333862304688,16.223304748535156,1.0
CQR-OneSided,0.99,0p99,test,-1427.08056640625,1155.6605224609375,-1437.0,1155.0,9.941400527954102,20.13593864440918,0.23420333862304688,20.370141983032227,1.0
CQR-OneSided,0.99,0p99,test,-1432.3232421875,1159.924072265625,-1437.0,1155.0,6.791064262390137,20.464941024780273,0.23420333862304688,20.69914436340332,1.0
CQR-OneSided,0.99,0p99,test,-1431.1356201171875,1158.9464111328125,-1437.0,1155.0,7.068600654602051,20.228376388549805,0.23420333862304688,20.46257972717285,1.0
CQR-OneSided,0.99,0p99,test,-1431.33740234375,1159.1463623046875,-1437.0,1170.0,12.241995811462402,20.80416488647461,0.23420333862304688,21.038368225097656,1.0
CQR-OneSided,0.99,0p99,test,-1439.59912109375,1165.8101806640625,-1437.0,1165.0,2.722466230392456,20.480478286743164,0.23420333862304688,20.71468162536621,1.0
CQR-OneSided,0.99,0p99,test,-1442.326416015625,1168.091064453125,-1437.0,1170.0,5.6581573486328125,21.5790958404541,0.23420333862304688,21.81329917907715,1.0
CQR-OneSided,0.99,0p99,test,-1426.06640625,1154.843505859375,-1437.0,1155.0,10.934713363647461,20.186006546020508,0.23420333862304688,20.420209884643555,1.0
CQR-OneSided,0.99,0p99,test,-1498.1732177734375,1210.1253662109375,-1437.0,1160.0,79.08675384521484,84.44701385498047,0.23420333862304688,84.68121337890625,1.0
CQR-OneSided,0.99,0p99,test,-1428.579833984375,1156.947021484375,-1437.0,1170.0,15.533172607421875,21.26804542541504,0.23420333862304688,21.502248764038086,1.0
CQR-OneSided,0.99,0p99,test,-1427.8779296875,1156.3814697265625,-1437.0,1170.0,16.391355514526367,21.305631637573242,0.23420333862304688,21.53983497619629,1.0
CQR-OneSided,0.99,0p99,test,-1426.9287109375,1155.5941162109375,-1437.0,1155.0,10.088797569274902,20.967695236206055,0.23420333862304688,21.2018985748291,1.0
CQR-OneSided,0.99,0p99,test,-1429.741943359375,1157.8292236328125,-1437.0,1155.0,7.789986610412598,20.373079299926758,0.23420333862304688,20.607282638549805,1.0
CQR-OneSided,0.99,0p99,test,-1434.56201171875,1161.7276611328125,-1437.0,1165.0,4.080684661865234,20.345476150512695,0.23420333862304688,20.579679489135742,1.0
CQR-OneSided,0.99,0p99,test,-1434.57373046875,1161.7445068359375,-1437.0,1155.0,7.167646408081055,20.473047256469727,0.23420333862304688,20.707250595092773,1.0
CQR-OneSided,0.99,0p99,test,-1427.495849609375,1155.9927978515625,-1437.0,1155.0,9.555863380432129,20.09541893005371,0.23420333862304688,20.329622268676758,1.0
CQR-OneSided,0.99,0p99,test,-1440.649169921875,1166.6864013671875,-1437.0,1165.0,4.019999027252197,20.84215545654297,0.23420333862304688,21.076358795166016,1.0
CQR-OneSided,0.99,0p99,test,-1435.7532958984375,1162.6956787109375,-1437.0,1165.0,2.6199557781219482,20.42530632019043,0.23420333862304688,20.659509658813477,1.0
CQR-OneSided,0.99,0p99,test,-1429.540771484375,1157.7115478515625,-1437.0,1170.0,14.375191688537598,21.08949089050293,0.23420333862304688,21.323694229125977,1.0
CQR-OneSided,0.99,0p99,test,-1429.655029296875,1157.758544921875,-1437.0,1155.0,7.845901012420654,20.3662166595459,0.23420333862304688,20.600419998168945,1.0
CQR-OneSided,0.99,0p99,test,-1434.03564453125,1161.288818359375,-1437.0,1165.0,4.749765396118164,20.19322395324707,0.23420333862304688,20.427427291870117,1.0
CQR-OneSided,0.99,0p99,test,-1428.341064453125,1156.7548828125,-1437.0,1170.0,15.824357986450195,21.288009643554688,0.23420333862304688,21.522212982177734,1.0
CQR-OneSided,0.99,0p99,test,-1438.8013916015625,1165.1734619140625,-1437.0,1165.0,1.809723973274231,20.603818893432617,0.23420333862304688,20.838022232055664,1.0
CQR-OneSided,0.99,0p99,test,-1431.2684326171875,1159.061767578125,-1437.0,1155.0,7.024871349334717,20.331281661987305,0.23420333862304688,20.56548500061035,1.0
CQR-OneSided,0.99,0p99,test,-1439.375,1165.6077880859375,-1437.0,1165.0,2.4515364170074463,20.194631576538086,0.23420333862304688,20.428834915161133,1.0
CQR-OneSided,0.99,0p99,test,-1432.240966796875,1156.891845703125,-1437.0,1160.0,5.684102535247803,18.980072021484375,0.23420333862304688,19.214275360107422,1.0
CQR-OneSided,0.99,0p99,test,-1435.929443359375,1162.82958984375,-1437.0,1165.0,2.420076847076416,20.273094177246094,0.23420333862304688,20.50729751586914,1.0
CQR-OneSided,0.99,0p99,test,-1433.617431640625,1161.029296875,-1437.0,1170.0,9.58724594116211,21.36309242248535,0.23420333862304688,21.5972957611084,1.0
CQR-OneSided,0.99,0p99,test,-1433.364501953125,1160.7703857421875,-1437.0,1155.0,6.820131778717041,20.5394344329834,0.23420333862304688,20.773637771606445,1.0
CQR-OneSided,0.99,0p99,test,-1406.3173828125,1135.9588623046875,-1437.0,1160.0,38.97947311401367,53.5958251953125,0.23420333862304688,53.83002853393555,1.0
CQR-OneSided,0.99,0p99,test,-1468.91455078125,1186.5029296875,-1437.0,1160.0,41.48426055908203,49.33477783203125,0.23420333862304688,49.5689811706543,1.0
CQR-OneSided,0.99,0p99,test,-1439.6650390625,1165.8282470703125,-1437.0,1165.0,2.7907752990722656,19.999818801879883,0.23420333862304688,20.23402214050293,1.0
CQR-OneSided,0.99,0p99,test,-1433.739990234375,1161.1278076171875,-1437.0,1170.0,9.452166557312012,21.367284774780273,0.23420333862304688,21.60148811340332,1.0
CQR-OneSided,0.99,0p99,test,-1417.989501953125,1145.3848876953125,-1437.0,1160.0,23.979169845581055,38.363101959228516,0.23420333862304688,38.59730529785156,1.0
CQR-OneSided,0.99,0p99,test,-1437.9130859375,1164.4085693359375,-1437.0,1165.0,1.0878952741622925,19.960121154785156,0.23420333862304688,20.194324493408203,1.0
CQR-OneSided,0.99,0p99,test,-1433.023681640625,1160.4923095703125,-1437.0,1155.0,6.78060245513916,20.49477195739746,0.23420333862304688,20.728975296020508,1.0
CQR-OneSided,0.99,0p99,test,-1422.0299072265625,1151.56591796875,-1437.0,1155.0,15.358925819396973,20.009414672851562,0.23420333862304688,20.24361801147461,1.0
CQR-OneSided,0.99,0p99,test,-1422.6722412109375,1149.1656494140625,-1437.0,1160.0,17.96295738220215,35.71768569946289,0.23420333862304688,35.95188903808594,1.0
CQR-OneSided,0.99,0p99,test,-1430.5372314453125,1158.467529296875,-1437.0,1155.0,7.334244251251221,20.300504684448242,0.23420333862304688,20.53470802307129,1.0
CQR-OneSided,0.99,0p99,test,-1428.02392578125,1156.4326171875,-1437.0,1155.0,9.089680671691895,20.271657943725586,0.23420333862304688,20.505861282348633,1.0
CQR-OneSided,0.99,0p99,test,-1466.145263671875,1184.2657470703125,-1437.0,1160.0,37.92456817626953,47.11373519897461,0.23420333862304688,47.347938537597656,1.0
CQR-OneSided,0.99,0p99,test,-1434.240234375,1161.5133056640625,-1437.0,1170.0,8.924140930175781,21.069974899291992,0.23420333862304688,21.30417823791504,1.0
CQR-OneSided,0.99,0p99,test,-1433.386962890625,1160.7744140625,-1437.0,1155.0,6.811600208282471,20.332172393798828,0.23420333862304688,20.566375732421875,1.0
CQR-OneSided,0.99,0p99,test,-1434.560791015625,1161.732177734375,-1437.0,1155.0,7.1604437828063965,20.45395851135254,0.23420333862304688,20.688161849975586,1.0
CQR-OneSided,0.99,0p99,test,-1426.556396484375,1155.2325439453125,-1437.0,1155.0,10.446191787719727,20.071603775024414,0.23420333862304688,20.30580711364746,1.0
CQR-OneSided,0.99,0p99,test,-1439.515869140625,1165.814453125,-1437.0,1170.0,4.883482456207275,21.55994415283203,0.23420333862304688,21.794147491455078,1.0
CQR-OneSided,0.99,0p99,test,-1431.6962890625,1159.456787109375,-1437.0,1170.0,11.80206298828125,21.107423782348633,0.23420333862304688,21.34162712097168,1.0
CQR-OneSided,0.99,0p99,test,-1428.124755859375,1156.5106201171875,-1437.0,1155.0,9.002884864807129,20.2194766998291,0.23420333862304688,20.45368003845215,1.0
CQR-OneSided,0.99,0p99,test,-1433.795166015625,1161.1011962890625,-1437.0,1155.0,6.891702175140381,20.278221130371094,0.23420333862304688,20.51242446899414,1.0
CQR-OneSided,0.99,0p99,test,-1426.847412109375,1155.4903564453125,-1437.0,1165.0,13.910728454589844,20.401296615600586,0.23420333862304688,20.635499954223633,1.0
CQR-OneSided,0.99,0p99,test,-1437.025634765625,1163.7613525390625,-1437.0,1155.0,8.76138973236084,20.96903419494629,0.23420333862304688,21.203237533569336,1.0
CQR-OneSided,0.99,0p99,test,-1425.677734375,1151.592529296875,-1437.0,1160.0,14.102456092834473,32.33987808227539,0.23420333862304688,32.57408142089844,1.0
CQR-OneSided,0.99,0p99,test,-1435.114013671875,1162.171875,-1437.0,1155.0,7.415709018707275,20.326826095581055,0.23420333862304688,20.5610294342041,1.0
CQR-OneSided,0.99,0p99,test,-1433.7501220703125,1161.0604248046875,-1437.0,1165.0,5.107049942016602,20.201749801635742,0.23420333862304688,20.43595314025879,1.0
CQR-OneSided,0.99,0p99,test,-1441.3214111328125,1167.26953125,-1437.0,1170.0,5.111756324768066,21.4864444732666,0.23420333862304688,21.72064781188965,1.0
CQR-OneSided,0.99,0p99,test,-1436.4578857421875,1163.3134765625,-1437.0,1165.0,1.771510362625122,21.123310089111328,0.23420333862304688,21.357513427734375,1.0
CQR-OneSided,0.99,0p99,test,-1443.48974609375,1168.9666748046875,-1437.0,1165.0,7.6060051918029785,20.600614547729492,0.23420333862304688,20.83481788635254,1.0
CQR-OneSided,0.99,0p99,test,-1442.54150390625,1168.1990966796875,-1437.0,1165.0,6.398631572723389,20.621400833129883,0.23420333862304688,20.85560417175293,1.0
CQR-OneSided,0.99,0p99,test,-1431.454345703125,1159.2177734375,-1437.0,1155.0,6.967344760894775,20.420927047729492,0.23420333862304688,20.65513038635254,1.0
CQR-OneSided,0.99,0p99,test,-1430.735107421875,1158.630615234375,-1437.0,1155.0,7.240873336791992,20.341890335083008,0.23420333862304688,20.576093673706055,1.0
CQR-OneSided,0.99,0p99,test,-1433.01513671875,1160.4718017578125,-1437.0,1155.0,6.769028663635254,20.30042266845703,0.23420333862304688,20.534626007080078,1.0
CQR-OneSided,0.99,0p99,test,-1369.2427978515625,1106.0267333984375,-1437.0,1160.0,86.62651062011719,103.15514373779297,0.23420333862304688,103.38934326171875,1.0
CQR-OneSided,0.99,0p99,test,-1422.5858154296875,1151.9783935546875,-1437.0,1165.0,19.42500877380371,19.51018714904785,0.23420333862304688,19.7443904876709,1.0
CQR-OneSided,0.99,0p99,test,-1434.7918701171875,1161.9024658203125,-1437.0,1155.0,7.2470598220825195,20.214632034301758,0.23420333862304688,20.448835372924805,1.0
CQR-OneSided,0.99,0p99,test,-1433.9761962890625,1161.225830078125,-1437.0,1165.0,4.836088180541992,19.973052978515625,0.23420333862304688,20.207256317138672,1.0
CQR-OneSided,0.99,0p99,test,-1437.16015625,1160.8658447265625,-1437.0,1160.0,0.8805322647094727,18.368179321289062,0.23420333862304688,18.60238265991211,1.0
CQR-OneSided,0.99,0p99,test,-1430.5115966796875,1158.4444580078125,-1437.0,1155.0,7.345996856689453,20.277664184570312,0.23420333862304688,20.51186752319336,1.0
CQR-OneSided,0.99,0p99,test,-1432.7548828125,1157.3067626953125,-1437.0,1160.0,5.027379512786865,20.707096099853516,0.23420333862304688,20.941299438476562,1.0
CQR-OneSided,0.99,0p99,test,-1429.63623046875,1157.78857421875,-1437.0,1170.0,14.25987434387207,21.077613830566406,0.23420333862304688,21.311817169189453,1.0
CQR-OneSided,0.99,0p99,test,-1437.0284423828125,1163.7884521484375,-1437.0,1170.0,6.211613178253174,21.35399055480957,0.23420333862304688,21.588193893432617,1.0
CQR-OneSided,0.99,0p99,test,-1331.455810546875,1078.9027099609375,-1437.0,1160.0,133.10276794433594,213.0470428466797,0.23420333862304688,213.28125,1.0
CQR-OneSided,0.99,0p99,test,-1438.353515625,1164.8182373046875,-1437.0,1165.0,1.3656654357910156,20.678293228149414,0.23420333862304688,20.91249656677246,1.0
CQR-OneSided,0.99,0p99,test,-1424.6317138671875,1153.675048828125,-1437.0,1155.0,12.439051628112793,20.083044052124023,0.23420333862304688,20.31724739074707,1.0
CQR-OneSided,0.99,0p99,test,-1432.763671875,1160.27880859375,-1437.0,1155.0,6.768477916717529,20.4599666595459,0.23420333862304688,20.694169998168945,1.0
CQR-OneSided,0.99,0p99,test,-1456.2962646484375,1176.3131103515625,-1437.0,1160.0,25.267833709716797,33.32439041137695,0.23420333862304688,33.55859375,1.0
CQR-OneSided,0.99,0p99,test,-1434.234619140625,1161.4813232421875,-1437.0,1165.0,4.475312232971191,20.632726669311523,0.23420333862304688,20.86693000793457,1.0
CQR-OneSided,0.99,0p99,test,-1428.182373046875,1156.5628662109375,-1437.0,1155.0,8.955060005187988,20.29799461364746,0.23420333862304688,20.532197952270508,1.0
CQR-OneSided,0.99,0p99,test,-1432.1826171875,1159.8572998046875,-1437.0,1170.0,11.22860336303711,21.196760177612305,0.23420333862304688,21.43096351623535,1.0
CQR-OneSided,0.99,0p99,test,-1434.9371337890625,1162.06201171875,-1437.0,1170.0,8.201650619506836,20.842103958129883,0.23420333862304688,21.07630729675293,1.0
CQR-OneSided,0.99,0p99,test,-1413.6080322265625,1141.8468017578125,-1437.0,1160.0,29.60950469970703,39.4327507019043,0.23420333862304688,39.666954040527344,1.0
CQR-OneSided,0.99,0p99,test,-1429.9761962890625,1158.0428466796875,-1437.0,1165.0,9.886141777038574,20.72764778137207,0.23420333862304688,20.961851119995117,1.0
CQR-OneSided,0.99,0p99,test,-1438.8338623046875,1165.1954345703125,-1437.0,1165.0,1.8442466259002686,20.52505111694336,0.23420333862304688,20.759254455566406,1.0
CQR-OneSided,0.99,0p99,test,-1427.4429931640625,1155.9559326171875,-1437.0,1165.0,13.15794563293457,20.155723571777344,0.23420333862304688,20.38992691040039,1.0
CQR-OneSided,0.99,0p99,test,-1434.90234375,1159.0404052734375,-1437.0,1160.0,2.3067257404327393,17.554828643798828,0.23420333862304688,17.789031982421875,1.0
CQR-OneSided,0.99,0p99,test,-1423.963623046875,1150.2083740234375,-1437.0,1160.0,16.304080963134766,34.32252883911133,0.23420333862304688,34.556732177734375,1.0
CQR-OneSided,0.99,0p99,test,-1435.5462646484375,1162.54541015625,-1437.0,1155.0,7.684175968170166,20.68941307067871,0.23420333862304688,20.923616409301758,1.0
CQR-OneSided,0.99,0p99,test,-1418.44189453125,1145.75048828125,-1437.0,1160.0,23.397689819335938,44.62551498413086,0.23420333862304688,44.859718322753906,1.0
CQR-OneSided,0.99,0p99,test,-1430.0743408203125,1155.1416015625,-1437.0,1160.0,8.459834098815918,22.429439544677734,0.23420333862304688,22.66364288330078,1.0
CQR-OneSided,0.99,0p99,test,-1403.624755859375,1133.78466796875,-1437.0,1160.0,42.439964294433594,54.80891799926758,0.23420333862304688,55.043121337890625,1.0
CQR-OneSided,0.99,0p99,test,-1458.18212890625,1177.836669921875,-1437.0,1160.0,27.691682815551758,35.22061538696289,0.23420333862304688,35.45481872558594,1.0
CQR-OneSided,0.99,0p99,test,-1443.195556640625,1168.749755859375,-1437.0,1165.0,7.2419328689575195,20.911563873291016,0.23420333862304688,21.145767211914062,1.0
CQR-OneSided,0.99,0p99,test,-1437.2564697265625,1160.943359375,-1437.0,1160.0,0.9776009321212769,18.291927337646484,0.23420333862304688,18.52613067626953,1.0
CQR-OneSided,0.99,0p99,test,-1417.628173828125,1145.0928955078125,-1437.0,1160.0,24.44359588623047,39.729434967041016,0.23420333862304688,39.96363830566406,1.0
CQR-OneSided,0.99,0p99,test,-1438.738525390625,1165.1429443359375,-1437.0,1165.0,1.7443920373916626,20.899030685424805,0.23420333862304688,21.13323402404785,1.0
CQR-OneSided,0.99,0p99,test,-1432.64501953125,1160.166748046875,-1437.0,1165.0,6.505857467651367,20.215852737426758,0.23420333862304688,20.450056076049805,1.0
CQR-OneSided,0.99,0p99,test,-1431.36083984375,1156.1807861328125,-1437.0,1160.0,6.810765266418457,18.55138397216797,0.23420333862304688,18.785587310791016,1.0
CQR-OneSided,0.99,0p99,test,-1404.1954345703125,1134.246826171875,-1437.0,1160.0,41.7056999206543,56.9479866027832,0.23420333862304688,57.18218994140625,1.0
CQR-OneSided,0.99,0p99,test,-1443.1590576171875,1165.707763671875,-1437.0,1160.0,8.397175788879395,14.396028518676758,0.23420333862304688,14.630231857299805,1.0
CQR-OneSided,0.99,0p99,test,-1435.838623046875,1162.7584228515625,-1437.0,1165.0,2.5245721340179443,20.327280044555664,0.23420333862304688,20.56148338317871,1.0
CQR-OneSided,0.99,0p99,test,-1372.7630615234375,1108.8643798828125,-1437.0,1160.0,82.10502624511719,88.86420440673828,0.23420333862304688,89.09840393066406,1.0
CQR-OneSided,0.99,0p99,test,-1423.632080078125,1149.9412841796875,-1437.0,1160.0,16.729585647583008,31.55974769592285,0.23420333862304688,31.7939510345459,1.0
CQR-OneSided,0.99,0p99,test,-1428.197265625,1156.6541748046875,-1437.0,1170.0,15.987469673156738,21.485660552978516,0.23420333862304688,21.719863891601562,1.0
CQR-OneSided,0.99,0p99,test,-1433.5518798828125,1160.8997802734375,-1437.0,1155.0,6.833515644073486,20.21208381652832,0.23420333862304688,20.446287155151367,1.0
CQR-OneSided,0.99,0p99,test,-1439.6624755859375,1165.85302734375,-1437.0,1165.0,2.795788288116455,20.35478973388672,0.23420333862304688,20.588993072509766,1.0
CQR-OneSided,0.99,0p99,test,-1441.0240478515625,1163.9849853515625,-1437.0,1160.0,5.663308620452881,16.688720703125,0.23420333862304688,16.922924041748047,1.0
CQR-OneSided,0.99,0p99,test,-1436.42724609375,1163.3216552734375,-1437.0,1170.0,6.702860355377197,21.651723861694336,0.23420333862304688,21.885927200317383,1.0
CQR-OneSided,0.99,0p99,test,-1431.8135986328125,1159.5001220703125,-1437.0,1155.0,6.866575241088867,20.3054256439209,0.23420333862304688,20.539628982543945,1.0
CQR-OneSided,0.99,0p99,test,-1439.51953125,1165.7520751953125,-1437.0,1170.0,4.93891716003418,20.597990036010742,0.23420333862304688,20.83219337463379,1.0
CQR-OneSided,0.99,0p99,test,-1444.580810546875,1169.848876953125,-1437.0,1165.0,8.998905181884766,20.580093383789062,0.23420333862304688,20.81429672241211,1.0
CQR-OneSided,0.99,0p99,test,-1439.752685546875,1166.0128173828125,-1437.0,1170.0,4.845090389251709,21.660722732543945,0.23420333862304688,21.894926071166992,1.0
CQR-OneSided,0.99,0p99,test,-1432.548583984375,1160.1580810546875,-1437.0,1170.0,10.801780700683594,21.223134994506836,0.23420333862304688,21.457338333129883,1.0
CQR-OneSided,0.99,0p99,test,-1373.2315673828125,1109.2454833984375,-1437.0,1160.0,81.50112915039062,90.07904815673828,0.23420333862304688,90.31324768066406,1.0
CQR-OneSided,0.99,0p99,test,-1427.232177734375,1155.7989501953125,-1437.0,1155.0,9.800442695617676,20.387495040893555,0.23420333862304688,20.6216983795166,1.0
CQR-OneSided,0.99,0p99,test,-1425.462890625,1154.3743896484375,-1437.0,1165.0,15.68465805053711,20.47947120666504,0.23420333862304688,20.713674545288086,1.0
CQR-OneSided,0.99,0p99,test,-1431.28564453125,1159.0911865234375,-1437.0,1155.0,7.027920246124268,20.5736026763916,0.23420333862304688,20.80780601501465,1.0
CQR-OneSided,0.99,0p99,test,-1426.8333740234375,1152.5240478515625,-1437.0,1160.0,12.61943531036377,21.64896011352539,0.23420333862304688,21.883163452148438,1.0
CQR-OneSided,0.99,0p99,test,-1434.907958984375,1162.0484619140625,-1437.0,1170.0,8.222140312194824,20.99512481689453,0.23420333862304688,21.229328155517578,1.0
CQR-OneSided,0.99,0p99,test,-1389.128173828125,1122.0787353515625,-1437.0,1160.0,61.07154846191406,70.0606918334961,0.23420333862304688,70.29489135742188,1.0
CQR-OneSided,0.99,0p99,test,-1422.183837890625,1148.771484375,-1437.0,1160.0,18.59027099609375,33.445613861083984,0.23420333862304688,33.67981719970703,1.0
CQR-OneSided,0.99,0p99,test,-1476.3466796875,1192.5013427734375,-1437.0,1160.0,51.03428649902344,74.5768814086914,0.23420333862304688,74.81108093261719,1.0
CQR-OneSided,0.99,0p99,test,-1427.2320556640625,1155.7821044921875,-1437.0,1155.0,9.79920482635498,20.127946853637695,0.23420333862304688,20.362150192260742,1.0
CQR-OneSided,0.99,0p99,test,-1069.338134765625,867.5717163085938,-1437.0,1165.0,472.9046936035156,716.7822875976562,0.23420333862304688,717.0164794921875,1.0
CQR-OneSided,0.99,0p99,test,-1433.8515625,1161.2083740234375,-1437.0,1170.0,9.338379859924316,21.211666107177734,0.23420333862304688,21.44586944580078,1.0
CQR-OneSided,0.99,0p99,test,-1458.337158203125,1177.9613037109375,-1437.0,1160.0,27.890548706054688,36.68095016479492,0.23420333862304688,36.91515350341797,1.0
CQR-OneSided,0.99,0p99,test,-1434.4776611328125,1161.7174072265625,-1437.0,1170.0,8.658147811889648,21.255956649780273,0.23420333862304688,21.49015998840332,1.0
CQR-OneSided,0.99,0p99,test,-1433.0860595703125,1160.5487060546875,-1437.0,1155.0,6.790218830108643,20.583158493041992,0.23420333862304688,20.81736183166504,1.0
CQR-OneSided,0.99,0p99,test,-1436.5325927734375,1163.2874755859375,-1437.0,1165.0,1.7751647233963013,19.90467643737793,0.23420333862304688,20.138879776000977,1.0
CQR-OneSided,0.99,0p99,test,-1431.16015625,1159.022216796875,-1437.0,1170.0,12.4344482421875,21.089176177978516,0.23420333862304688,21.323379516601562,1.0
CQR-OneSided,0.99,0p99,test,-1431.9208984375,1159.5706787109375,-1437.0,1155.0,6.832889556884766,20.086929321289062,0.23420333862304688,20.32113265991211,1.0
CQR-OneSided,0.99,0p99,test,-1393.277099609375,1125.4290771484375,-1437.0,1160.0,55.73904037475586,65.22066497802734,0.23420333862304688,65.45486450195312,1.0
CQR-OneSided,0.99,0p99,test,-1426.72119140625,1152.4356689453125,-1437.0,1160.0,12.762171745300293,32.159629821777344,0.23420333862304688,32.39383316040039,1.0
CQR-OneSided,0.99,0p99,test,-1440.372314453125,1166.4573974609375,-1437.0,1165.0,3.673759937286377,20.785287857055664,0.23420333862304688,21.01949119567871,1.0
CQR-OneSided,0.99,0p99,test,-1429.127197265625,1157.2947998046875,-1437.0,1165.0,11.015949249267578,19.849241256713867,0.23420333862304688,20.083444595336914,1.0
CQR-OneSided,0.99,0p99,test,-1435.4422607421875,1162.4339599609375,-1437.0,1165.0,3.0018515586853027,20.273908615112305,0.23420333862304688,20.50811195373535,1.0
CQR-OneSided,0.99,0p99,test,-1430.90576171875,1158.8199462890625,-1437.0,1170.0,12.733159065246582,21.12357521057129,0.23420333862304688,21.357778549194336,1.0
CQR-OneSided,0.99,0p99,test,-1434.339111328125,1161.5472412109375,-1437.0,1155.0,7.06729793548584,20.36530876159668,0.23420333862304688,20.599512100219727,1.0
CQR-OneSided,0.99,0p99,test,-1433.3436279296875,1160.7542724609375,-1437.0,1165.0,5.603147506713867,20.533000946044922,0.23420333862304688,20.76720428466797,1.0
CQR-OneSided,0.99,0p99,test,-1431.263671875,1159.094482421875,-1437.0,1170.0,12.322165489196777,20.90353012084961,0.23420333862304688,21.137733459472656,1.0
CQR-OneSided,0.99,0p99,test,-1427.2177734375,1155.775390625,-1437.0,1155.0,9.812909126281738,20.200010299682617,0.23420333862304688,20.434213638305664,1.0
CQR-OneSided,0.99,0p99,test,-1435.1107177734375,1162.1729736328125,-1437.0,1155.0,7.417609691619873,20.39385223388672,0.23420333862304688,20.628055572509766,1.0
CQR-OneSided,0.99,0p99,test,-1428.0093994140625,1156.44580078125,-1437.0,1165.0,12.409883499145508,20.62677574157715,0.23420333862304688,20.860979080200195,1.0
CQR-OneSided,0.99,0p99,test,-1430.0394287109375,1158.07373046875,-1437.0,1155.0,7.609032154083252,20.41398811340332,0.23420333862304688,20.648191452026367,1.0
CQR-OneSided,0.99,0p99,test,-1429.6640625,1157.8072509765625,-1437.0,1160.0,7.656639575958252,21.036876678466797,0.23420333862304688,21.271080017089844,1.0
CQR-OneSided,0.99,0p99,test,-1427.056884765625,1155.6478271484375,-1437.0,1155.0,9.964197158813477,20.238012313842773,0.23420333862304688,20.47221565246582,1.0
CQR-OneSided,0.99,0p99,test,-1423.4111328125,1152.7083740234375,-1437.0,1155.0,13.780742645263672,20.36839485168457,0.23420333862304688,20.602598190307617,1.0
CQR-OneSided,0.99,0p99,test,-1438.876708984375,1165.2247314453125,-1437.0,1165.0,1.890116572380066,20.436906814575195,0.23420333862304688,20.671110153198242,1.0
CQR-OneSided,0.99,0p99,test,-1426.95703125,1155.544189453125,-1437.0,1155.0,10.05770206451416,19.936616897583008,0.23420333862304688,20.170820236206055,1.0
CQR-OneSided,0.99,0p99,test,-1439.245849609375,1165.613037109375,-1437.0,1170.0,4.928415775299072,21.804040908813477,0.23420333862304688,22.038244247436523,1.0
CQR-OneSided,0.99,0p99,test,-1446.993896484375,1171.8516845703125,-1437.0,1170.0,10.163990020751953,21.363624572753906,0.23420333862304688,21.597827911376953,1.0
CQR-OneSided,0.99,0p99,test,-1433.1455078125,1160.5614013671875,-1437.0,1165.0,5.878628253936768,20.08698081970215,0.23420333862304688,20.321184158325195,1.0
CQR-OneSided,0.99,0p99,test,-1435.973876953125,1162.8857421875,-1437.0,1165.0,2.350109577178955,20.596437454223633,0.23420333862304688,20.83064079284668,1.0
CQR-OneSided,0.99,0p99,test,-1429.9478759765625,1157.9693603515625,-1437.0,1165.0,9.958028793334961,20.013507843017578,0.23420333862304688,20.247711181640625,1.0
CQR-OneSided,0.99,0p99,test,-1429.93798828125,1157.98193359375,-1437.0,1155.0,7.665763854980469,20.276735305786133,0.23420333862304688,20.51093864440918,1.0
CQR-OneSided,0.99,0p99,test,-1454.417236328125,1174.799072265625,-1437.0,1160.0,22.8554744720459,24.848295211791992,0.23420333862304688,25.08249855041504,1.0
CQR-OneSided,0.99,0p99,test,-1435.2862548828125,1162.322265625,-1437.0,1165.0,3.1791796684265137,20.462356567382812,0.23420333862304688,20.69655990600586,1.0
CQR-OneSided,0.99,0p99,test,-1423.374267578125,1149.7330322265625,-1437.0,1160.0,17.060810089111328,35.17038345336914,0.23420333862304688,35.40458679199219,1.0
CQR-OneSided,0.99,0p99,test,-1431.0030517578125,1158.897705078125,-1437.0,1170.0,12.618412971496582,21.095518112182617,0.23420333862304688,21.329721450805664,1.0
CQR-OneSided,0.99,0p99,test,-1443.5291748046875,1169.063720703125,-1437.0,1170.0,6.595963954925537,21.588808059692383,0.23420333862304688,21.82301139831543,1.0
CQR-OneSided,0.99,0p99,test,-1416.1221923828125,1143.8797607421875,-1437.0,1160.0,26.376977920532227,45.10275650024414,0.23420333862304688,45.33695983886719,1.0
CQR-OneSided,0.99,0p99,test,-1430.4970703125,1158.5045166015625,-1437.0,1170.0,13.207355499267578,21.37433433532715,0.23420333862304688,21.608537673950195,1.0
CQR-OneSided,0.99,0p99,test,-1440.470458984375,1163.5428466796875,-1437.0,1160.0,4.959420204162598,32.47996139526367,0.23420333862304688,32.71416473388672,1.0
CQR-OneSided,0.99,0p99,test,-1437.95751953125,1164.4906005859375,-1437.0,1165.0,1.0845881700515747,20.60567283630371,0.23420333862304688,20.839876174926758,1.0
CQR-OneSided,0.99,0p99,test,-1441.31787109375,1167.2391357421875,-1437.0,1155.0,12.978461265563965,21.031187057495117,0.23420333862304688,21.265390396118164,1.0
CQR-OneSided,0.99,0p99,test,-1432.244140625,1156.8944091796875,-1437.0,1160.0,5.6800432205200195,22.73636245727539,0.23420333862304688,22.970565795898438,1.0
CQR-OneSided,0.99,0p99,test,-1442.84619140625,1168.4407958984375,-1437.0,1165.0,6.783585548400879,20.528974533081055,0.23420333862304688,20.7631778717041,1.0
CQR-OneSided,0.99,0p99,test,-1427.079833984375,1155.709228515625,-1437.0,1170.0,17.39643096923828,20.899436950683594,0.23420333862304688,21.13364028930664,1.0
CQR-OneSided,0.99,0p99,test,-1438.057861328125,1164.52978515625,-1437.0,1165.0,1.1576582193374634,20.020971298217773,0.23420333862304688,20.25517463684082,1.0
CQR-OneSided,0.99,0p99,test,-1423.928466796875,1153.0751953125,-1437.0,1165.0,17.69367027282715,19.649187088012695,0.23420333862304688,19.883390426635742,1.0
CQR-OneSided,0.99,0p99,test,-1431.3497314453125,1159.146484375,-1437.0,1155.0,7.008485317230225,20.618444442749023,0.23420333862304688,20.85264778137207,1.0
CQR-OneSided,0.99,0p99,test,-1438.704833984375,1162.1090087890625,-1437.0,1160.0,2.71189546585083,15.429776191711426,0.23420333862304688,15.663979530334473,1.0
CQR-OneSided,0.99,0p99,test,-1433.470703125,1160.838134765625,-1437.0,1155.0,6.822005271911621,20.269948959350586,0.23420333862304688,20.504152297973633,1.0
CQR-OneSided,0.99,0p99,test,-1437.05908203125,1163.8128662109375,-1437.0,1170.0,6.187416076660156,21.356613159179688,0.23420333862304688,21.590816497802734,1.0
CQR-OneSided,0.99,0p99,test,-1428.3203125,1156.7066650390625,-1437.0,1165.0,12.00484848022461,20.803909301757812,0.23420333862304688,21.03811264038086,1.0
CQR-OneSided,0.99,0p99,test,-1427.1552734375,1155.7332763671875,-1437.0,1155.0,9.871997833251953,20.31436538696289,0.23420333862304688,20.548568725585938,1.0
CQR-OneSided,0.99,0p99,test,-1434.618408203125,1161.8046875,-1437.0,1170.0,8.534350395202637,20.860151290893555,0.23420333862304688,21.0943546295166,1.0
CQR-OneSided,0.99,0p99,test,-1419.859619140625,1149.833740234375,-1437.0,1155.0,17.902036666870117,20.341217041015625,0.23420333862304688,20.575420379638672,1.0
CQR-OneSided,0.99,0p99,test,-1438.534912109375,1164.959228515625,-1437.0,1155.0,10.076814651489258,20.627656936645508,0.23420333862304688,20.861860275268555,1.0
CQR-OneSided,0.99,0p99,test,-1435.20361328125,1162.2586669921875,-1437.0,1155.0,7.477650165557861,20.5408878326416,0.23420333862304688,20.77509117126465,1.0
CQR-OneSided,0.99,0p99,test,-1434.353271484375,1161.5340576171875,-1437.0,1165.0,4.360955238342285,20.029850006103516,0.23420333862304688,20.264053344726562,1.0
CQR-OneSided,0.99,0p99,test,-1437.993896484375,1164.5313720703125,-1437.0,1170.0,5.5582122802734375,20.789108276367188,0.23420333862304688,21.023311614990234,1.0
CQR-OneSided,0.99,0p99,test,-1429.14013671875,1157.3338623046875,-1437.0,1165.0,10.979394912719727,20.228525161743164,0.23420333862304688,20.46272850036621,1.0
CQR-OneSided,0.99,0p99,test,-1435.79541015625,1162.736083984375,-1437.0,1155.0,7.829306125640869,20.54057502746582,0.23420333862304688,20.774778366088867,1.0
CQR-OneSided,0.99,0p99,test,-1428.162353515625,1156.60302734375,-1437.0,1170.0,16.049388885498047,21.179931640625,0.23420333862304688,21.414134979248047,1.0
CQR-OneSided,0.99,0p99,test,-1434.371337890625,1161.54931640625,-1437.0,1165.0,4.337865829467773,20.028348922729492,0.23420333862304688,20.26255226135254,1.0
CQR-OneSided,0.99,0p99,test,-1432.6788330078125,1160.1998291015625,-1437.0,1155.0,6.760969638824463,20.30320167541504,0.23420333862304688,20.537405014038086,1.0
CQR-OneSided,0.99,0p99,test,-1440.1453857421875,1166.2442626953125,-1437.0,1165.0,3.382549524307251,20.343706130981445,0.23420333862304688,20.577909469604492,1.0
CQR-OneSided,0.99,0p99,test,-1447.44580078125,1169.1669921875,-1437.0,1160.0,13.897787094116211,22.210338592529297,0.23420333862304688,22.444541931152344,1.0
CQR-OneSided,0.99,0p99,test,-1437.7652587890625,1164.3345947265625,-1437.0,1165.0,1.014093279838562,20.600378036499023,0.23420333862304688,20.83458137512207,1.0
CQR-OneSided,0.99,0p99,test,-1399.017822265625,1130.065185546875,-1437.0,1160.0,48.360511779785156,60.086238861083984,0.23420333862304688,60.32044219970703,1.0
CQR-OneSided,0.99,0p99,test,-1424.442626953125,1153.5142822265625,-1437.0,1155.0,12.64495849609375,19.96369171142578,0.23420333862304688,20.197895050048828,1.0
CQR-OneSided,0.99,0p99,test,-1431.163818359375,1158.9652099609375,-1437.0,1155.0,7.0557708740234375,20.16517448425293,0.23420333862304688,20.399377822875977,1.0
CQR-OneSided,0.99,0p99,test,-1435.6724853515625,1162.6326904296875,-1437.0,1165.0,2.714120388031006,20.46449851989746,0.23420333862304688,20.698701858520508,1.0
CQR-OneSided,0.99,0p99,test,-1444.981689453125,1170.1754150390625,-1437.0,1165.0,9.51274299621582,20.631139755249023,0.23420333862304688,20.86534309387207,1.0
CQR-OneSided,0.99,0p99,test,-1435.0452880859375,1162.106201171875,-1437.0,1165.0,3.4921298027038574,20.18260955810547,0.23420333862304688,20.416812896728516,1.0
CQR-OneSided,0.99,0p99,test,-1428.263916015625,1156.6322021484375,-1437.0,1155.0,8.887251853942871,20.361474990844727,0.23420333862304688,20.595678329467773,1.0
CQR-OneSided,0.99,0p99,test,-1426.40185546875,1155.098388671875,-1437.0,1165.0,14.503881454467773,19.964527130126953,0.23420333862304688,20.19873046875,1.0
CQR-OneSided,0.99,0p99,test,-1468.465576171875,1186.138427734375,-1437.0,1160.0,40.90598678588867,52.77730178833008,0.23420333862304688,53.011505126953125,1.0
CQR-OneSided,0.99,0p99,test,-1442.837158203125,1168.4691162109375,-1437.0,1165.0,6.790226936340332,21.03254508972168,0.23420333862304688,21.266748428344727,1.0
CQR-OneSided,0.99,0p99,test,-1419.603271484375,1149.616455078125,-1437.0,1155.0,18.210674285888672,20.20729637145996,0.23420333862304688,20.441499710083008,1.0
CQR-OneSided,0.99,0p99,test,-1432.388671875,1159.971435546875,-1437.0,1155.0,6.780819892883301,20.38623809814453,0.23420333862304688,20.620441436767578,1.0
CQR-OneSided,0.99,0p99,test,-1426.192626953125,1152.0074462890625,-1437.0,1160.0,13.441734313964844,28.146686553955078,0.23420333862304688,28.380889892578125,1.0
CQR-OneSided,0.99,0p99,test,-1444.69921875,1166.94921875,-1437.0,1160.0,10.371577262878418,20.551822662353516,0.23420333862304688,20.786026000976562,1.0
CQR-OneSided,0.99,0p99,test,-1428.199462890625,1156.55908203125,-1437.0,1155.0,8.937572479248047,20.0518856048584,0.23420333862304688,20.286088943481445,1.0
CQR-OneSided,0.99,0p99,test,-1393.850830078125,1125.8948974609375,-1437.0,1160.0,55.00008010864258,66.1257553100586,0.23420333862304688,66.35995483398438,1.0
CQR-OneSided,0.99,0p99,test,-1422.60498046875,1152.035400390625,-1437.0,1155.0,14.697123527526855,20.07167625427246,0.23420333862304688,20.305879592895508,1.0
CQR-OneSided,0.99,0p99,test,-1432.1650390625,1159.7894287109375,-1437.0,1155.0,6.80554723739624,20.382951736450195,0.23420333862304688,20.617155075073242,1.0
CQR-OneSided,0.99,0p99,test,-1434.32421875,1161.5155029296875,-1437.0,1165.0,4.393350124359131,20.09862518310547,0.23420333862304688,20.332828521728516,1.0
CQR-OneSided,0.99,0p99,test,-1440.4111328125,1166.4769287109375,-1437.0,1165.0,3.717142105102539,20.618303298950195,0.23420333862304688,20.852506637573242,1.0
CQR-OneSided,0.99,0p99,test,-1426.805908203125,1155.5042724609375,-1437.0,1170.0,17.721332550048828,21.154794692993164,0.23420333862304688,21.38899803161621,1.0
CQR-OneSided,0.99,0p99,test,-1435.4862060546875,1162.503662109375,-1437.0,1165.0,2.9194648265838623,20.77842140197754,0.23420333862304688,21.012624740600586,1.0
CQR-OneSided,0.99,0p99,test,-1439.357666015625,1165.6007080078125,-1437.0,1165.0,2.4329898357391357,20.275596618652344,0.23420333862304688,20.50979995727539,1.0
CQR-OneSided,0.99,0p99,test,-1406.296875,1135.94287109375,-1437.0,1160.0,39.00547790527344,53.57155990600586,0.23420333862304688,53.805763244628906,1.0
CQR-OneSided,0.99,0p99,test,-1428.656494140625,1156.944580078125,-1437.0,1155.0,8.567116737365723,20.269493103027344,0.23420333862304688,20.50369644165039,1.0
CQR-OneSided,0.99,0p99,test,-1429.005126953125,1157.2415771484375,-1437.0,1165.0,11.140517234802246,20.472970962524414,0.23420333862304688,20.70717430114746,1.0
CQR-OneSided,0.99,0p99,test,-1435.36669921875,1162.388671875,-1437.0,1155.0,7.567043304443359,20.5203800201416,0.23420333862304688,20.75458335876465,1.0
CQR-OneSided,0.99,0p99,test,-1432.343505859375,1160.0211181640625,-1437.0,1170.0,11.011857986450195,21.684738159179688,0.23420333862304688,21.918941497802734,1.0
CQR-OneSided,0.99,0p99,test,-1420.2286376953125,1150.103515625,-1437.0,1155.0,17.47152328491211,19.93510627746582,0.23420333862304688,20.169309616088867,1.0
CQR-OneSided,0.99,0p99,test,-1426.493896484375,1155.1865234375,-1437.0,1155.0,10.507759094238281,20.151437759399414,0.23420333862304688,20.38564109802246,1.0
CQR-OneSided,0.99,0p99,test,-1432.82080078125,1160.3175048828125,-1437.0,1155.0,6.763250827789307,20.336523056030273,0.23420333862304688,20.57072639465332,1.0
CQR-OneSided,0.99,0p99,test,-1430.3038330078125,1158.2926025390625,-1437.0,1155.0,7.46189546585083,20.49932289123535,0.23420333862304688,20.7335262298584,1.0
CQR-OneSided,0.99,0p99,test,-1446.90625,1168.73388671875,-1437.0,1160.0,13.206610679626465,18.630809783935547,0.23420333862304688,18.865013122558594,1.0
CQR-OneSided,0.99,0p99,test,-1436.442626953125,1163.281982421875,-1437.0,1165.0,1.8061697483062744,20.84920310974121,0.23420333862304688,21.083406448364258,1.0
CQR-OneSided,0.99,0p99,test,-1433.53369140625,1157.9364013671875,-1437.0,1160.0,4.034071922302246,23.740467071533203,0.23420333862304688,23.97467041015625,1.0
CQR-OneSided,0.99,0p99,test,-1421.283935546875,1150.9608154296875,-1437.0,1155.0,16.22681999206543,19.98920249938965,0.23420333862304688,20.223405838012695,1.0
CQR-OneSided,0.99,0p99,test,-1431.25048828125,1159.04052734375,-1437.0,1165.0,8.28083324432373,20.247312545776367,0.23420333862304688,20.481515884399414,1.0
CQR-OneSided,0.99,0p99,test,-1404.80224609375,1134.7364501953125,-1437.0,1160.0,40.92605972290039,50.34553527832031,0.23420333862304688,50.57973861694336,1.0
CQR-OneSided,0.99,0p99,test,-1441.426025390625,1167.299072265625,-1437.0,1165.0,4.987527847290039,20.62816047668457,0.23420333862304688,20.862363815307617,1.0
CQR-OneSided,0.99,0p99,test,-1435.484619140625,1162.4871826171875,-1437.0,1155.0,7.638997554779053,20.564634323120117,0.23420333862304688,20.798837661743164,1.0
CQR-OneSided,0.99,0p99,test,-1433.509765625,1160.876708984375,-1437.0,1155.0,6.835016250610352,20.372461318969727,0.23420333862304688,20.606664657592773,1.0
CQR-OneSided,0.99,0p99,test,-1433.48095703125,1160.84912109375,-1437.0,1165.0,5.441824913024902,20.2864933013916,0.23420333862304688,20.52069664001465,1.0
CQR-OneSided,0.99,0p99,test,-1413.2291259765625,1141.5411376953125,-1437.0,1160.0,30.09624671936035,41.929927825927734,0.23420333862304688,42.16413116455078,1.0
CQR-OneSided,0.99,0p99,test,-1437.591064453125,1161.2098388671875,-1437.0,1160.0,1.3465018272399902,16.44804573059082,0.23420333862304688,16.682249069213867,1.0
CQR-OneSided,0.99,0p99,test,-1437.843505859375,1164.4256591796875,-1437.0,1170.0,5.637799263000488,21.02521324157715,0.23420333862304688,21.259416580200195,1.0
CQR-OneSided,0.99,0p99,test,-1430.23046875,1158.26171875,-1437.0,1170.0,13.550416946411133,20.945735931396484,0.23420333862304688,21.17993927001953,1.0
CQR-OneSided,0.99,0p99,test,-1428.777099609375,1154.095458984375,-1437.0,1160.0,10.123225212097168,29.12360382080078,0.23420333862304688,29.357807159423828,1.0
CQR-OneSided,0.99,0p99,test,-1436.0369873046875,1162.9749755859375,-1437.0,1170.0,7.090723514556885,21.192136764526367,0.23420333862304688,21.426340103149414,1.0
CQR-OneSided,0.99,0p99,test,-1438.4862060546875,1164.9061279296875,-1437.0,1155.0,10.01699447631836,20.434932708740234,0.23420333862304688,20.66913604736328,1.0
CQR-OneSided,0.99,0p99,test,-1450.6138916015625,1174.8138427734375,-1437.0,1170.0,14.43991470336914,21.855920791625977,0.23420333862304688,22.090124130249023,1.0
CQR-OneSided,0.99,0p99,test,-1448.62060546875,1170.1138916015625,-1437.0,1160.0,15.405494689941406,26.216230392456055,0.23420333862304688,26.4504337310791,1.0
CQR-OneSided,0.99,0p99,test,-1434.3515625,1161.62255859375,-1437.0,1165.0,4.292007923126221,21.350522994995117,0.23420333862304688,21.584726333618164,1.0
CQR-OneSided,0.99,0p99,test,-1424.9671630859375,1153.951904296875,-1437.0,1155.0,12.078396797180176,20.151464462280273,0.23420333862304688,20.38566780090332,1.0
CQR-OneSided,0.99,0p99,test,-1428.906982421875,1157.1971435546875,-1437.0,1170.0,15.146288871765137,21.0389404296875,0.23420333862304688,21.273143768310547,1.0
CQR-OneSided,0.99,0p99,test,-1440.8837890625,1166.8377685546875,-1437.0,1165.0,4.2966508865356445,20.31660270690918,0.23420333862304688,20.550806045532227,1.0
CQR-OneSided,0.99,0p99,test,-1433.7781982421875,1161.0845947265625,-1437.0,1155.0,6.884932518005371,20.23337173461914,0.23420333862304688,20.467575073242188,1.0
CQR-OneSided,0.99,0p99,test,-1431.246337890625,1159.0938720703125,-1437.0,1170.0,12.330784797668457,21.130645751953125,0.23420333862304688,21.364849090576172,1.0
CQR-OneSided,0.99,0p99,test,-1433.09130859375,1160.582763671875,-1437.0,1170.0,10.196186065673828,21.054407119750977,0.23420333862304688,21.288610458374023,1.0
CQR-OneSided,0.99,0p99,test,-1433.0810546875,1160.4959716796875,-1437.0,1165.0,5.9702935218811035,19.899972915649414,0.23420333862304688,20.13417625427246,1.0
CQR-OneSided,0.99,0p99,test,-1436.66845703125,1163.4744873046875,-1437.0,1170.0,6.533929824829102,21.02901268005371,0.23420333862304688,21.263216018676758,1.0
CQR-OneSided,0.99,0p99,test,-1426.552734375,1155.2451171875,-1437.0,1155.0,10.450140953063965,20.303667068481445,0.23420333862304688,20.537870407104492,1.0
CQR-OneSided,0.99,0p99,test,-1403.735595703125,1133.8734130859375,-1437.0,1160.0,42.29798126220703,54.72515869140625,0.23420333862304688,54.9593620300293,1.0
CQR-OneSided,0.99,0p99,test,-1434.30908203125,1161.5977783203125,-1437.0,1170.0,8.82260513305664,21.484037399291992,0.23420333862304688,21.71824073791504,1.0
CQR-OneSided,0.99,0p99,test,-1452.3521728515625,1173.128662109375,-1437.0,1160.0,20.200271606445312,25.472431182861328,0.23420333862304688,25.706634521484375,1.0
CQR-OneSided,0.99,0p99,test,-1428.6700439453125,1154.0086669921875,-1437.0,1160.0,10.260810852050781,28.48482894897461,0.23420333862304688,28.719032287597656,1.0
CQR-OneSided,0.99,0p99,test,-1430.419921875,1158.3663330078125,-1437.0,1155.0,7.391185760498047,20.20492172241211,0.23420333862304688,20.439125061035156,1.0
CQR-OneSided,0.99,0p99,test,-1425.9671630859375,1154.7587890625,-1437.0,1155.0,11.035472869873047,20.13161277770996,0.23420333862304688,20.365816116333008,1.0
CQR-OneSided,0.99,0p99,test,-1374.902099609375,1110.5908203125,-1437.0,1160.0,79.35626220703125,83.90576934814453,0.23420333862304688,84.13996887207031,1.0
CQR-OneSided,0.99,0p99,test,-1438.0299072265625,1161.5662841796875,-1437.0,1160.0,1.8745546340942383,15.217348098754883,0.23420333862304688,15.45155143737793,1.0
CQR-OneSided,0.99,0p99,test,-1431.0362548828125,1158.9276123046875,-1437.0,1170.0,12.57632827758789,21.17652130126953,0.23420333862304688,21.410724639892578,1.0
CQR-OneSided,0.99,0p99,test,-1435.5408935546875,1162.591796875,-1437.0,1170.0,7.550527572631836,21.46614646911621,0.23420333862304688,21.700349807739258,1.0
CQR-OneSided,0.99,0p99,test,-1401.54833984375,1132.10693359375,-1437.0,1160.0,45.10923767089844,52.36374282836914,0.23420333862304688,52.59794616699219,1.0
CQR-OneSided,0.99,0p99,test,-1430.510986328125,1158.4310302734375,-1437.0,1155.0,7.340250015258789,20.088056564331055,0.23420333862304688,20.3222599029541,1.0
CQR-OneSided,0.99,0p99,test,-1427.0565185546875,1155.7164306640625,-1437.0,1170.0,17.403827667236328,21.297212600708008,0.23420333862304688,21.531415939331055,1.0
CQR-OneSided,0.99,0p99,test,-1433.2757568359375,1160.6973876953125,-1437.0,1165.0,5.690558910369873,20.502613067626953,0.23420333862304688,20.73681640625,1.0
CQR-OneSided,0.99,0p99,test,-1439.85888671875,1166.0797119140625,-1437.0,1170.0,4.851998805999756,21.37851333618164,0.23420333862304688,21.612716674804688,1.0
CQR-OneSided,0.99,0p99,test,-1433.5828857421875,1160.9681396484375,-1437.0,1170.0,9.656664848327637,20.882959365844727,0.23420333862304688,21.117162704467773,1.0
CQR-OneSided,0.99,0p99,test,-1441.7701416015625,1167.5577392578125,-1437.0,1165.0,5.412603855133057,20.348459243774414,0.23420333862304688,20.58266258239746,1.0
CQR-OneSided,0.99,0p99,test,-1446.6024169921875,1168.4886474609375,-1437.0,1160.0,12.816534042358398,14.656275749206543,0.23420333862304688,14.89047908782959,1.0
CQR-OneSided,0.99,0p99,test,-1435.54541015625,1162.5201416015625,-1437.0,1155.0,7.65952730178833,20.332992553710938,0.23420333862304688,20.567195892333984,1.0
CQR-OneSided,0.99,0p99,test,-1439.5611572265625,1162.8009033203125,-1437.0,1160.0,3.795337438583374,14.394062042236328,0.23420333862304688,14.628265380859375,1.0
CQR-OneSided,0.99,0p99,test,-1423.52880859375,1152.8365478515625,-1437.0,1170.0,21.8187313079834,20.883037567138672,0.23420333862304688,21.11724090576172,0.0
CQR-OneSided,0.99,0p99,test,-1434.9539794921875,1162.1141357421875,-1437.0,1170.0,8.146965980529785,21.410863876342773,0.23420333862304688,21.64506721496582,1.0
CQR-OneSided,0.99,0p99,test,-1429.466064453125,1157.6307373046875,-1437.0,1170.0,14.483054161071777,20.773067474365234,0.23420333862304688,21.00727081298828,1.0
CQR-OneSided,0.99,0p99,test,-1434.9803466796875,1162.095703125,-1437.0,1155.0,7.377533435821533,20.801708221435547,0.23420333862304688,21.035911560058594,1.0
CQR-OneSided,0.99,0p99,test,-1471.3482666015625,1188.46826171875,-1437.0,1160.0,44.61216735839844,50.04568099975586,0.23420333862304688,50.279884338378906,1.0
CQR-OneSided,0.99,0p99,test,-1437.9766845703125,1164.5445556640625,-1437.0,1170.0,5.542182445526123,21.20539093017578,0.23420333862304688,21.439594268798828,1.0
CQR-OneSided,0.99,0p99,test,-1405.810302734375,1135.552734375,-1437.0,1160.0,39.62910461425781,59.50837326049805,0.23420333862304688,59.742576599121094,1.0
CQR-OneSided,0.99,0p99,test,-1433.243408203125,1160.7098388671875,-1437.0,1170.0,10.0209321975708,21.116161346435547,0.23420333862304688,21.350364685058594,1.0
CQR-OneSided,0.99,0p99,test,-1427.673583984375,1156.1361083984375,-1437.0,1155.0,9.39535903930664,20.08608055114746,0.23420333862304688,20.320283889770508,1.0
CQR-OneSided,0.99,0p99,test,-1420.43505859375,1147.3602294921875,-1437.0,1160.0,20.836532592773438,38.65328598022461,0.23420333862304688,38.887489318847656,1.0
CQR-OneSided,0.99,0p99,test,-1435.6827392578125,1162.6392822265625,-1437.0,1155.0,7.75201940536499,20.43013572692871,0.23420333862304688,20.664339065551758,1.0
CQR-OneSided,0.99,0p99,test,-1408.243896484375,1137.5135498046875,-1437.0,1160.0,36.5041618347168,46.42628860473633,0.23420333862304688,46.660491943359375,1.0
CQR-OneSided,0.99,0p99,test,-1432.887939453125,1160.444091796875,-1437.0,1170.0,10.403097152709961,21.42523765563965,0.23420333862304688,21.659440994262695,1.0
CQR-OneSided,0.99,0p99,test,-1372.5306396484375,1108.6763916015625,-1437.0,1160.0,82.4039535522461,85.92269134521484,0.23420333862304688,86.15689086914062,1.0
CQR-OneSided,0.99,0p99,test,-1437.689697265625,1161.2906494140625,-1437.0,1160.0,1.4633722305297852,16.655288696289062,0.23420333862304688,16.88949203491211,1.0
CQR-OneSided,0.99,0p99,test,-1438.33251953125,1164.8109130859375,-1437.0,1170.0,5.357446193695068,20.872957229614258,0.23420333862304688,21.107160568237305,1.0
CQR-OneSided,0.99,0p99,test,-1433.070556640625,1160.5108642578125,-1437.0,1155.0,6.768319606781006,20.2133731842041,0.23420333862304688,20.44757652282715,1.0
CQR-OneSided,0.99,0p99,test,-1410.88623046875,1139.6488037109375,-1437.0,1160.0,33.10740280151367,48.28073501586914,0.23420333862304688,48.51493835449219,1.0
CQR-OneSided,0.99,0p99,test,-1438.2322998046875,1164.7205810546875,-1437.0,1165.0,1.2635812759399414,20.708826065063477,0.23420333862304688,20.943029403686523,1.0
CQR-OneSided,0.99,0p99,test,-1434.138916015625,1161.3988037109375,-1437.0,1155.0,7.00931453704834,20.552824020385742,0.23420333862304688,20.78702735900879,1.0
CQR-OneSided,0.99,0p99,test,-1371.2470703125,1107.6397705078125,-1437.0,1160.0,84.05380249023438,87.41613006591797,0.23420333862304688,87.65032958984375,1.0
CQR-OneSided,0.99,0p99,test,-1434.43896484375,1161.6512451171875,-1437.0,1165.0,4.215810775756836,20.718355178833008,0.23420333862304688,20.952558517456055,1.0
CQR-OneSided,0.99,0p99,test,-1434.23095703125,1161.5299072265625,-1437.0,1170.0,8.911232948303223,21.435285568237305,0.23420333862304688,21.66948890686035,1.0
CQR-OneSided,0.99,0p99,test,-1432.73193359375,1160.2569580078125,-1437.0,1165.0,6.3806610107421875,20.5122013092041,0.23420333862304688,20.74640464782715,1.0
CQR-OneSided,0.99,0p99,test,-1440.8251953125,1166.8291015625,-1437.0,1165.0,4.240015506744385,20.86423110961914,0.23420333862304688,21.098434448242188,1.0
CQR-OneSided,0.99,0p99,test,-1431.6092529296875,1159.3638916015625,-1437.0,1165.0,7.7990946769714355,20.71556282043457,0.23420333862304688,20.949766159057617,1.0
CQR-OneSided,0.99,0p99,test,-1441.7779541015625,1167.594482421875,-1437.0,1165.0,5.436927795410156,20.802858352661133,0.23420333862304688,21.03706169128418,1.0
CQR-OneSided,0.99,0p99,test,-1451.27490234375,1172.2589111328125,-1437.0,1160.0,18.816316604614258,27.799755096435547,0.23420333862304688,28.033958435058594,1.0
CQR-OneSided,0.99,0p99,test,-1431.1827392578125,1158.9947509765625,-1437.0,1155.0,7.056809425354004,20.38327980041504,0.23420333862304688,20.617483139038086,1.0
CQR-OneSided,0.99,0p99,test,-1428.2354736328125,1156.5999755859375,-1437.0,1155.0,8.909368515014648,20.225435256958008,0.23420333862304688,20.459638595581055,1.0
CQR-OneSided,0.99,0p99,test,-1429.0859375,1157.3702392578125,-1437.0,1170.0,14.904470443725586,21.471261978149414,0.23420333862304688,21.70546531677246,1.0
CQR-OneSided,0.99,0p99,test,-1425.317626953125,1154.2327880859375,-1437.0,1155.0,11.707538604736328,20.112709045410156,0.23420333862304688,20.346912384033203,1.0
CQR-OneSided,0.99,0p99,test,-1440.548828125,1166.58935546875,-1437.0,1165.0,3.888474225997925,20.626073837280273,0.23420333862304688,20.86027717590332,1.0
CQR-OneSided,0.99,0p99,test,-1440.10595703125,1166.2445068359375,-1437.0,1165.0,3.3460075855255127,20.82025718688965,0.23420333862304688,21.054460525512695,1.0
CQR-OneSided,0.99,0p99,test,-1429.617431640625,1157.7490234375,-1437.0,1170.0,14.303452491760254,20.698352813720703,0.23420333862304688,20.93255615234375,1.0
CQR-OneSided,0.99,0p99,test,-1416.1484375,1143.8975830078125,-1437.0,1160.0,26.345312118530273,39.05396270751953,0.23420333862304688,39.28816604614258,1.0
CQR-OneSided,0.99,0p99,test,-1431.7681884765625,1159.4853515625,-1437.0,1155.0,6.891315460205078,20.61322593688965,0.23420333862304688,20.847429275512695,1.0
CQR-OneSided,0.99,0p99,test,-1430.809326171875,1158.6839599609375,-1437.0,1155.0,7.203887939453125,20.249753952026367,0.23420333862304688,20.483957290649414,1.0
CQR-OneSided,0.99,0p99,test,-1433.6773681640625,1161.0179443359375,-1437.0,1155.0,6.874266147613525,20.453205108642578,0.23420333862304688,20.687408447265625,1.0
CQR-OneSided,0.99,0p99,test,-1437.52587890625,1164.18115234375,-1437.0,1170.0,5.842562675476074,21.21531105041504,0.23420333862304688,21.449514389038086,1.0
CQR-OneSided,0.99,0p99,test,-1466.740966796875,1184.7449951171875,-1437.0,1160.0,38.68901443481445,52.75058364868164,0.23420333862304688,52.98478698730469,1.0
CQR-OneSided,0.99,0p99,test,-1437.742431640625,1164.3475341796875,-1437.0,1165.0,0.9883908033370972,21.062280654907227,0.23420333862304688,21.296483993530273,1.0
CQR-OneSided,0.99,0p99,test,-1423.1256103515625,1152.41357421875,-1437.0,1165.0,18.732772827148438,19.481155395507812,0.23420333862304688,19.71535873413086,1.0
CQR-OneSided,0.99,0p99,test,-1428.4210205078125,1156.7965087890625,-1437.0,1170.0,15.745827674865723,20.926225662231445,0.23420333862304688,21.160429000854492,1.0
CQR-OneSided,0.99,0p99,test,-1439.851806640625,1166.0010986328125,-1437.0,1165.0,3.022416114807129,20.27925682067871,0.23420333862304688,20.513460159301758,1.0
CQR-OneSided,0.99,0p99,test,-1432.2674560546875,1159.9208984375,-1437.0,1170.0,11.134866714477539,21.119047164916992,0.23420333862304688,21.35325050354004,1.0
CQR-OneSided,0.99,0p99,test,-1434.7197265625,1161.9029541015625,-1437.0,1165.0,3.8459510803222656,21.030088424682617,0.23420333862304688,21.264291763305664,1.0
CQR-OneSided,0.99,0p99,test,-1427.1170654296875,1155.7178955078125,-1437.0,1155.0,9.908973693847656,20.537368774414062,0.23420333862304688,20.77157211303711,1.0
CQR-OneSided,0.99,0p99,test,-1362.8890380859375,1100.895263671875,-1437.0,1160.0,94.79348754882812,107.9864730834961,0.23420333862304688,108.22067260742188,1.0
CQR-OneSided,0.99,0p99,test,-1354.369140625,1094.021240234375,-1437.0,1160.0,105.74050903320312,141.5977020263672,0.23420333862304688,141.8319091796875,1.0
CQR-OneSided,0.99,0p99,test,-1448.4281005859375,1172.9732666015625,-1437.0,1165.0,13.934649467468262,20.800424575805664,0.23420333862304688,21.03462791442871,1.0
CQR-OneSided,0.99,0p99,test,-1419.401123046875,1146.5238037109375,-1437.0,1160.0,22.165925979614258,38.1945686340332,0.23420333862304688,38.42877197265625,1.0
CQR-OneSided,0.99,0p99,test,-1429.78564453125,1157.90380859375,-1437.0,1170.0,14.084202766418457,20.978425979614258,0.23420333862304688,21.212629318237305,1.0
CQR-OneSided,0.99,0p99,test,-1438.84130859375,1165.2227783203125,-1437.0,1170.0,5.119791507720947,20.898473739624023,0.23420333862304688,21.13267707824707,1.0
CQR-OneSided,0.99,0p99,test,-1431.090576171875,1158.9202880859375,-1437.0,1165.0,8.47845458984375,20.352088928222656,0.23420333862304688,20.586292266845703,1.0
CQR-OneSided,0.99,0p99,test,-1428.5721435546875,1156.9110107421875,-1437.0,1170.0,15.567607879638672,20.81583595275879,0.23420333862304688,21.050039291381836,1.0
CQR-OneSided,0.99,0p99,test,-1425.166259765625,1154.0843505859375,-1437.0,1165.0,16.099342346191406,19.76670265197754,0.23420333862304688,20.000905990600586,1.0
CQR-OneSided,0.99,0p99,test,-1438.8050537109375,1165.1766357421875,-1437.0,1165.0,1.8136756420135498,20.609725952148438,0.23420333862304688,20.843929290771484,1.0
CQR-OneSided,0.99,0p99,test,-1408.1514892578125,1137.43994140625,-1437.0,1160.0,36.62229919433594,49.68119430541992,0.23420333862304688,49.91539764404297,1.0
CQR-OneSided,0.99,0p99,test,-1432.70703125,1160.2874755859375,-1437.0,1170.0,10.618978500366211,21.26963996887207,0.23420333862304688,21.503843307495117,1.0
CQR-OneSided,0.99,0p99,test,-1432.9505615234375,1160.4302978515625,-1437.0,1165.0,6.105745315551758,20.446569442749023,0.23420333862304688,20.68077278137207,1.0
CQR-OneSided,0.99,0p99,test,-1429.8330078125,1157.8841552734375,-1437.0,1165.0,10.099555969238281,20.093172073364258,0.23420333862304688,20.327375411987305,1.0
CQR-OneSided,0.99,0p99,test,-1433.9569091796875,1158.2755126953125,-1437.0,1160.0,3.4977505207061768,15.436907768249512,0.23420333862304688,15.671111106872559,1.0
CQR-OneSided,0.99,0p99,test,-1443.0848388671875,1168.6182861328125,-1437.0,1165.0,7.079354286193848,20.31898307800293,0.23420333862304688,20.553186416625977,1.0
CQR-OneSided,0.99,0p99,test,-1430.9324951171875,1158.7877197265625,-1437.0,1160.0,6.1874260902404785,20.29685401916504,0.23420333862304688,20.531057357788086,1.0
CQR-OneSided,0.99,0p99,test,-1431.807373046875,1159.533203125,-1437.0,1170.0,11.68405818939209,20.905776977539062,0.23420333862304688,21.13998031616211,1.0
CQR-OneSided,0.99,0p99,test,-1437.00390625,1163.6783447265625,-1437.0,1165.0,1.3216609954833984,20.010290145874023,0.23420333862304688,20.24449348449707,1.0
CQR-OneSided,0.99,0p99,test,-1431.8408203125,1156.568115234375,-1437.0,1160.0,6.196367263793945,20.717641830444336,0.23420333862304688,20.951845169067383,1.0
CQR-OneSided,0.99,0p99,test,-1430.060791015625,1158.0640869140625,-1437.0,1155.0,7.58559513092041,20.054262161254883,0.23420333862304688,20.28846549987793,1.0
CQR-OneSided,0.99,0p99,test,-1435.348388671875,1162.376708984375,-1437.0,1165.0,3.0999155044555664,20.531538009643555,0.23420333862304688,20.7657413482666,1.0
CQR-OneSided,0.99,0p99,test,-1377.885986328125,1113.0006103515625,-1437.0,1160.0,75.52091979980469,81.18280792236328,0.23420333862304688,81.41700744628906,1.0
CQR-OneSided,0.99,0p99,test,-1417.9970703125,1148.2967529296875,-1437.0,1155.0,20.150554656982422,19.90595817565918,0.23420333862304688,20.140161514282227,0.0
CQR-OneSided,0.99,0p99,test,-1434.240966796875,1161.4708251953125,-1437.0,1155.0,7.034475326538086,20.4092960357666,0.23420333862304688,20.64349937438965,1.0
CQR-OneSided,0.99,0p99,test,-1429.1416015625,1157.400146484375,-1437.0,1170.0,14.849603652954102,21.240154266357422,0.23420333862304688,21.47435760498047,1.0
CQR-OneSided,0.99,0p99,test,-1440.287353515625,1166.4390869140625,-1437.0,1170.0,4.846317768096924,21.56825828552246,0.23420333862304688,21.802461624145508,1.0
CQR-OneSided,0.99,0p99,test,-1434.4185791015625,1158.64990234375,-1437.0,1160.0,2.9131593704223633,19.785621643066406,0.23420333862304688,20.019824981689453,1.0
CQR-OneSided,0.99,0p99,test,-1432.032470703125,1159.6700439453125,-1437.0,1155.0,6.8180389404296875,20.19865608215332,0.23420333862304688,20.432859420776367,1.0
CQR-OneSided,0.99,0p99,test,-1433.5675048828125,1160.9310302734375,-1437.0,1170.0,9.696815490722656,20.500564575195312,0.23420333862304688,20.73476791381836,1.0
CQR-OneSided,0.99,0p99,test,-1489.65185546875,1203.247314453125,-1437.0,1160.0,68.13624572753906,68.09732818603516,0.23420333862304688,68.33152770996094,1.0
CQR-OneSided,0.99,0p99,test,-1417.3250732421875,1144.8472900390625,-1437.0,1160.0,24.833593368530273,37.73245620727539,0.23420333862304688,37.96665954589844,1.0
CQR-OneSided,0.99,0p99,test,-1438.9453125,1165.2672119140625,-1437.0,1165.0,1.9635791778564453,20.286104202270508,0.23420333862304688,20.520307540893555,1.0
CQR-OneSided,0.99,0p99,test,-1464.3262939453125,1182.8018798828125,-1437.0,1160.0,35.590057373046875,29.219942092895508,0.23420333862304688,29.454145431518555,0.0
CQR-OneSided,0.99,0p99,test,-1421.9649658203125,1151.5238037109375,-1437.0,1155.0,15.431661605834961,20.144371032714844,0.23420333862304688,20.37857437133789,1.0
CQR-OneSided,0.99,0p99,test,-1427.446533203125,1156.02490234375,-1437.0,1170.0,16.92844009399414,21.194631576538086,0.23420333862304688,21.428834915161133,1.0
CQR-OneSided,0.99,0p99,test,-1434.8585205078125,1161.9630126953125,-1437.0,1155.0,7.2848801612854,20.299489974975586,0.23420333862304688,20.533693313598633,1.0
CQR-OneSided,0.99,0p99,test,-1430.1705322265625,1158.179931640625,-1437.0,1165.0,9.651681900024414,20.423795700073242,0.23420333862304688,20.65799903869629,1.0
CQR-OneSided,0.99,0p99,test,-1429.75537109375,1157.85107421875,-1437.0,1155.0,7.785452842712402,20.517362594604492,0.23420333862304688,20.75156593322754,1.0
CQR-OneSided,0.99,0p99,test,-1436.164306640625,1163.0699462890625,-1437.0,1170.0,6.980259895324707,21.068782806396484,0.23420333862304688,21.30298614501953,1.0
CQR-OneSided,0.99,0p99,test,-1444.06103515625,1169.427001953125,-1437.0,1165.0,8.334060668945312,20.603811264038086,0.23420333862304688,20.838014602661133,1.0
CQR-OneSided,0.99,0p99,test,-1439.380126953125,1165.6590576171875,-1437.0,1165.0,2.4696884155273438,20.8593692779541,0.23420333862304688,21.09357261657715,1.0
CQR-OneSided,0.99,0p99,test,-1441.53955078125,1167.4195556640625,-1437.0,1165.0,5.144100666046143,21.065502166748047,0.23420333862304688,21.299705505371094,1.0
CQR-OneSided,0.99,0p99,test,-1442.1224365234375,1164.8707275390625,-1437.0,1160.0,7.068475246429443,14.864249229431152,0.23420333862304688,15.0984525680542,1.0
CQR-OneSided,0.99,0p99,test,-1431.969970703125,1156.6712646484375,-1437.0,1160.0,6.031722545623779,16.1810359954834,0.23420333862304688,16.415239334106445,1.0
CQR-OneSided,0.99,0p99,test,-1423.959716796875,1153.161865234375,-1437.0,1165.0,17.612224578857422,20.485193252563477,0.23420333862304688,20.719396591186523,1.0
CQR-OneSided,0.99,0p99,test,-1439.529052734375,1165.7305908203125,-1437.0,1165.0,2.632464647293091,20.17014503479004,0.23420333862304688,20.404348373413086,1.0
CQR-OneSided,0.99,0p99,test,-1431.141845703125,1159.0240478515625,-1437.0,1170.0,12.441442489624023,21.32585334777832,0.23420333862304688,21.560056686401367,1.0
CQR-OneSided,0.99,0p99,test,-1429.056396484375,1154.3203125,-1437.0,1160.0,9.765228271484375,25.832862854003906,0.23420333862304688,26.067066192626953,1.0
CQR-OneSided,0.99,0p99,test,-1437.2705078125,1163.938720703125,-1437.0,1165.0,1.0952115058898926,20.66415786743164,0.23420333862304688,20.898361206054688,1.0
CQR-OneSided,0.99,0p99,test,-1408.0147705078125,1137.3289794921875,-1437.0,1160.0,36.7983512878418,47.84615707397461,0.23420333862304688,48.080360412597656,1.0
CQR-OneSided,0.99,0p99,test,-1431.056640625,1155.93359375,-1437.0,1160.0,7.201331615447998,17.506336212158203,0.23420333862304688,17.74053955078125,1.0
CQR-OneSided,0.99,0p99,test,-1434.18798828125,1161.4439697265625,-1437.0,1155.0,7.0308003425598145,20.63654327392578,0.23420333862304688,20.870746612548828,1.0
CQR-OneSided,0.99,0p99,test,-1424.5550537109375,1153.6043701171875,-1437.0,1155.0,12.522957801818848,19.958354949951172,0.23420333862304688,20.19255828857422,1.0
CQR-OneSided,0.99,0p99,test,-1407.737060546875,1137.10693359375,-1437.0,1160.0,37.15389633178711,45.17284393310547,0.23420333862304688,45.407047271728516,1.0
CQR-OneSided,0.99,0p99,test,-1440.564453125,1166.5999755859375,-1437.0,1165.0,3.907076597213745,20.587528228759766,0.23420333862304688,20.821731567382812,1.0
CQR-OneSided,0.99,0p99,test,-1405.915283203125,1135.634033203125,-1437.0,1160.0,39.49633026123047,50.642818450927734,0.23420333862304688,50.87702178955078,1.0
CQR-OneSided,0.99,0p99,test,-1440.13916015625,1166.256591796875,-1437.0,1165.0,3.3813235759735107,20.61713218688965,0.23420333862304688,20.851335525512695,1.0
CQR-OneSided,0.99,0p99,test,-1428.53955078125,1156.8477783203125,-1437.0,1155.0,8.65987777709961,20.237890243530273,0.23420333862304688,20.47209358215332,1.0
CQR-OneSided,0.99,0p99,test,-1434.515869140625,1161.69775390625,-1437.0,1165.0,4.132279872894287,20.45427894592285,0.23420333862304688,20.6884822845459,1.0
CQR-OneSided,0.99,0p99,test,-1427.998046875,1156.4083251953125,-1437.0,1155.0,9.111451148986816,20.22275161743164,0.23420333862304688,20.456954956054688,1.0
CQR-OneSided,0.99,0p99,test,-1440.11767578125,1166.246337890625,-1437.0,1165.0,3.357567548751831,20.706701278686523,0.23420333862304688,20.94090461730957,1.0
CQR-OneSided,0.99,0p99,test,-1421.6468505859375,1151.25390625,-1437.0,1155.0,15.803556442260742,19.98261833190918,0.23420333862304688,20.216821670532227,1.0
CQR-OneSided,0.99,0p99,test,-1432.0594482421875,1159.7081298828125,-1437.0,1155.0,6.82462739944458,20.43413734436035,0.23420333862304688,20.6683406829834,1.0
CQR-OneSided,0.99,0p99,test,-1459.5516357421875,1178.944091796875,-1437.0,1160.0,29.452587127685547,32.04327392578125,0.23420333862304688,32.2774772644043,1.0
CQR-OneSided,0.99,0p99,test,-1431.567138671875,1159.296142578125,-1437.0,1155.0,6.926241874694824,20.239173889160156,0.23420333862304688,20.473377227783203,1.0
CQR-OneSided,0.99,0p99,test,-1433.749267578125,1161.063232421875,-1437.0,1165.0,5.105428695678711,20.247270584106445,0.23420333862304688,20.481473922729492,1.0
CQR-OneSided,0.99,0p99,test,-1437.483642578125,1164.1011962890625,-1437.0,1165.0,1.0206656455993652,20.516328811645508,0.23420333862304688,20.750532150268555,1.0
CQR-OneSided,0.99,0p99,test,-1364.026611328125,1101.8131103515625,-1437.0,1160.0,93.33182525634766,104.71212005615234,0.23420333862304688,104.94631958007812,1.0
CQR-OneSided,0.99,0p99,test,-1432.993408203125,1160.4420166015625,-1437.0,1165.0,6.068606853485107,20.1247501373291,0.23420333862304688,20.35895347595215,1.0
CQR-OneSided,0.99,0p99,test,-1440.4306640625,1166.5025634765625,-1437.0,1165.0,3.745284080505371,20.779943466186523,0.23420333862304688,21.01414680480957,1.0
CQR-OneSided,0.99,0p99,test,-1434.346923828125,1161.6121826171875,-1437.0,1170.0,8.797402381896973,21.22920036315918,0.23420333862304688,21.463403701782227,1.0
CQR-OneSided,0.99,0p99,test,-1441.87548828125,1167.669677734375,-1437.0,1165.0,5.558557510375977,20.73579978942871,0.23420333862304688,20.970003128051758,1.0
CQR-OneSided,0.99,0p99,test,-1431.501220703125,1159.2431640625,-1437.0,1155.0,6.94557523727417,20.24615478515625,0.23420333862304688,20.480358123779297,1.0
CQR-OneSided,0.99,0p99,test,-1432.711669921875,1157.2720947265625,-1437.0,1160.0,5.082444667816162,20.93152618408203,0.23420333862304688,21.165729522705078,1.0
CQR-OneSided,0.99,0p99,test,-1425.736572265625,1154.6390380859375,-1437.0,1170.0,19.04793930053711,21.13676643371582,0.23420333862304688,21.370969772338867,1.0
CQR-OneSided,0.99,0p99,test,-1428.6435546875,1156.9317626953125,-1437.0,1155.0,8.576822280883789,20.240724563598633,0.23420333862304688,20.47492790222168,1.0
CQR-OneSided,0.99,0p99,test,-1430.796875,1158.7469482421875,-1437.0,1170.0,12.849510192871094,21.353158950805664,0.23420333862304688,21.58736228942871,1.0
CQR-OneSided,0.99,0p99,test,-1426.449462890625,1155.1533203125,-1437.0,1155.0,10.551651000976562,20.1866455078125,0.23420333862304688,20.420848846435547,1.0
CQR-OneSided,0.99,0p99,test,-1437.1632080078125,1163.8582763671875,-1437.0,1165.0,1.153329849243164,20.727689743041992,0.23420333862304688,20.96189308166504,1.0
CQR-OneSided,0.99,0p99,test,-1425.4329833984375,1151.3958740234375,-1437.0,1160.0,14.416200637817383,26.18177032470703,0.23420333862304688,26.415973663330078,1.0
CQR-OneSided,0.99,0p99,test,-1442.5057373046875,1165.1763916015625,-1437.0,1160.0,7.556994915008545,21.25641632080078,0.23420333862304688,21.490619659423828,1.0
CQR-OneSided,0.99,0p99,test,-1411.744873046875,1140.3416748046875,-1437.0,1160.0,32.004234313964844,46.65150451660156,0.23420333862304688,46.88570785522461,1.0
CQR-OneSided,0.99,0p99,test,-1433.3916015625,1160.808837890625,-1437.0,1170.0,9.874107360839844,20.792194366455078,0.23420333862304688,21.026397705078125,1.0
CQR-OneSided,0.99,0p99,test,-1439.3189697265625,1165.5751953125,-1437.0,1165.0,2.3892405033111572,20.347013473510742,0.23420333862304688,20.58121681213379,1.0
CQR-OneSided,0.99,0p99,test,-1428.30224609375,1156.6512451171875,-1437.0,1155.0,8.853108406066895,20.181089401245117,0.23420333862304688,20.415292739868164,1.0
CQR-OneSided,0.99,0p99,test,-1423.1358642578125,1152.4925537109375,-1437.0,1155.0,14.089057922363281,20.46792984008789,0.23420333862304688,20.702133178710938,1.0
CQR-OneSided,0.99,0p99,test,-1444.5040283203125,1166.794677734375,-1437.0,1160.0,10.123146057128906,15.641077995300293,0.23420333862304688,15.87528133392334,1.0
CQR-OneSided,0.99,0p99,test,-1433.063232421875,1157.5545654296875,-1437.0,1160.0,4.634467601776123,21.501379013061523,0.23420333862304688,21.73558235168457,1.0
CQR-OneSided,0.99,0p99,test,-1438.817138671875,1165.1453857421875,-1437.0,1165.0,1.8229453563690186,20.03559684753418,0.23420333862304688,20.269800186157227,1.0
CQR-OneSided,0.99,0p99,test,-1425.86328125,1154.6826171875,-1437.0,1155.0,11.141240119934082,20.24336051940918,0.23420333862304688,20.477563858032227,1.0
CQR-OneSided,0.99,0p99,test,-1427.557861328125,1153.10986328125,-1437.0,1160.0,11.688796043395996,23.834712982177734,0.23420333862304688,24.06891632080078,1.0
CQR-OneSided,0.99,0p99,test,-1427.0352783203125,1155.63671875,-1437.0,1155.0,9.9850435256958,20.323163986206055,0.23420333862304688,20.5573673248291,1.0
CQR-OneSided,0.99,0p99,test,-1435.92041015625,1162.8218994140625,-1437.0,1155.0,7.896051406860352,20.29490089416504,0.23420333862304688,20.529104232788086,1.0
CQR-OneSided,0.99,0p99,test,-1431.221923828125,1159.0938720703125,-1437.0,1170.0,12.342195510864258,21.409818649291992,0.23420333862304688,21.64402198791504,1.0
CQR-OneSided,0.99,0p99,test,-1421.08349609375,1147.8829345703125,-1437.0,1160.0,20.00395965576172,32.14780807495117,0.23420333862304688,32.38201141357422,1.0
CQR-OneSided,0.99,0p99,test,-1414.054443359375,1142.2076416015625,-1437.0,1160.0,29.03561019897461,41.8627815246582,0.23420333862304688,42.09698486328125,1.0
CQR-OneSided,0.99,0p99,test,-1435.5238037109375,1162.5611572265625,-1437.0,1170.0,7.583899974822998,21.213102340698242,0.23420333862304688,21.44730567932129,1.0
CQR-OneSided,0.99,0p99,test,-1432.369873046875,1156.9964599609375,-1437.0,1160.0,5.5189971923828125,22.729164123535156,0.23420333862304688,22.963367462158203,1.0
CQR-OneSided,0.99,0p99,test,-1428.8609619140625,1157.0758056640625,-1437.0,1155.0,8.399578094482422,19.798250198364258,0.23420333862304688,20.032453536987305,1.0
CQR-OneSided,0.99,0p99,test,-1430.1903076171875,1158.2445068359375,-1437.0,1170.0,13.585416793823242,21.187149047851562,0.23420333862304688,21.42135238647461,1.0
CQR-OneSided,0.99,0p99,test,-1433.752197265625,1161.085205078125,-1437.0,1155.0,6.897676467895508,20.535303115844727,0.23420333862304688,20.769506454467773,1.0
CQR-OneSided,0.99,0p99,test,-1442.0576171875,1167.8533935546875,-1437.0,1170.0,5.494307041168213,21.284643173217773,0.23420333862304688,21.51884651184082,1.0
CQR-OneSided,0.99,0p99,test,-1424.924072265625,1153.9019775390625,-1437.0,1165.0,16.40104103088379,19.956499099731445,0.23420333862304688,20.190702438354492,1.0
CQR-OneSided,0.99,0p99,test,-1440.104248046875,1166.3126220703125,-1437.0,1170.0,4.820074081420898,21.87458610534668,0.23420333862304688,22.108789443969727,1.0
CQR-OneSided,0.99,0p99,test,-1428.794189453125,1157.0673828125,-1437.0,1155.0,8.462233543395996,20.432451248168945,0.23420333862304688,20.666654586791992,1.0
CQR-OneSided,0.99,0p99,test,-1421.787353515625,1148.4483642578125,-1437.0,1160.0,19.101436614990234,27.569503784179688,0.23420333862304688,27.803707122802734,1.0
CQR-OneSided,0.99,0p99,test,-1430.9940185546875,1158.8487548828125,-1437.0,1155.0,7.133353233337402,20.47438621520996,0.23420333862304688,20.708589553833008,1.0
CQR-OneSided,0.99,0p99,test,-1438.62158203125,1165.0289306640625,-1437.0,1165.0,1.6218401193618774,20.597917556762695,0.23420333862304688,20.832120895385742,1.0
CQR-OneSided,0.99,0p99,test,-1367.1171875,1104.3072509765625,-1437.0,1160.0,89.3604507446289,102.9001235961914,0.23420333862304688,103.13432312011719,1.0
CQR-OneSided,0.99,0p99,test,-1426.81982421875,1155.4444580078125,-1437.0,1155.0,10.189873695373535,20.075098037719727,0.23420333862304688,20.309301376342773,1.0
CQR-OneSided,0.99,0p99,test,-1428.241943359375,1156.648193359375,-1437.0,1170.0,15.967914581298828,20.87535285949707,0.23420333862304688,21.109556198120117,1.0
CQR-OneSided,0.99,0p99,test,-1431.145263671875,1158.9542236328125,-1437.0,1155.0,7.064971446990967,20.216028213500977,0.23420333862304688,20.450231552124023,1.0
CQR-OneSided,0.99,0p99,test,-1411.215087890625,1139.9141845703125,-1437.0,1160.0,32.68488311767578,48.62489700317383,0.23420333862304688,48.859100341796875,1.0
CQR-OneSided,0.99,0p99,test,-1429.374755859375,1154.576171875,-1437.0,1160.0,9.357470512390137,22.915966033935547,0.23420333862304688,23.150169372558594,1.0
CQR-OneSided,0.99,0p99,test,-1432.623779296875,1160.1417236328125,-1437.0,1155.0,6.7519354820251465,20.124095916748047,0.23420333862304688,20.358299255371094,1.0
CQR-OneSided,0.99,0p99,test,-1429.1583251953125,1157.3997802734375,-1437.0,1170.0,14.841071128845215,21.041521072387695,0.23420333862304688,21.275724411010742,1.0
CQR-OneSided,0.99,0p99,test,-1462.6514892578125,1181.4464111328125,-1437.0,1160.0,33.43572235107422,39.53467559814453,0.23420333862304688,39.76887893676758,1.0
CQR-OneSided,0.99,0p99,test,-1436.96435546875,1163.7447509765625,-1437.0,1170.0,6.255350589752197,21.47502899169922,0.23420333862304688,21.709232330322266,1.0
CQR-OneSided,0.99,0p99,test,-1437.49365234375,1164.190673828125,-1437.0,1170.0,5.830263137817383,21.731931686401367,0.23420333862304688,21.966135025024414,1.0
CQR-OneSided,0.99,0p99,test,-1427.8563232421875,1156.2957763671875,-1437.0,1155.0,9.235034942626953,20.25197410583496,0.23420333862304688,20.486177444458008,1.0
CQR-OneSided,0.99,0p99,test,-1434.444580078125,1161.7159423828125,-1437.0,1170.0,8.669243812561035,21.60764503479004,0.23420333862304688,21.841848373413086,1.0
CQR-OneSided,0.99,0p99,test,-1430.7490234375,1158.6414794921875,-1437.0,1155.0,7.2342987060546875,20.347028732299805,0.23420333862304688,20.58123207092285,1.0
CQR-OneSided,0.99,0p99,test,-1429.8441162109375,1157.942138671875,-1437.0,1155.0,7.7371087074279785,20.820920944213867,0.23420333862304688,21.055124282836914,1.0
CQR-OneSided,0.99,0p99,test,-1429.53076171875,1157.6636962890625,-1437.0,1165.0,10.469520568847656,20.43680763244629,0.23420333862304688,20.671010971069336,1.0
CQR-OneSided,0.99,0p99,test,-1432.75830078125,1160.280029296875,-1437.0,1155.0,6.772792816162109,20.530839920043945,0.23420333862304688,20.765043258666992,1.0
CQR-OneSided,0.99,0p99,test,-1433.9266357421875,1161.1934814453125,-1437.0,1155.0,6.914100170135498,20.088308334350586,0.23420333862304688,20.322511672973633,1.0
CQR-OneSided,0.99,0p99,test,-1439.91943359375,1166.12109375,-1437.0,1170.0,4.85479211807251,21.272706985473633,0.23420333862304688,21.50691032409668,1.0
CQR-OneSided,0.99,0p99,test,-1433.1715087890625,1160.6005859375,-1437.0,1165.0,5.831996917724609,20.3104248046875,0.23420333862304688,20.544628143310547,1.0
CQR-OneSided,0.99,0p99,test,-1442.4627685546875,1168.1590576171875,-1437.0,1165.0,6.310426712036133,20.96677017211914,0.23420333862304688,21.200973510742188,1.0
CQR-OneSided,0.99,0p99,test,-1436.0872802734375,1163.0430908203125,-1437.0,1170.0,7.016526699066162,21.564666748046875,0.23420333862304688,21.798870086669922,1.0
CQR-OneSided,0.99,0p99,test,-1343.9931640625,1085.6455078125,-1437.0,1160.0,119.07502746582031,164.03916931152344,0.23420333862304688,164.27337646484375,1.0
CQR-OneSided,0.99,0p99,test,-1444.586669921875,1169.9114990234375,-1437.0,1170.0,7.587185859680176,21.49880599975586,0.23420333862304688,21.733009338378906,1.0
CQR-OneSided,0.99,0p99,test,-1401.5296630859375,1132.0928955078125,-1437.0,1160.0,45.13259506225586,52.318782806396484,0.23420333862304688,52.55298614501953,1.0
CQR-OneSided,0.99,0p99,test,-1430.9761962890625,1158.8956298828125,-1437.0,1170.0,12.63302230834961,21.418867111206055,0.23420333862304688,21.6530704498291,1.0
CQR-OneSided,0.99,0p99,test,-1433.765869140625,1161.0941162109375,-1437.0,1155.0,6.899119853973389,20.51813507080078,0.23420333862304688,20.752338409423828,1.0
CQR-OneSided,0.99,0p99,test,-1431.835693359375,1159.5211181640625,-1437.0,1155.0,6.863714218139648,20.35478401184082,0.23420333862304688,20.588987350463867,1.0
CQR-OneSided,0.99,0p99,test,-1433.12255859375,1160.6055908203125,-1437.0,1170.0,10.163143157958984,21.020902633666992,0.23420333862304688,21.25510597229004,1.0
CQR-OneSided,0.99,0p99,test,-1432.777099609375,1157.324462890625,-1437.0,1160.0,4.999138355255127,20.885997772216797,0.23420333862304688,21.120201110839844,1.0
CQR-OneSided,0.99,0p99,test,-1436.09423828125,1162.9639892578125,-1437.0,1165.0,2.2283949851989746,20.294145584106445,0.23420333862304688,20.528348922729492,1.0
CQR-OneSided,0.99,0p99,test,-1428.838623046875,1157.121826171875,-1437.0,1165.0,11.343442916870117,20.695024490356445,0.23420333862304688,20.929227828979492,1.0
CQR-OneSided,0.99,0p99,test,-1429.2767333984375,1157.4453125,-1437.0,1155.0,8.101136207580566,20.26033592224121,0.23420333862304688,20.494539260864258,1.0
CQR-OneSided,0.99,0p99,test,-1418.826171875,1146.06103515625,-1437.0,1160.0,22.903772354125977,40.75202560424805,0.23420333862304688,40.986228942871094,1.0
CQR-OneSided,0.99,0p99,test,-1437.5308837890625,1161.1612548828125,-1437.0,1160.0,1.276851773262024,16.478713989257812,0.23420333862304688,16.71291732788086,1.0
CQR-OneSided,0.99,0p99,test,-1436.7314453125,1163.5380859375,-1437.0,1170.0,6.46749210357666,21.212154388427734,0.23420333862304688,21.44635772705078,1.0
CQR-OneSided,0.99,0p99,test,-1432.761962890625,1160.3056640625,-1437.0,1170.0,10.580222129821777,20.898656845092773,0.23420333862304688,21.13286018371582,1.0
CQR-OneSided,0.99,0p99,test,-1431.6473388671875,1159.4017333984375,-1437.0,1170.0,11.873257637023926,20.875120162963867,0.23420333862304688,21.109323501586914,1.0
CQR-OneSided,0.99,0p99,test,-1433.415771484375,1160.7667236328125,-1437.0,1165.0,5.546830177307129,19.897480010986328,0.23420333862304688,20.131683349609375,1.0
CQR-OneSided,0.99,0p99,test,-1430.5665283203125,1158.5474853515625,-1437.0,1170.0,13.135815620422363,21.138296127319336,0.23420333862304688,21.372499465942383,1.0
CQR-OneSided,0.99,0p99,test,-1428.0382080078125,1156.4283447265625,-1437.0,1155.0,9.07490348815918,20.04890251159668,0.23420333862304688,20.283105850219727,1.0
CQR-OneSided,0.99,0p99,test,-1433.7452392578125,1161.1077880859375,-1437.0,1170.0,9.469155311584473,21.002260208129883,0.23420333862304688,21.23646354675293,1.0
CQR-OneSided,0.99,0p99,test,-1432.8353271484375,1160.3663330078125,-1437.0,1170.0,10.495333671569824,20.916677474975586,0.23420333862304688,21.150880813598633,1.0
CQR-OneSided,0.99,0p99,test,-1441.533935546875,1167.4359130859375,-1437.0,1170.0,5.20875358581543,21.407346725463867,0.23420333862304688,21.641550064086914,1.0
CQR-OneSided,0.99,0p99,test,-1439.4197998046875,1165.7747802734375,-1437.0,1170.0,4.869077205657959,22.127742767333984,0.23420333862304688,22.36194610595703,1.0
CQR-OneSided,0.99,0p99,test,-1404.2303466796875,1134.2738037109375,-1437.0,1160.0,41.661582946777344,53.37052536010742,0.23420333862304688,53.60472869873047,1.0
CQR-OneSided,0.99,0p99,test,-1441.3468017578125,1167.24755859375,-1437.0,1165.0,4.893486022949219,20.80866813659668,0.23420333862304688,21.042871475219727,1.0
CQR-OneSided,0.99,0p99,test,-1383.3785400390625,1117.4365234375,-1437.0,1160.0,68.46101379394531,77.29862976074219,0.23420333862304688,77.5328369140625,1.0
CQR-OneSided,0.99,0p99,test,-1427.5125732421875,1156.0174560546875,-1437.0,1155.0,9.541828155517578,20.251008987426758,0.23420333862304688,20.485212326049805,1.0
CQR-OneSided,0.99,0p99,test,-1429.463134765625,1154.6497802734375,-1437.0,1160.0,9.242791175842285,27.106239318847656,0.23420333862304688,27.340442657470703,1.0
CQR-OneSided,0.99,0p99,test,-1441.31494140625,1167.2122802734375,-1437.0,1165.0,4.849010467529297,20.68366813659668,0.23420333862304688,20.917871475219727,1.0
CQR-OneSided,0.99,0p99,test,-1429.05712890625,1157.271240234375,-1437.0,1155.0,8.261219024658203,20.30979347229004,0.23420333862304688,20.543996810913086,1.0
CQR-OneSided,0.99,0p99,test,-1421.0086669921875,1150.7255859375,-1437.0,1155.0,16.552743911743164,19.803123474121094,0.23420333862304688,20.03732681274414,1.0
CQR-OneSided,0.99,0p99,test,-1442.0111083984375,1167.800048828125,-1437.0,1170.0,5.472750186920166,21.069107055664062,0.23420333862304688,21.30331039428711,1.0
CQR-OneSided,0.99,0p99,test,-1427.083740234375,1155.66943359375,-1437.0,1155.0,9.938830375671387,20.228586196899414,0.23420333862304688,20.46278953552246,1.0
CQR-OneSided,0.99,0p99,test,-1432.3209228515625,1159.9862060546875,-1437.0,1170.0,11.053046226501465,21.436925888061523,0.23420333862304688,21.67112922668457,1.0
CQR-OneSided,0.99,0p99,test,-1430.9971923828125,1158.86376953125,-1437.0,1165.0,8.584115028381348,20.637826919555664,0.23420333862304688,20.87203025817871,1.0
CQR-OneSided,0.99,0p99,test,-1420.5960693359375,1147.4871826171875,-1437.0,1160.0,20.63151741027832,31.724897384643555,0.23420333862304688,31.9591007232666,1.0
CQR-OneSided,0.99,0p99,test,-1430.58544921875,1158.5333251953125,-1437.0,1165.0,9.108476638793945,20.651912689208984,0.23420333862304688,20.88611602783203,1.0
CQR-OneSided,0.99,0p99,test,-1431.5631103515625,1159.3353271484375,-1437.0,1165.0,7.851642608642578,20.86669921875,0.23420333862304688,21.100902557373047,1.0
CQR-OneSided,0.99,0p99,test,-1433.894775390625,1161.175537109375,-1437.0,1165.0,4.926351070404053,20.194215774536133,0.23420333862304688,20.42841911315918,1.0
CQR-OneSided,0.99,0p99,test,-1429.6697998046875,1157.7789306640625,-1437.0,1165.0,10.289590835571289,20.482717514038086,0.23420333862304688,20.716920852661133,1.0
CQR-OneSided,0.99,0p99,test,-1446.891357421875,1171.763916015625,-1437.0,1170.0,10.047405242919922,21.30120849609375,0.23420333862304688,21.535411834716797,1.0
CQR-OneSided,0.99,0p99,test,-1425.077880859375,1154.0386962890625,-1437.0,1155.0,11.96081256866455,20.115285873413086,0.23420333862304688,20.349489212036133,1.0
CQR-OneSided,0.99,0p99,test,-1431.068603515625,1155.9456787109375,-1437.0,1160.0,7.184635639190674,26.366230010986328,0.23420333862304688,26.600433349609375,1.0
CQR-OneSided,0.99,0p99,test,-1454.5299072265625,1174.8878173828125,-1437.0,1160.0,22.998798370361328,32.5943717956543,0.23420333862304688,32.828575134277344,1.0
CQR-OneSided,0.99,0p99,test,-1427.36083984375,1155.903564453125,-1437.0,1155.0,9.681417465209961,20.381807327270508,0.23420333862304688,20.616010665893555,1.0
CQR-OneSided,0.99,0p99,test,-1425.345703125,1154.2666015625,-1437.0,1155.0,11.677350044250488,20.271862030029297,0.23420333862304688,20.506065368652344,1.0
CQR-OneSided,0.99,0p99,test,-1442.11279296875,1167.8656005859375,-1437.0,1165.0,5.861084938049316,20.78535270690918,0.23420333862304688,21.019556045532227,1.0
CQR-OneSided,0.99,0p99,test,-1426.8302001953125,1155.4482421875,-1437.0,1155.0,10.179673194885254,20.005666732788086,0.23420333862304688,20.239870071411133,1.0
CQR-OneSided,0.99,0p99,test,-1437.109619140625,1163.781494140625,-1437.0,1165.0,1.2234266996383667,20.26237678527832,0.23420333862304688,20.496580123901367,1.0
CQR-OneSided,0.99,0p99,test,-1427.20751953125,1155.824951171875,-1437.0,1170.0,17.228601455688477,21.101526260375977,0.23420333862304688,21.335729598999023,1.0
CQR-OneSided,0.99,0p99,test,-1431.3558349609375,1159.1212158203125,-1437.0,1155.0,6.988635063171387,20.1882266998291,0.23420333862304688,20.42243003845215,1.0
CQR-OneSided,0.99,0p99,test,-1440.9371337890625,1163.9124755859375,-1437.0,1160.0,5.550539493560791,15.57779598236084,0.23420333862304688,15.811999320983887,1.0
CQR-OneSided,0.99,0p99,test,-1440.6396484375,1166.6597900390625,-1437.0,1165.0,4.000242710113525,20.578699111938477,0.23420333862304688,20.812902450561523,1.0
CQR-OneSided,0.99,0p99,test,-1426.012451171875,1154.8194580078125,-1437.0,1170.0,18.739665985107422,20.499021530151367,0.23420333862304688,20.733224868774414,1.0
CQR-OneSided,0.99,0p99,test,-1426.8934326171875,1155.504638671875,-1437.0,1155.0,10.119158744812012,20.076183319091797,0.23420333862304688,20.310386657714844,1.0
CQR-OneSided,0.99,0p99,test,-1437.56689453125,1164.15673828125,-1437.0,1165.0,1.016100287437439,20.347936630249023,0.23420333862304688,20.58213996887207,1.0
CQR-OneSided,0.99,0p99,test,-1426.6331787109375,1155.3035888671875,-1437.0,1155.0,10.371265411376953,20.208005905151367,0.23420333862304688,20.442209243774414,1.0
CQR-OneSided,0.99,0p99,test,-1429.1865234375,1157.36376953125,-1437.0,1165.0,10.925311088562012,20.13836097717285,0.23420333862304688,20.3725643157959,1.0
CQR-OneSided,0.99,0p99,test,-1430.394287109375,1158.33984375,-1437.0,1155.0,7.402026653289795,20.135103225708008,0.23420333862304688,20.369306564331055,1.0
CQR-OneSided,0.99,0p99,test,-1429.957275390625,1157.9708251953125,-1437.0,1165.0,9.950340270996094,19.913349151611328,0.23420333862304688,20.147552490234375,1.0
CQR-OneSided,0.99,0p99,test,-1439.7999267578125,1165.975341796875,-1437.0,1165.0,2.964942216873169,20.539104461669922,0.23420333862304688,20.77330780029297,1.0
CQR-OneSided,0.99,0p99,test,-1430.5970458984375,1158.49267578125,-1437.0,1165.0,9.129243850708008,19.996301651000977,0.23420333862304688,20.230504989624023,1.0
CQR-OneSided,0.99,0p99,test,-1433.15966796875,1160.5889892578125,-1437.0,1165.0,5.848518371582031,20.291488647460938,0.23420333862304688,20.525691986083984,1.0
CQR-OneSided,0.99,0p99,test,-1436.27978515625,1163.123779296875,-1437.0,1165.0,2.009704828262329,20.451854705810547,0.23420333862304688,20.686058044433594,1.0
CQR-OneSided,0.99,0p99,test,-1452.657470703125,1173.3768310546875,-1437.0,1160.0,20.593591690063477,27.29274559020996,0.23420333862304688,27.526948928833008,1.0
CQR-OneSided,0.99,0p99,test,-1435.585205078125,1162.6168212890625,-1437.0,1170.0,7.517511367797852,21.298847198486328,0.23420333862304688,21.533050537109375,1.0
CQR-OneSided,0.99,0p99,test,-1443.38671875,1168.887451171875,-1437.0,1165.0,7.476794242858887,20.657163619995117,0.23420333862304688,20.891366958618164,1.0
CQR-OneSided,0.99,0p99,test,-1435.3414306640625,1159.3934326171875,-1437.0,1160.0,1.7660057544708252,15.856278419494629,0.23420333862304688,16.09048080444336,1.0
CQR-OneSided,0.99,0p99,test,-1431.85546875,1159.527099609375,-1437.0,1165.0,7.511247634887695,20.19639015197754,0.23420333862304688,20.430593490600586,1.0
CQR-OneSided,0.99,0p99,test,-1428.798828125,1157.11865234375,-1437.0,1170.0,15.270505905151367,21.184053421020508,0.23420333862304688,21.418256759643555,1.0
CQR-OneSided,0.99,0p99,test,-1430.0556640625,1155.125732421875,-1437.0,1160.0,8.484237670898438,21.991416931152344,0.23420333862304688,22.22562026977539,1.0
CQR-OneSided,0.99,0p99,test,-1427.689453125,1156.2237548828125,-1437.0,1170.0,16.627422332763672,21.2324275970459,0.23420333862304688,21.466630935668945,1.0
CQR-OneSided,0.99,0p99,test,-1441.02197265625,1163.9815673828125,-1437.0,1160.0,5.659429550170898,14.788291931152344,0.23420333862304688,15.02249526977539,1.0
CQR-OneSided,0.99,0p99,test,-1445.714111328125,1170.7987060546875,-1437.0,1165.0,10.46712589263916,21.090803146362305,0.23420333862304688,21.32500648498535,1.0
CQR-OneSided,0.99,0p99,test,-1439.319580078125,1165.6334228515625,-1437.0,1170.0,4.944436073303223,21.23573875427246,0.23420333862304688,21.469942092895508,1.0
CQR-OneSided,0.99,0p99,test,-1423.0413818359375,1149.463134765625,-1437.0,1160.0,17.489097595214844,32.98874282836914,0.23420333862304688,33.22294616699219,1.0
CQR-OneSided,0.99,0p99,test,-1416.735107421875,1144.37158203125,-1437.0,1160.0,25.59127426147461,36.88724136352539,0.23420333862304688,37.12144470214844,1.0
CQR-OneSided,0.99,0p99,test,-1430.2532958984375,1158.2669677734375,-1437.0,1170.0,13.534477233886719,20.765323638916016,0.23420333862304688,20.999526977539062,1.0
CQR-OneSided,0.99,0p99,test,-1423.1854248046875,1149.57763671875,-1437.0,1160.0,17.305147171020508,27.280359268188477,0.23420333862304688,27.514562606811523,1.0
CQR-OneSided,0.99,0p99,test,-1426.8231201171875,1155.5118408203125,-1437.0,1170.0,17.705244064331055,21.056421279907227,0.23420333862304688,21.290624618530273,1.0
CQR-OneSided,0.99,0p99,test,-1428.24169921875,1156.6585693359375,-1437.0,1170.0,15.959373474121094,21.02834129333496,0.23420333862304688,21.262544631958008,1.0
CQR-OneSided,0.99,0p99,test,-1485.98046875,1200.282958984375,-1437.0,1160.0,63.41769027709961,66.8584976196289,0.23420333862304688,67.09269714355469,1.0
CQR-OneSided,0.99,0p99,test,-1427.217529296875,1152.8343505859375,-1437.0,1160.0,12.126139640808105,21.95600128173828,0.23420333862304688,22.190204620361328,1.0
CQR-OneSided,0.99,0p99,test,-1436.1339111328125,1163.059814453125,-1437.0,1170.0,6.994018077850342,21.295732498168945,0.23420333862304688,21.529935836791992,1.0
CQR-OneSided,0.99,0p99,test,-1441.203857421875,1167.1287841796875,-1437.0,1165.0,4.712126731872559,20.773548126220703,0.23420333862304688,21.00775146484375,1.0
CQR-OneSided,0.99,0p99,test,-1425.57373046875,1154.4300537109375,-1437.0,1155.0,11.440475463867188,19.99134635925293,0.23420333862304688,20.225549697875977,1.0
CQR-OneSided,0.99,0p99,test,-1436.555908203125,1163.3458251953125,-1437.0,1165.0,1.712749719619751,20.416881561279297,0.23420333862304688,20.651084899902344,1.0
CQR-OneSided,0.99,0p99,test,-1434.505126953125,1161.6868896484375,-1437.0,1155.0,7.137148380279541,20.445463180541992,0.23420333862304688,20.67966651916504,1.0
CQR-OneSided,0.99,0p99,test,-1442.52978515625,1168.29296875,-1437.0,1170.0,5.78726863861084,22.15386199951172,0.23420333862304688,22.388065338134766,1.0
CQR-OneSided,0.99,0p99,test,-1463.006103515625,1181.7298583984375,-1437.0,1160.0,33.88958740234375,46.15400314331055,0.23420333862304688,46.388206481933594,1.0
CQR-OneSided,0.99,0p99,test,-1427.611572265625,1156.1514892578125,-1437.0,1165.0,12.901113510131836,21.089582443237305,0.23420333862304688,21.32378578186035,1.0
CQR-OneSided,0.99,0p99,test,-1427.4036865234375,1155.927978515625,-1437.0,1155.0,9.641077995300293,20.22980499267578,0.23420333862304688,20.464008331298828,1.0
CQR-OneSided,0.99,0p99,test,-1428.1212158203125,1156.5079345703125,-1437.0,1155.0,9.005924224853516,20.221803665161133,0.23420333862304688,20.45600700378418,1.0
CQR-OneSided,0.99,0p99,test,-1437.8138427734375,1164.4124755859375,-1437.0,1170.0,5.646482944488525,21.197063446044922,0.23420333862304688,21.43126678466797,1.0
CQR-OneSided,0.99,0p99,test,-1439.2860107421875,1165.629638671875,-1437.0,1170.0,4.932129859924316,21.595964431762695,0.23420333862304688,21.830167770385742,1.0
CQR-OneSided,0.99,0p99,test,-1438.49462890625,1161.9400634765625,-1437.0,1160.0,2.449032783508301,14.989241600036621,0.23420333862304688,15.223444938659668,1.0
CQR-OneSided,0.99,0p99,test,-1437.16943359375,1163.846435546875,-1437.0,1165.0,1.1659411191940308,20.4954833984375,0.23420333862304688,20.729686737060547,1.0
CQR-OneSided,0.99,0p99,test,-1427.5968017578125,1156.1468505859375,-1437.0,1170.0,16.74305534362793,21.199434280395508,0.23420333862304688,21.433637619018555,1.0
CQR-OneSided,0.99,0p99,test,-1437.099609375,1163.8489990234375,-1437.0,1170.0,6.1518073081970215,21.40338706970215,0.23420333862304688,21.637590408325195,1.0
CQR-OneSided,0.99,0p99,test,-1419.23291015625,1146.3887939453125,-1437.0,1160.0,22.38156509399414,38.8536262512207,0.23420333862304688,39.08782958984375,1.0
CQR-OneSided,0.99,0p99,test,-1436.045654296875,1162.9603271484375,-1437.0,1155.0,8.017330169677734,20.830881118774414,0.23420333862304688,21.06508445739746,1.0
CQR-OneSided,0.99,0p99,test,-1432.6322021484375,1160.234375,-1437.0,1170.0,10.697901725769043,21.37700080871582,0.23420333862304688,21.611204147338867,1.0
CQR-OneSided,0.99,0p99,test,-1440.739990234375,1166.7371826171875,-1437.0,1165.0,4.123752117156982,20.550642013549805,0.23420333862304688,20.78484535217285,1.0
CQR-OneSided,0.99,0p99,test,-1450.3673095703125,1171.5279541015625,-1437.0,1160.0,17.65159034729004,25.598308563232422,0.23420333862304688,25.83251190185547,1.0
CQR-OneSided,0.99,0p99,test,-1437.512451171875,1164.1258544921875,-1437.0,1165.0,1.0132800340652466,20.513315200805664,0.23420333862304688,20.74751853942871,1.0
CQR-OneSided,0.99,0p99,test,-1470.5400390625,1187.8131103515625,-1437.0,1160.0,43.57181930541992,56.079166412353516,0.23420333862304688,56.31336975097656,1.0
CQR-OneSided,0.99,0p99,test,-1344.931640625,1086.4007568359375,-1437.0,1160.0,117.87039947509766,156.57815551757812,0.23420333862304688,156.81236267089844,1.0
CQR-OneSided,0.99,0p99,test,-1433.462158203125,1160.8489990234375,-1437.0,1165.0,5.4540934562683105,20.503698348999023,0.23420333862304688,20.73790168762207,1.0
CQR-OneSided,0.99,0p99,test,-1440.5286865234375,1166.628173828125,-1437.0,1170.0,4.880660057067871,21.483264923095703,0.23420333862304688,21.71746826171875,1.0
CQR-OneSided,0.99,0p99,test,-1440.622802734375,1163.6578369140625,-1437.0,1160.0,5.14824914932251,14.478170394897461,0.23420333862304688,14.712373733520508,1.0
CQR-OneSided,0.99,0p99,test,-1395.465576171875,1127.1988525390625,-1437.0,1160.0,52.92469787597656,69.54792022705078,0.23420333862304688,69.78211975097656,1.0
CQR-OneSided,0.99,0p99,test,-1437.5296630859375,1164.145751953125,-1437.0,1155.0,9.161076545715332,20.62026023864746,0.23420333862304688,20.854463577270508,1.0
CQR-OneSided,0.99,0p99,test,-1433.7880859375,1161.1478271484375,-1437.0,1170.0,9.416865348815918,21.08546257019043,0.23420333862304688,21.319665908813477,1.0
CQR-OneSided,0.99,0p99,test,-1425.26318359375,1154.1805419921875,-1437.0,1155.0,11.765388488769531,19.998502731323242,0.23420333862304688,20.23270606994629,1.0
CQR-OneSided,0.99,0p99,test,-1428.35107421875,1156.701904296875,-1437.0,1155.0,8.814783096313477,20.3448543548584,0.23420333862304688,20.579057693481445,1.0
CQR-OneSided,0.99,0p99,test,-1431.840576171875,1159.5789794921875,-1437.0,1170.0,11.62829875946045,21.181638717651367,0.23420333862304688,21.415842056274414,1.0
CQR-OneSided,0.99,0p99,test,-1428.981689453125,1157.193603515625,-1437.0,1165.0,11.190760612487793,20.06661033630371,0.23420333862304688,20.300813674926758,1.0
CQR-OneSided,0.99,0p99,test,-1430.167724609375,1158.15673828125,-1437.0,1155.0,7.5262861251831055,20.1282901763916,0.23420333862304688,20.36249351501465,1.0
CQR-OneSided,0.99,0p99,test,-1431.539794921875,1159.2967529296875,-1437.0,1155.0,6.948087692260742,20.558101654052734,0.23420333862304688,20.79230499267578,1.0
CQR-OneSided,0.99,0p99,test,-1434.72802734375,1161.892333984375,-1437.0,1165.0,3.8496036529541016,20.780481338500977,0.23420333862304688,21.014684677124023,1.0
CQR-OneSided,0.99,0p99,test,-1425.69775390625,1154.5355224609375,-1437.0,1155.0,11.311785697937012,20.048009872436523,0.23420333862304688,20.28221321105957,1.0
CQR-OneSided,0.99,0p99,test,-1424.3494873046875,1153.4639892578125,-1437.0,1165.0,17.120601654052734,20.300119400024414,0.23420333862304688,20.53432273864746,1.0
CQR-OneSided,0.99,0p99,test,-1431.5216064453125,1159.267822265625,-1437.0,1155.0,6.944573879241943,20.355831146240234,0.23420333862304688,20.59003448486328,1.0
CQR-OneSided,0.99,0p99,test,-1440.510498046875,1163.5662841796875,-1437.0,1160.0,5.0041961669921875,16.443649291992188,0.23420333862304688,16.677852630615234,1.0
CQR-OneSided,0.99,0p99,test,-1435.113525390625,1162.1649169921875,-1437.0,1165.0,3.405360698699951,20.246057510375977,0.23420333862304688,20.480260848999023,1.0
CQR-OneSided,0.99,0p99,test,-1467.8084716796875,1185.609619140625,-1437.0,1160.0,40.0626335144043,47.732364654541016,0.23420333862304688,47.96656799316406,1.0
CQR-OneSided,0.99,0p99,test,-1423.309326171875,1152.5909423828125,-1437.0,1155.0,13.90101146697998,19.88136863708496,0.23420333862304688,20.115571975708008,1.0
CQR-OneSided,0.99,0p99,test,-1428.5069580078125,1156.839599609375,-1437.0,1155.0,8.689987182617188,20.503625869750977,0.23420333862304688,20.737829208374023,1.0
CQR-OneSided,0.99,0p99,test,-1441.65283203125,1167.4974365234375,-1437.0,1165.0,5.2807230949401855,20.880001068115234,0.23420333862304688,21.11420440673828,1.0
CQR-OneSided,0.99,0p99,test,-1436.77197265625,1163.5045166015625,-1437.0,1165.0,1.512768030166626,20.20584487915039,0.23420333862304688,20.440048217773438,1.0
CQR-OneSided,0.99,0p99,test,-1430.21337890625,1158.2647705078125,-1437.0,1170.0,13.556321144104004,21.22191619873047,0.23420333862304688,21.456119537353516,1.0
CQR-OneSided,0.99,0p99,test,-1427.80810546875,1156.2496337890625,-1437.0,1165.0,12.690935134887695,20.140548706054688,0.23420333862304688,20.374752044677734,1.0
CQR-OneSided,0.99,0p99,test,-1419.69775390625,1146.7628173828125,-1437.0,1160.0,21.78510284423828,35.674381256103516,0.23420333862304688,35.90858459472656,1.0
CQR-OneSided,0.99,0p99,test,-1438.74755859375,1165.189208984375,-1437.0,1170.0,5.118366241455078,21.513429641723633,0.23420333862304688,21.74763298034668,1.0
CQR-OneSided,0.99,0p99,test,-1437.3619384765625,1164.05029296875,-1437.0,1170.0,5.960705757141113,21.237817764282227,0.23420333862304688,21.472021102905273,1.0
CQR-OneSided,0.99,0p99,test,-1424.80615234375,1150.8883056640625,-1437.0,1160.0,15.222118377685547,28.10820770263672,0.23420333862304688,28.342411041259766,1.0
CQR-OneSided,0.99,0p99,test,-1428.7325439453125,1156.9993896484375,-1437.0,1155.0,8.505785942077637,20.187471389770508,0.23420333862304688,20.421674728393555,1.0
CQR-OneSided,0.99,0p99,test,-1439.388427734375,1165.6776123046875,-1437.0,1165.0,2.482689142227173,21.064760208129883,0.23420333862304688,21.29896354675293,1.0
CQR-OneSided,0.99,0p99,test,-1432.6280517578125,1160.1524658203125,-1437.0,1155.0,6.757354259490967,20.21788215637207,0.23420333862304688,20.452085494995117,1.0
CQR-OneSided,0.99,0p99,test,-1431.83447265625,1159.5291748046875,-1437.0,1155.0,6.869941711425781,20.491201400756836,0.23420333862304688,20.725404739379883,1.0
CQR-OneSided,0.99,0p99,test,-1438.907470703125,1165.3172607421875,-1437.0,1165.0,1.933674931526184,21.438596725463867,0.23420333862304688,21.672800064086914,1.0
CQR-OneSided,0.99,0p99,test,-1427.4515380859375,1156.0343017578125,-1437.0,1170.0,16.917856216430664,21.275840759277344,0.23420333862304688,21.51004409790039,1.0
CQR-OneSided,0.99,0p99,test,-1428.0025634765625,1156.47265625,-1437.0,1170.0,16.246318817138672,21.137741088867188,0.23420333862304688,21.371944427490234,1.0
CQR-OneSided,0.99,0p99,test,-1386.9814453125,1120.345458984375,-1437.0,1160.0,63.830543518066406,69.33885955810547,0.23420333862304688,69.57305908203125,1.0
CQR-OneSided,0.99,0p99,test,-1426.28955078125,1152.085205078125,-1437.0,1160.0,13.317570686340332,26.27448272705078,0.23420333862304688,26.508686065673828,1.0
CQR-OneSided,0.99,0p99,test,-1441.3447265625,1167.21240234375,-1437.0,1165.0,4.875589370727539,20.3385009765625,0.23420333862304688,20.572704315185547,1.0
CQR-OneSided,0.99,0p99,test,-1433.1455078125,1157.6224365234375,-1437.0,1160.0,4.528787612915039,25.52614974975586,0.23420333862304688,25.760353088378906,1.0
CQR-OneSided,0.99,0p99,test,-1427.03955078125,1155.6339111328125,-1437.0,1155.0,9.980600357055664,20.228042602539062,0.23420333862304688,20.46224594116211,1.0
CQR-OneSided,0.99,0p99,test,-1428.842041015625,1157.1494140625,-1437.0,1170.0,15.22136116027832,21.116960525512695,0.23420333862304688,21.351163864135742,1.0
CQR-OneSided,0.99,0p99,test,-1434.624755859375,1161.77294921875,-1437.0,1165.0,4.006948947906494,20.273900985717773,0.23420333862304688,20.50810432434082,1.0
CQR-OneSided,0.99,0p99,test,-1451.8804931640625,1172.7481689453125,-1437.0,1160.0,19.594511032104492,31.78321647644043,0.23420333862304688,32.017417907714844,1.0
CQR-OneSided,0.99,0p99,test,-1430.675537109375,1158.594970703125,-1437.0,1155.0,7.274795055389404,20.539907455444336,0.23420333862304688,20.774110794067383,1.0
CQR-OneSided,0.99,0p99,test,-1445.1932373046875,1167.3486328125,-1437.0,1160.0,11.005977630615234,18.48726463317871,0.23420333862304688,18.721467971801758,1.0
CQR-OneSided,0.99,0p99,test,-1427.9737548828125,1156.4520263671875,-1437.0,1170.0,16.279455184936523,21.204818725585938,0.23420333862304688,21.439022064208984,1.0
CQR-OneSided,0.99,0p99,test,-1429.098876953125,1157.3448486328125,-1437.0,1170.0,14.919136047363281,20.928068161010742,0.23420333862304688,21.16227149963379,1.0
CQR-OneSided,0.99,0p99,test,-1440.79248046875,1166.8585205078125,-1437.0,1170.0,4.924611568450928,21.732521057128906,0.23420333862304688,21.966724395751953,1.0
CQR-OneSided,0.99,0p99,test,-1431.1893310546875,1158.993408203125,-1437.0,1165.0,8.357213973999023,20.263080596923828,0.23420333862304688,20.497283935546875,1.0
CQR-OneSided,0.99,0p99,test,-1425.132080078125,1151.14990234375,-1437.0,1160.0,14.804450035095215,23.00259017944336,0.23420333862304688,23.236793518066406,1.0
CQR-OneSided,0.99,0p99,test,-1433.3433837890625,1160.7437744140625,-1437.0,1155.0,6.808948993682861,20.39142608642578,0.23420333862304688,20.625629425048828,1.0
CQR-OneSided,0.99,0p99,test,-1445.752197265625,1167.80224609375,-1437.0,1160.0,11.725016593933105,16.365116119384766,0.23420333862304688,16.599319458007812,1.0
CQR-OneSided,0.99,0p99,test,-1427.885498046875,1156.3541259765625,-1437.0,1170.0,16.409875869750977,20.79705047607422,0.23420333862304688,21.031253814697266,1.0
CQR-OneSided,0.99,0p99,test,-1429.74755859375,1157.8338623046875,-1437.0,1155.0,7.786442279815674,20.385595321655273,0.23420333862304688,20.61979866027832,1.0
CQR-OneSided,0.99,0p99,test,-1429.653076171875,1157.8126220703125,-1437.0,1170.0,14.230582237243652,21.246984481811523,0.23420333862304688,21.48118782043457,1.0
CQR-OneSided,0.99,0p99,test,-1433.6337890625,1160.9935302734375,-1437.0,1155.0,6.874138355255127,20.602611541748047,0.23420333862304688,20.836814880371094,1.0
CQR-OneSided,0.99,0p99,test,-1448.6968994140625,1170.1793212890625,-1437.0,1160.0,15.505999565124512,15.508805274963379,0.23420333862304688,15.743008613586426,1.0
CQR-OneSided,0.99,0p99,test,-1438.122314453125,1164.645751953125,-1437.0,1165.0,1.1768947839736938,20.919641494750977,0.23420333862304688,21.153844833374023,1.0
CQR-OneSided,0.99,0p99,test,-1436.1761474609375,1163.022216796875,-1437.0,1165.0,2.142512321472168,20.223085403442383,0.23420333862304688,20.45728874206543,1.0
CQR-OneSided,0.99,0p99,test,-1443.937255859375,1169.408447265625,-1437.0,1170.0,6.96243143081665,21.816091537475586,0.23420333862304688,22.050294876098633,1.0
CQR-OneSided,0.99,0p99,test,-1431.9150390625,1156.6263427734375,-1437.0,1160.0,6.102326393127441,16.280153274536133,0.23420333862304688,16.51435661315918,1.0
CQR-OneSided,0.99,0p99,test,-1362.43408203125,1100.5294189453125,-1437.0,1160.0,95.37728118896484,118.97239685058594,0.23420333862304688,119.20660400390625,1.0
CQR-OneSided,0.99,0p99,test,-1434.5684814453125,1161.7586669921875,-1437.0,1170.0,8.592546463012695,20.779905319213867,0.23420333862304688,21.014108657836914,1.0
CQR-OneSided,0.99,0p99,test,-1428.111083984375,1156.4976806640625,-1437.0,1155.0,9.014204025268555,20.189680099487305,0.23420333862304688,20.42388343811035,1.0
CQR-OneSided,0.99,0p99,test,-1437.215576171875,1163.939453125,-1437.0,1170.0,6.064379692077637,21.354665756225586,0.23420333862304688,21.588869094848633,1.0
CQR-OneSided,0.99,0p99,test,-1434.533447265625,1161.7008056640625,-1437.0,1165.0,4.119292259216309,20.30759048461914,0.23420333862304688,20.541793823242188,1.0
CQR-OneSided,0.99,0p99,test,-1432.844970703125,1160.3284912109375,-1437.0,1155.0,6.757002830505371,20.21556282043457,0.23420333862304688,20.449766159057617,1.0
CQR-OneSided,0.99,0p99,test,-1438.0982666015625,1164.684326171875,-1437.0,1170.0,5.427944183349609,21.810014724731445,0.23420333862304688,22.044218063354492,1.0
CQR-OneSided,0.99,0p99,test,-1426.330810546875,1155.07861328125,-1437.0,1165.0,14.569334983825684,20.47568702697754,0.23420333862304688,20.709890365600586,1.0
CQR-OneSided,0.99,0p99,test,-1431.4713134765625,1159.2760009765625,-1437.0,1170.0,12.065260887145996,21.112272262573242,0.23420333862304688,21.34647560119629,1.0
CQR-OneSided,0.99,0p99,test,-1435.71923828125,1162.681640625,-1437.0,1155.0,7.787679672241211,20.62502098083496,0.23420333862304688,20.859224319458008,1.0
CQR-OneSided,0.99,0p99,test,-1423.97314453125,1153.1634521484375,-1437.0,1165.0,17.60121726989746,20.353178024291992,0.23420333862304688,20.58738136291504,1.0
CQR-OneSided,0.99,0p99,test,-1432.342041015625,1156.9727783203125,-1437.0,1160.0,5.555236339569092,27.267887115478516,0.23420333862304688,27.502090454101562,1.0
CQR-OneSided,0.99,0p99,test,-1383.885498046875,1117.8455810546875,-1437.0,1160.0,67.80962371826172,73.22771453857422,0.23420333862304688,73.4619140625,1.0
CQR-OneSided,0.99,0p99,test,-1429.91845703125,1158.0352783203125,-1437.0,1170.0,13.903338432312012,21.33732032775879,0.23420333862304688,21.571523666381836,1.0
CQR-OneSided,0.99,0p99,test,-1446.7392578125,1168.5982666015625,-1437.0,1160.0,12.991663932800293,19.877601623535156,0.23420333862304688,20.111804962158203,1.0
CQR-OneSided,0.99,0p99,test,-1426.530029296875,1152.2825927734375,-1437.0,1160.0,13.006869316101074,35.97684860229492,0.23420333862304688,36.21105194091797,1.0
CQR-OneSided,0.99,0p99,test,-1436.9375,1163.7130126953125,-1437.0,1170.0,6.287298202514648,21.334880828857422,0.23420333862304688,21.56908416748047,1.0
CQR-OneSided,0.99,0p99,test,-1435.245361328125,1159.316162109375,-1437.0,1160.0,1.8831863403320312,15.082291603088379,0.23420333862304688,15.316494941711426,1.0
CQR-OneSided,0.99,0p99,test,-1431.794921875,1159.4962158203125,-1437.0,1155.0,6.878139019012451,20.480976104736328,0.23420333862304688,20.715179443359375,1.0
CQR-OneSided,0.99,0p99,test,-1403.1171875,1133.3782958984375,-1437.0,1160.0,43.09013748168945,55.50129318237305,0.23420333862304688,55.735496520996094,1.0
CQR-OneSided,0.99,0p99,test,-1437.886474609375,1164.409912109375,-1437.0,1165.0,1.0649136304855347,20.262678146362305,0.23420333862304688,20.49688148498535,1.0
CQR-OneSided,0.99,0p99,test,-1427.050048828125,1155.6900634765625,-1437.0,1170.0,17.42916488647461,20.98573875427246,0.23420333862304688,21.219942092895508,1.0
CQR-OneSided,0.99,0p99,test,-1448.57080078125,1170.0765380859375,-1437.0,1160.0,15.343404769897461,20.350770950317383,0.23420333862304688,20.58497428894043,1.0
CQR-OneSided,0.99,0p99,test,-1432.823486328125,1160.3660888671875,-1437.0,1170.0,10.500262260437012,21.075525283813477,0.23420333862304688,21.309728622436523,1.0
CQR-OneSided,0.99,0p99,test,-1432.67431640625,1160.1724853515625,-1437.0,1165.0,6.482008457183838,19.972455978393555,0.23420333862304688,20.2066593170166,1.0
CQR-OneSided,0.99,0p99,test,-1432.814697265625,1160.3070068359375,-1437.0,1155.0,6.758778095245361,20.27570152282715,0.23420333862304688,20.509904861450195,1.0
CQR-OneSided,0.99,0p99,test,-1432.83642578125,1157.3748779296875,-1437.0,1160.0,4.922053813934326,25.559812545776367,0.23420333862304688,25.794015884399414,1.0
CQR-OneSided,0.99,0p99,test,-1432.609619140625,1160.1466064453125,-1437.0,1155.0,6.764835357666016,20.339187622070312,0.23420333862304688,20.57339096069336,1.0
CQR-OneSided,0.99,0p99,test,-1378.888916015625,1113.8121337890625,-1437.0,1160.0,74.2308349609375,81.21296691894531,0.23420333862304688,81.44717407226562,1.0
CQR-OneSided,0.99,0p99,test,-1429.2879638671875,1157.5279541015625,-1437.0,1170.0,14.663813591003418,21.38116455078125,0.23420333862304688,21.615367889404297,1.0
CQR-OneSided,0.99,0p99,test,-1410.409912109375,1139.2640380859375,-1437.0,1160.0,33.71962356567383,45.36366271972656,0.23420333862304688,45.59786605834961,1.0
CQR-OneSided,0.99,0p99,test,-1443.9866943359375,1169.419677734375,-1437.0,1170.0,7.010753631591797,21.380468368530273,0.23420333862304688,21.61467170715332,1.0
CQR-OneSided,0.99,0p99,test,-1429.7099609375,1154.8470458984375,-1437.0,1160.0,8.927350997924805,19.990867614746094,0.23420333862304688,20.22507095336914,1.0
CQR-OneSided,0.99,0p99,test,-1442.106689453125,1167.9232177734375,-1437.0,1170.0,5.51283073425293,21.744840621948242,0.23420333862304688,21.97904396057129,1.0
CQR-OneSided,0.99,0p99,test,-1438.400146484375,1164.8541259765625,-1437.0,1165.0,1.4077248573303223,20.67380714416504,0.23420333862304688,20.908010482788086,1.0
CQR-OneSided,0.99,0p99,test,-1362.34619140625,1100.456787109375,-1437.0,1160.0,95.49127960205078,114.77779388427734,0.23420333862304688,115.01199340820312,1.0
CQR-OneSided,0.99,0p99,test,-1441.84765625,1164.6484375,-1437.0,1160.0,6.7162299156188965,14.606614112854004,0.23420333862304688,14.84081745147705,1.0
CQR-OneSided,0.99,0p99,test,-1442.915771484375,1168.502197265625,-1437.0,1165.0,6.8747172355651855,20.601720809936523,0.23420333862304688,20.83592414855957,1.0
CQR-OneSided,0.99,0p99,test,-1422.5556640625,1152.010986328125,-1437.0,1155.0,14.750357627868652,20.29425621032715,0.23420333862304688,20.528459548950195,1.0
CQR-OneSided,0.99,0p99,test,-1439.0408935546875,1162.38232421875,-1437.0,1160.0,3.136991500854492,16.06123161315918,0.23420333862304688,16.295434951782227,1.0
CQR-OneSided,0.99,0p99,test,-1435.22216796875,1162.2952880859375,-1437.0,1170.0,7.907166004180908,20.882295608520508,0.23420333862304688,21.116498947143555,1.0
CQR-OneSided,0.99,0p99,test,-1426.783203125,1155.4805908203125,-1437.0,1170.0,17.753765106201172,21.062898635864258,0.23420333862304688,21.297101974487305,1.0
CQR-OneSided,0.99,0p99,test,-1433.92919921875,1161.2130126953125,-1437.0,1165.0,4.875560760498047,20.302038192749023,0.23420333862304688,20.53624153137207,1.0
CQR-OneSided,0.99,0p99,test,-1421.6033935546875,1148.3023681640625,-1437.0,1160.0,19.33623695373535,38.882686614990234,0.23420333862304688,39.11688995361328,1.0
CQR-OneSided,0.99,0p99,test,-1429.871337890625,1157.997802734375,-1437.0,1170.0,13.959604263305664,21.355077743530273,0.23420333862304688,21.58928108215332,1.0
CQR-OneSided,0.99,0p99,test,-1431.5068359375,1159.30712890625,-1437.0,1170.0,12.021328926086426,21.16054916381836,0.23420333862304688,21.394752502441406,1.0
CQR-OneSided,0.99,0p99,test,-1440.8740234375,1166.8814697265625,-1437.0,1165.0,4.306736946105957,21.083070755004883,0.23420333862304688,21.31727409362793,1.0
CQR-OneSided,0.99,0p99,test,-1431.16943359375,1158.984619140625,-1437.0,1155.0,7.062060356140137,20.38610076904297,0.23420333862304688,20.620304107666016,1.0
CQR-OneSided,0.99,0p99,test,-1426.685302734375,1155.3782958984375,-1437.0,1165.0,14.10567855834961,20.699323654174805,0.23420333862304688,20.93352699279785,1.0
CQR-OneSided,0.99,0p99,test,-1424.56787109375,1150.6947021484375,-1437.0,1160.0,15.528888702392578,27.09288787841797,0.23420333862304688,27.327091217041016,1.0
CQR-OneSided,0.99,0p99,test,-1422.408203125,1148.9512939453125,-1437.0,1160.0,18.302852630615234,30.536258697509766,0.23420333862304688,30.770462036132812,1.0
CQR-OneSided,0.99,0p99,test,-1438.5928955078125,1165.01806640625,-1437.0,1165.0,1.5929979085922241,20.790536880493164,0.23420333862304688,21.02474021911621,1.0
CQR-OneSided,0.99,0p99,test,-1437.788330078125,1164.4071044921875,-1437.0,1165.0,0.9864022135734558,21.380647659301758,0.23420333862304688,21.614850997924805,1.0
CQR-OneSided,0.99,0p99,test,-1435.68408203125,1162.69921875,-1437.0,1170.0,7.418426036834717,21.342985153198242,0.23420333862304688,21.57718849182129,1.0
CQR-OneSided,0.99,0p99,test,-1428.7032470703125,1156.9989013671875,-1437.0,1165.0,11.526217460632324,20.498899459838867,0.23420333862304688,20.733102798461914,1.0
CQR-OneSided,0.99,0p99,test,-1439.2403564453125,1165.5770263671875,-1437.0,1170.0,4.95801305770874,21.340068817138672,0.23420333862304688,21.57427215576172,1.0
CQR-OneSided,0.99,0p99,test,-1440.3455810546875,1163.4349365234375,-1437.0,1160.0,4.794966220855713,14.508365631103516,0.23420333862304688,14.742568969726562,1.0
CQR-OneSided,0.99,0p99,test,-1439.52001953125,1165.7904052734375,-1437.0,1165.0,2.6410677433013916,21.144515991210938,0.23420333862304688,21.378719329833984,1.0
CQR-OneSided,0.99,0p99,test,-1427.815185546875,1156.3248291015625,-1437.0,1170.0,16.473346710205078,21.201623916625977,0.23420333862304688,21.435827255249023,1.0
CQR-OneSided,0.99,0p99,test,-1433.730224609375,1158.093994140625,-1437.0,1160.0,3.7847442626953125,17.10424041748047,0.23420333862304688,17.338443756103516,1.0
CQR-OneSided,0.99,0p99,test,-1426.7608642578125,1155.4158935546875,-1437.0,1155.0,10.247578620910645,20.34505844116211,0.23420333862304688,20.579261779785156,1.0
CQR-OneSided,0.99,0p99,test,-1431.778564453125,1159.5211181640625,-1437.0,1165.0,7.568456649780273,20.97900390625,0.23420333862304688,21.213207244873047,1.0
CQR-OneSided,0.99,0p99,test,-1432.0699462890625,1159.7080078125,-1437.0,1155.0,6.816946983337402,20.308298110961914,0.23420333862304688,20.54250144958496,1.0
CQR-OneSided,0.99,0p99,test,-1436.187255859375,1163.072021484375,-1437.0,1165.0,2.0922844409942627,20.78203773498535,0.23420333862304688,21.0162410736084,1.0
CQR-OneSided,0.99,0p99,test,-1433.606689453125,1160.9381103515625,-1437.0,1155.0,6.839277267456055,20.138755798339844,0.23420333862304688,20.37295913696289,1.0
CQR-OneSided,0.99,0p99,test,-1438.8231201171875,1165.1932373046875,-1437.0,1165.0,1.8333324193954468,20.650609970092773,0.23420333862304688,20.88481330871582,1.0
CQR-OneSided,0.99,0p99,test,-1453.3052978515625,1173.8973388671875,-1437.0,1160.0,21.424257278442383,33.851959228515625,0.23420333862304688,34.08616256713867,1.0
CQR-OneSided,0.99,0p99,test,-1433.928466796875,1161.1907958984375,-1437.0,1165.0,4.893296718597412,20.017364501953125,0.23420333862304688,20.251567840576172,1.0
CQR-OneSided,0.99,0p99,test,-1441.71337890625,1167.6014404296875,-1437.0,1170.0,5.288575172424316,21.71153450012207,0.23420333862304688,21.945737838745117,1.0
CQR-OneSided,0.99,0p99,test,-1437.623291015625,1164.2789306640625,-1437.0,1170.0,5.754921913146973,21.505613327026367,0.23420333862304688,21.739816665649414,1.0
CQR-OneSided,0.99,0p99,test,-1430.9718017578125,1158.8123779296875,-1437.0,1155.0,7.132558822631836,20.211870193481445,0.23420333862304688,20.446073532104492,1.0
CQR-OneSided,0.99,0p99,test,-1430.615234375,1158.51611328125,-1437.0,1165.0,9.099781036376953,20.084997177124023,0.23420333862304688,20.31920051574707,1.0
CQR-OneSided,0.99,0p99,test,-1431.7115478515625,1159.4622802734375,-1437.0,1155.0,6.919513702392578,20.9789981842041,0.23420333862304688,21.21320152282715,1.0
CQR-OneSided,0.99,0p99,test,-1425.52734375,1154.3978271484375,-1437.0,1155.0,11.488448143005371,20.061351776123047,0.23420333862304688,20.295555114746094,1.0
CQR-OneSided,0.99,0p99,test,-1445.263671875,1170.415771484375,-1437.0,1165.0,9.88022518157959,20.82415199279785,0.23420333862304688,21.0583553314209,1.0
CQR-OneSided,0.99,0p99,test,-1433.241943359375,1160.663818359375,-1437.0,1165.0,5.738070964813232,20.39680290222168,0.23420333862304688,20.631006240844727,1.0
CQR-OneSided,0.99,0p99,test,-1428.31591796875,1153.7232666015625,-1437.0,1160.0,10.714974403381348,26.394245147705078,0.23420333862304688,26.628448486328125,1.0
CQR-OneSided,0.99,0p99,test,-1428.8251953125,1154.1326904296875,-1437.0,1160.0,10.062442779541016,24.99340057373047,0.23420333862304688,25.227603912353516,1.0
CQR-OneSided,0.99,0p99,test,-1431.173095703125,1158.9842529296875,-1437.0,1155.0,7.058830261230469,20.332361221313477,0.23420333862304688,20.566564559936523,1.0
CQR-OneSided,0.99,0p99,test,-1347.813232421875,1088.730224609375,-1437.0,1160.0,114.16505432128906,151.48365783691406,0.23420333862304688,151.71786499023438,1.0
CQR-OneSided,0.99,0p99,test,-1426.834716796875,1155.4786376953125,-1437.0,1155.0,10.176545143127441,20.39731788635254,0.23420333862304688,20.631521224975586,1.0
CQR-OneSided,0.99,0p99,test,-1429.3165283203125,1157.47265625,-1437.0,1155.0,8.071540832519531,20.197053909301758,0.23420333862304688,20.431257247924805,1.0
CQR-OneSided,0.99,0p99,test,-1436.494384765625,1163.3319091796875,-1437.0,1170.0,6.687232971191406,21.002901077270508,0.23420333862304688,21.237104415893555,1.0
CQR-OneSided,0.99,0p99,test,-1428.8758544921875,1157.0909423828125,-1437.0,1165.0,11.33820629119873,19.85455894470215,0.23420333862304688,20.088762283325195,1.0
CQR-OneSided,0.99,0p99,test,-1429.6011962890625,1157.7127685546875,-1437.0,1155.0,7.8804450035095215,20.33366584777832,0.23420333862304688,20.567869186401367,1.0
CQR-OneSided,0.99,0p99,test,-1443.04052734375,1168.6458740234375,-1437.0,1170.0,6.190446376800537,21.27155113220215,0.23420333862304688,21.505754470825195,1.0
CQR-OneSided,0.99,0p99,test,-1436.3204345703125,1163.1678466796875,-1437.0,1165.0,1.954122543334961,20.60285186767578,0.23420333862304688,20.837055206298828,1.0
CQR-OneSided,0.99,0p99,test,-1436.89501953125,1163.6925048828125,-1437.0,1170.0,6.308368682861328,21.536357879638672,0.23420333862304688,21.77056121826172,1.0
CQR-OneSided,0.99,0p99,test,-1432.068115234375,1159.6959228515625,-1437.0,1155.0,6.809932231903076,20.166719436645508,0.23420333862304688,20.400922775268555,1.0
CQR-OneSided,0.99,0p99,test,-1423.690673828125,1149.9862060546875,-1437.0,1160.0,16.655757904052734,28.592872619628906,0.23420333862304688,28.827075958251953,1.0
CQR-OneSided,0.99,0p99,test,-1439.5843505859375,1165.8135986328125,-1437.0,1165.0,2.70939302444458,20.688081741333008,0.23420333862304688,20.922285079956055,1.0
CQR-OneSided,0.99,0p99,test,-1427.9033203125,1156.3262939453125,-1437.0,1155.0,9.19285774230957,20.135473251342773,0.23420333862304688,20.36967658996582,1.0
CQR-OneSided,0.99,0p99,test,-1416.4337158203125,1144.1273193359375,-1437.0,1160.0,25.979108810424805,41.541507720947266,0.23420333862304688,41.77571105957031,1.0
CQR-OneSided,0.99,0p99,test,-1434.8712158203125,1161.9813232421875,-1437.0,1155.0,7.298670768737793,20.41083526611328,0.23420333862304688,20.645038604736328,1.0
CQR-OneSided,0.99,0p99,test,-1431.369873046875,1159.2098388671875,-1437.0,1155.0,7.030012607574463,21.29861831665039,0.23420333862304688,21.532821655273438,1.0
CQR-OneSided,0.99,0p99,test,-1443.2037353515625,1168.71142578125,-1437.0,1165.0,7.229177951812744,20.274396896362305,0.23420333862304688,20.50860023498535,1.0
CQR-OneSided,0.99,0p99,test,-1437.50439453125,1164.13232421875,-1437.0,1165.0,1.0036309957504272,20.71156120300293,0.23420333862304688,20.945764541625977,1.0
CQR-OneSided,0.99,0p99,test,-1425.998046875,1154.8212890625,-1437.0,1165.0,14.988299369812012,20.676530838012695,0.23420333862304688,20.910734176635742,1.0
CQR-OneSided,0.99,0p99,test,-1431.4195556640625,1159.216064453125,-1437.0,1170.0,12.142266273498535,20.844511032104492,0.23420333862304688,21.07871437072754,1.0
CQR-OneSided,0.99,0p99,test,-1434.50244140625,1161.6650390625,-1437.0,1155.0,7.117622375488281,20.170791625976562,0.23420333862304688,20.40499496459961,1.0
CQR-OneSided,0.99,0p99,test,-1438.24609375,1164.7247314453125,-1437.0,1165.0,1.2761356830596924,20.588769912719727,0.23420333862304688,20.822973251342773,1.0
CQR-OneSided,0.99,0p99,test,-1434.267578125,1161.49560546875,-1437.0,1165.0,4.44374942779541,20.446523666381836,0.23420333862304688,20.680727005004883,1.0
CQR-OneSided,0.99,0p99,test,-1441.7060546875,1164.5333251953125,-1437.0,1160.0,6.534369468688965,16.79837417602539,0.23420333862304688,17.032577514648438,1.0
CQR-OneSided,0.99,0p99,test,-1417.802490234375,1145.2349853515625,-1437.0,1160.0,24.218795776367188,43.50839614868164,0.23420333862304688,43.74259948730469,1.0
CQR-OneSided,0.99,0p99,test,-1429.266845703125,1157.4537353515625,-1437.0,1155.0,8.113106727600098,20.505868911743164,0.23420333862304688,20.74007225036621,1.0
CQR-OneSided,0.99,0p99,test,-1424.8753662109375,1153.8887939453125,-1437.0,1155.0,12.175447463989258,20.314889907836914,0.23420333862304688,20.54909324645996,1.0
CQR-OneSided,0.99,0p99,test,-1436.421142578125,1160.2664794921875,-1437.0,1160.0,0.6372497081756592,16.806312561035156,0.23420333862304688,17.040515899658203,1.0
CQR-OneSided,0.99,0p99,test,-1432.2093505859375,1159.8250732421875,-1437.0,1155.0,6.799386024475098,20.365447998046875,0.23420333862304688,20.599651336669922,1.0
CQR-OneSided,0.99,0p99,test,-1428.4482421875,1156.8397216796875,-1437.0,1170.0,15.6947603225708,21.254329681396484,0.23420333862304688,21.48853302001953,1.0
CQR-OneSided,0.99,0p99,test,-1434.64404296875,1161.7982177734375,-1437.0,1155.0,7.19488000869751,20.430837631225586,0.23420333862304688,20.665040969848633,1.0
CQR-OneSided,0.99,0p99,test,-1441.609375,1167.4541015625,-1437.0,1165.0,5.221968173980713,20.75001335144043,0.23420333862304688,20.984216690063477,1.0
CQR-OneSided,0.99,0p99,test,-1446.1832275390625,1171.1475830078125,-1437.0,1165.0,11.050992965698242,20.637847900390625,0.23420333862304688,20.872051239013672,1.0
CQR-OneSided,0.99,0p99,test,-1428.5819091796875,1156.9498291015625,-1437.0,1170.0,15.529687881469727,21.288267135620117,0.23420333862304688,21.522470474243164,1.0
CQR-OneSided,0.99,0p99,test,-1432.401611328125,1159.956298828125,-1437.0,1155.0,6.760922908782959,20.039854049682617,0.23420333862304688,20.274057388305664,1.0
CQR-OneSided,0.99,0p99,test,-1427.979736328125,1156.4527587890625,-1437.0,1170.0,16.275529861450195,21.136911392211914,0.23420333862304688,21.37111473083496,1.0
CQR-OneSided,0.99,0p99,test,-1430.3133544921875,1158.2947998046875,-1437.0,1155.0,7.4543232917785645,20.44618797302246,0.23420333862304688,20.680391311645508,1.0
CQR-OneSided,0.99,0p99,test,-1430.2984619140625,1158.330322265625,-1437.0,1165.0,9.454904556274414,21.084749221801758,0.23420333862304688,21.318952560424805,1.0
CQR-OneSided,0.99,0p99,test,-1430.60400390625,1158.5206298828125,-1437.0,1165.0,9.104450225830078,20.2701416015625,0.23420333862304688,20.504344940185547,1.0
CQR-OneSided,0.99,0p99,test,-1437.6883544921875,1164.2662353515625,-1437.0,1165.0,1.0061025619506836,20.480024337768555,0.23420333862304688,20.7142276763916,1.0
CQR-OneSided,0.99,0p99,test,-1438.834716796875,1165.2791748046875,-1437.0,1170.0,5.064817428588867,21.808298110961914,0.23420333862304688,22.04250144958496,1.0
CQR-OneSided,0.99,0p99,test,-1429.521728515625,1157.6290283203125,-1437.0,1155.0,7.926937103271484,20.0576171875,0.23420333862304688,20.291820526123047,1.0
CQR-OneSided,0.99,0p99,test,-1435.3291015625,1159.3836669921875,-1437.0,1160.0,1.7809457778930664,15.793339729309082,0.23420333862304688,16.027542114257812,1.0
CQR-OneSided,0.99,0p99,test,-1419.119873046875,1146.2960205078125,-1437.0,1160.0,22.5277156829834,33.49925994873047,0.23420333862304688,33.733463287353516,1.0
CQR-OneSided,0.99,0p99,test,-1428.401123046875,1156.7611083984375,-1437.0,1170.0,15.786352157592773,20.646883010864258,0.23420333862304688,20.881086349487305,1.0
CQR-OneSided,0.99,0p99,test,-1431.7117919921875,1159.4034423828125,-1437.0,1155.0,6.881529331207275,20.104904174804688,0.23420333862304688,20.339107513427734,1.0
CQR-OneSided,0.99,0p99,test,-1442.40673828125,1168.0965576171875,-1437.0,1165.0,6.23068904876709,20.71744155883789,0.23420333862304688,20.951644897460938,1.0
CQR-OneSided,0.99,0p99,test,-1433.1790771484375,1160.6116943359375,-1437.0,1155.0,6.789003372192383,20.396677017211914,0.23420333862304688,20.63088035583496,1.0
CQR-OneSided,0.99,0p99,test,-1446.680419921875,1168.5499267578125,-1437.0,1160.0,12.915563583374023,20.208175659179688,0.23420333862304688,20.442378997802734,1.0
CQR-OneSided,0.99,0p99,test,-1435.039794921875,1162.1187744140625,-1437.0,1165.0,3.48480486869812,20.42047691345215,0.23420333862304688,20.654680252075195,1.0
CQR-OneSided,0.99,0p99,test,-1438.7904052734375,1165.220947265625,-1437.0,1170.0,5.103420257568359,21.47767448425293,0.23420333862304688,21.711877822875977,1.0
CQR-OneSided,0.99,0p99,test,-1425.387451171875,1151.3553466796875,-1437.0,1160.0,14.476923942565918,18.62291145324707,0.23420333862304688,18.857114791870117,1.0
CQR-OneSided,0.99,0p99,test,-1440.8466796875,1166.8348388671875,-1437.0,1165.0,4.261875152587891,20.70242691040039,0.23420333862304688,20.936630249023438,1.0
CQR-OneSided,0.99,0p99,test,-1434.8758544921875,1162.0057373046875,-1437.0,1165.0,3.6711857318878174,20.710901260375977,0.23420333862304688,20.945104598999023,1.0
CQR-OneSided,0.99,0p99,test,-1425.601806640625,1151.529541015625,-1437.0,1160.0,14.200967788696289,23.99095916748047,0.23420333862304688,24.225162506103516,1.0
CQR-OneSided,0.99,0p99,test,-1428.1993408203125,1156.6307373046875,-1437.0,1170.0,16.005897521972656,21.13917350769043,0.23420333862304688,21.373376846313477,1.0
CQR-OneSided,0.99,0p99,test,-1430.34228515625,1158.2823486328125,-1437.0,1165.0,9.457907676696777,19.9053897857666,0.23420333862304688,20.13959312438965,1.0
CQR-OneSided,0.99,0p99,test,-1429.306640625,1157.4478759765625,-1437.0,1155.0,8.073405265808105,19.961591720581055,0.23420333862304688,20.1957950592041,1.0
CQR-OneSided,0.99,0p99,test,-1430.504638671875,1158.4466552734375,-1437.0,1155.0,7.353172779083252,20.373737335205078,0.23420333862304688,20.607940673828125,1.0
CQR-OneSided,0.99,0p99,test,-1428.742919921875,1154.066162109375,-1437.0,1160.0,10.16807746887207,24.6157283782959,0.23420333862304688,24.849931716918945,1.0
CQR-OneSided,0.99,0p99,test,-1428.4202880859375,1156.79736328125,-1437.0,1170.0,15.74551010131836,20.9542179107666,0.23420333862304688,21.18842124938965,1.0
CQR-OneSided,0.99,0p99,test,-1400.104736328125,1130.94189453125,-1437.0,1160.0,46.96417999267578,56.36000442504883,0.23420333862304688,56.594207763671875,1.0
CQR-OneSided,0.99,0p99,test,-1439.31396484375,1165.65234375,-1437.0,1170.0,4.925093650817871,21.598520278930664,0.23420333862304688,21.83272361755371,1.0
CQR-OneSided,0.99,0p99,test,-1430.685791015625,1158.6383056640625,-1437.0,1170.0,12.998358726501465,21.060575485229492,0.23420333862304688,21.29477882385254,1.0
CQR-OneSided,0.99,0p99,test,-1430.727294921875,1158.60986328125,-1437.0,1165.0,8.954366683959961,20.136137008666992,0.23420333862304688,20.37034034729004,1.0
CQR-OneSided,0.99,0p99,test,-1383.537353515625,1117.5648193359375,-1437.0,1160.0,68.2568588256836,72.90479278564453,0.23420333862304688,73.13899230957031,1.0
CQR-OneSided,0.99,0p99,test,-1439.7509765625,1165.9464111328125,-1437.0,1165.0,2.9092209339141846,20.644845962524414,0.23420333862304688,20.87904930114746,1.0
CQR-OneSided,0.99,0p99,test,-1433.137939453125,1160.5836181640625,-1437.0,1155.0,6.789131164550781,20.478208541870117,0.23420333862304688,20.712411880493164,1.0
CQR-OneSided,0.99,0p99,test,-1441.2666015625,1164.1798095703125,-1437.0,1160.0,5.972829818725586,14.434274673461914,0.23420333862304688,14.668478012084961,1.0
CQR-OneSided,0.99,0p99,test,-1440.7674560546875,1166.7435302734375,-1437.0,1165.0,4.151340007781982,20.30552101135254,0.23420333862304688,20.539724349975586,1.0
CQR-OneSided,0.99,0p99,test,-1425.214111328125,1154.1549072265625,-1437.0,1155.0,11.816147804260254,20.204225540161133,0.23420333862304688,20.43842887878418,1.0
CQR-OneSided,0.99,0p99,test,-1435.210693359375,1162.3282470703125,-1437.0,1170.0,7.877652645111084,21.523733139038086,0.23420333862304688,21.757936477661133,1.0
CQR-OneSided,0.99,0p99,test,-1431.1519775390625,1158.9925537109375,-1437.0,1170.0,12.464478492736816,20.734779357910156,0.23420333862304688,20.968982696533203,1.0
CQR-OneSided,0.99,0p99,test,-1441.388671875,1164.2750244140625,-1437.0,1160.0,6.126685619354248,16.79143524169922,0.23420333862304688,17.025638580322266,1.0
CQR-OneSided,0.99,0p99,test,-1428.76123046875,1157.0377197265625,-1437.0,1155.0,8.487027168273926,20.39902687072754,0.23420333862304688,20.633230209350586,1.0
CQR-OneSided,0.99,0p99,test,-1427.758056640625,1156.2626953125,-1437.0,1170.0,16.55678367614746,20.971349716186523,0.23420333862304688,21.20555305480957,1.0
CQR-OneSided,0.99,0p99,test,-1430.987548828125,1158.8868408203125,-1437.0,1170.0,12.635342597961426,21.14772605895996,0.23420333862304688,21.381929397583008,1.0
CQR-OneSided,0.99,0p99,test,-1444.390380859375,1169.7135009765625,-1437.0,1165.0,8.765547752380371,20.866357803344727,0.23420333862304688,21.100561141967773,1.0
CQR-OneSided,0.99,0p99,test,-1441.957763671875,1167.841796875,-1437.0,1170.0,5.407148838043213,22.33833122253418,0.23420333862304688,22.572534561157227,1.0
CQR-OneSided,0.99,0p99,test,-1434.376953125,1161.5654296875,-1437.0,1155.0,7.070024013519287,20.18918800354004,0.23420333862304688,20.423391342163086,1.0
CQR-OneSided,0.99,0p99,test,-1392.060546875,1124.4451904296875,-1437.0,1160.0,57.30356979370117,64.72342681884766,0.23420333862304688,64.95762634277344,1.0
CQR-OneSided,0.99,0p99,test,-1440.703857421875,1166.763671875,-1437.0,1165.0,4.102328300476074,21.36372184753418,0.23420333862304688,21.597925186157227,1.0
CQR-OneSided,0.99,0p99,test,-1435.7218017578125,1162.6990966796875,-1437.0,1170.0,7.411948204040527,20.887361526489258,0.23420333862304688,21.121564865112305,1.0
CQR-OneSided,0.99,0p99,test,-1431.5889892578125,1159.314697265625,-1437.0,1165.0,7.84867525100708,20.244375228881836,0.23420333862304688,20.478578567504883,1.0
CQR-OneSided,0.99,0p99,test,-1434.0634765625,1161.3631591796875,-1437.0,1170.0,9.122400283813477,20.96849250793457,0.23420333862304688,21.202695846557617,1.0
CQR-OneSided,0.99,0p99,test,-1439.0638427734375,1165.3763427734375,-1437.0,1165.0,2.0978753566741943,20.440011978149414,0.23420333862304688,20.67421531677246,1.0
CQR-OneSided,0.99,0p99,test,-1444.12646484375,1169.4764404296875,-1437.0,1165.0,8.415760040283203,20.52362632751465,0.23420333862304688,20.757829666137695,1.0
CQR-OneSided,0.99,0p99,test,-1424.080810546875,1150.3033447265625,-1437.0,1160.0,16.153345108032227,29.955446243286133,0.23420333862304688,30.18964958190918,1.0
CQR-OneSided,0.99,0p99,test,-1435.2197265625,1162.2298583984375,-1437.0,1165.0,3.292879819869995,19.957263946533203,0.23420333862304688,20.19146728515625,1.0
CQR-OneSided,0.99,0p99,test,-1416.950439453125,1144.5452880859375,-1437.0,1160.0,25.314680099487305,35.81992721557617,0.23420333862304688,36.05413055419922,1.0
CQR-OneSided,0.99,0p99,test,-1430.118896484375,1158.164794921875,-1437.0,1170.0,13.690202713012695,20.855310440063477,0.23420333862304688,21.089513778686523,1.0
CQR-OneSided,0.99,0p99,test,-1433.21923828125,1160.6578369140625,-1437.0,1165.0,5.757476806640625,20.60225486755371,0.23420333862304688,20.836458206176758,1.0
CQR-OneSided,0.99,0p99,test,-1439.719970703125,1165.9185791015625,-1437.0,1165.0,2.8708932399749756,20.634502410888672,0.23420333862304688,20.86870574951172,1.0
CQR-OneSided,0.99,0p99,test,-1413.43359375,1141.7042236328125,-1437.0,1160.0,29.834728240966797,39.506526947021484,0.23420333862304688,39.74073028564453,1.0
CQR-OneSided,0.99,0p99,test,-1430.4033203125,1158.3861083984375,-1437.0,1170.0,13.356595993041992,20.72018051147461,0.23420333862304688,20.954383850097656,1.0
CQR-OneSided,0.99,0p99,test,-1399.8623046875,1130.7486572265625,-1437.0,1160.0,47.274192810058594,61.58122634887695,0.23420333862304688,61.8154296875,1.0
CQR-OneSided,0.99,0p99,test,-1435.504150390625,1162.495849609375,-1437.0,1155.0,7.643646240234375,20.47140121459961,0.23420333862304688,20.705604553222656,1.0
CQR-OneSided,0.99,0p99,test,-1444.005615234375,1166.3885498046875,-1437.0,1160.0,9.48115062713623,15.455788612365723,0.23420333862304688,15.68999195098877,1.0
CQR-OneSided,0.99,0p99,test,-1431.5498046875,1159.3050537109375,-1437.0,1165.0,7.882705211639404,20.558256149291992,0.23420333862304688,20.79245948791504,1.0
CQR-OneSided,0.99,0p99,test,-1437.8681640625,1164.4801025390625,-1437.0,1170.0,5.587752342224121,21.5302677154541,0.23420333862304688,21.76447105407715,1.0
CQR-OneSided,0.99,0p99,test,-1426.7578125,1155.4036865234375,-1437.0,1155.0,10.250140190124512,20.203737258911133,0.23420333862304688,20.43794059753418,1.0
CQR-OneSided,0.99,0p99,test,-1349.172119140625,1089.8280029296875,-1437.0,1160.0,112.41817474365234,154.5104522705078,0.23420333862304688,154.74465942382812,1.0
CQR-OneSided,0.99,0p99,test,-1424.26708984375,1150.452392578125,-1437.0,1160.0,15.91489315032959,25.774200439453125,0.23420333862304688,26.008403778076172,1.0
CQR-OneSided,0.99,0p99,test,-1442.7603759765625,1168.3857421875,-1437.0,1165.0,6.681704998016357,20.73370933532715,0.23420333862304688,20.967912673950195,1.0
CQR-OneSided,0.99,0p99,test,-1427.77392578125,1156.21044921875,-1437.0,1155.0,9.305140495300293,19.984699249267578,0.23420333862304688,20.218902587890625,1.0
CQR-OneSided,0.99,0p99,test,-1439.1312255859375,1165.40966796875,-1437.0,1165.0,2.1702420711517334,20.156286239624023,0.23420333862304688,20.39048957824707,1.0
CQR-OneSided,0.99,0p99,test,-1446.10693359375,1171.1405029296875,-1437.0,1170.0,9.178071022033691,21.469345092773438,0.23420333862304688,21.703548431396484,1.0
CQR-OneSided,0.99,0p99,test,-1440.012939453125,1166.14208984375,-1437.0,1155.0,11.542268753051758,20.4521541595459,0.23420333862304688,20.686357498168945,1.0
CQR-OneSided,0.99,0p99,test,-1416.3603515625,1144.0679931640625,-1437.0,1160.0,26.07343292236328,39.95035934448242,0.23420333862304688,40.18456268310547,1.0
CQR-OneSided,0.99,0p99,test,-1427.9638671875,1156.4193115234375,-1437.0,1170.0,16.312166213989258,20.824094772338867,0.23420333862304688,21.058298110961914,1.0
CQR-OneSided,0.99,0p99,test,-1436.475830078125,1163.2808837890625,-1437.0,1165.0,1.7972519397735596,20.427743911743164,0.23420333862304688,20.66194725036621,1.0
CQR-OneSided,0.99,0p99,test,-1445.14599609375,1167.3123779296875,-1437.0,1160.0,10.946603775024414,14.797057151794434,0.23420333862304688,15.03126049041748,1.0
CQR-OneSided,0.99,0p99,test,-1427.4442138671875,1153.0172119140625,-1437.0,1160.0,11.83521842956543,23.155126571655273,0.23420333862304688,23.38932991027832,1.0
CQR-OneSided,0.99,0p99,test,-1432.8402099609375,1160.394287109375,-1437.0,1170.0,10.467740058898926,21.267566680908203,0.23420333862304688,21.50177001953125,1.0
CQR-OneSided,0.99,0p99,test,-1427.923583984375,1156.3465576171875,-1437.0,1155.0,9.175758361816406,20.20591163635254,0.23420333862304688,20.440114974975586,1.0
CQR-OneSided,0.99,0p99,test,-1430.411865234375,1158.3629150390625,-1437.0,1155.0,7.396804332733154,20.256704330444336,0.23420333862304688,20.490907669067383,1.0
CQR-OneSided,0.99,0p99,test,-1431.1708984375,1158.9932861328125,-1437.0,1155.0,7.0657453536987305,20.50704574584961,0.23420333862304688,20.741249084472656,1.0
CQR-OneSided,0.99,0p99,test,-1350.828857421875,1091.1630859375,-1437.0,1160.0,110.29046630859375,149.9170684814453,0.23420333862304688,150.15127563476562,1.0
CQR-OneSided,0.99,0p99,test,-1432.86181640625,1160.3701171875,-1437.0,1165.0,6.209700584411621,20.600709915161133,0.23420333862304688,20.83491325378418,1.0
CQR-OneSided,0.99,0p99,test,-1441.57177734375,1167.4215087890625,-1437.0,1165.0,5.173475742340088,20.73765754699707,0.23420333862304688,20.971860885620117,1.0
CQR-OneSided,0.99,0p99,test,-1446.017822265625,1171.021484375,-1437.0,1165.0,10.843402862548828,20.76567268371582,0.23420333862304688,20.999876022338867,1.0
CQR-OneSided,0.99,0p99,test,-1426.9884033203125,1155.5814208984375,-1437.0,1155.0,10.028465270996094,20.088228225708008,0.23420333862304688,20.322431564331055,1.0
CQR-OneSided,0.99,0p99,test,-1442.7056884765625,1168.3394775390625,-1437.0,1165.0,6.61112642288208,20.71922492980957,0.23420333862304688,20.953428268432617,1.0
CQR-OneSided,0.99,0p99,test,-1434.303466796875,1161.52978515625,-1437.0,1155.0,7.064657688140869,20.520898818969727,0.23420333862304688,20.755102157592773,1.0
CQR-OneSided,0.99,0p99,test,-1389.0164794921875,1121.9879150390625,-1437.0,1160.0,61.21549606323242,66.08875274658203,0.23420333862304688,66.32295227050781,1.0
CQR-OneSided,0.99,0p99,test,-1438.0303955078125,1164.5445556640625,-1437.0,1165.0,1.1265630722045898,20.50752830505371,0.23420333862304688,20.741731643676758,1.0
CQR-OneSided,0.99,0p99,test,-1424.599365234375,1150.7198486328125,-1437.0,1160.0,15.488606452941895,23.020456314086914,0.23420333862304688,23.25465965270996,1.0
CQR-OneSided,0.99,0p99,test,-1425.50244140625,1154.350830078125,-1437.0,1155.0,11.515870094299316,19.681915283203125,0.23420333862304688,19.916118621826172,1.0
CQR-OneSided,0.99,0p99,test,-1386.0711669921875,1119.6097412109375,-1437.0,1160.0,65.00091552734375,71.4550552368164,0.23420333862304688,71.68925476074219,1.0
CQR-OneSided,0.99,0p99,test,-1427.67431640625,1156.1512451171875,-1437.0,1155.0,9.396474838256836,20.29170036315918,0.23420333862304688,20.525903701782227,1.0
CQR-OneSided,0.99,0p99,test,-1393.892333984375,1125.9256591796875,-1437.0,1160.0,54.94844436645508,64.5398941040039,0.23420333862304688,64.77409362792969,1.0
CQR-OneSided,0.99,0p99,test,-1426.3153076171875,1155.0865478515625,-1437.0,1170.0,18.345945358276367,20.81703758239746,0.23420333862304688,21.051240921020508,1.0
CQR-OneSided,0.99,0p99,test,-1430.961181640625,1158.8035888671875,-1437.0,1155.0,7.136849403381348,20.209131240844727,0.23420333862304688,20.443334579467773,1.0
CQR-OneSided,0.99,0p99,test,-1425.8179931640625,1154.693115234375,-1437.0,1170.0,18.956212997436523,20.971712112426758,0.23420333862304688,21.205915451049805,1.0
CQR-OneSided,0.99,0p99,test,-1434.4053955078125,1161.5994873046875,-1437.0,1155.0,7.091206073760986,20.332712173461914,0.23420333862304688,20.56691551208496,1.0
CQR-OneSided,0.99,0p99,test,-1437.641845703125,1164.2008056640625,-1437.0,1165.0,1.0250256061553955,20.104610443115234,0.23420333862304688,20.33881378173828,1.0
CQR-OneSided,0.99,0p99,test,-1434.448486328125,1161.6873779296875,-1437.0,1170.0,8.695395469665527,21.134397506713867,0.23420333862304688,21.368600845336914,1.0
CQR-OneSided,0.99,0p99,test,-1420.08203125,1147.074951171875,-1437.0,1160.0,21.290245056152344,40.49808120727539,0.23420333862304688,40.73228454589844,1.0
CQR-OneSided,0.99,0p99,test,-1418.576904296875,1145.85595703125,-1437.0,1160.0,23.22637367248535,34.75962448120117,0.23420333862304688,34.99382781982422,1.0
CQR-OneSided,0.99,0p99,test,-1431.98583984375,1159.6441650390625,-1437.0,1155.0,6.834476470947266,20.373994827270508,0.23420333862304688,20.608198165893555,1.0
CQR-OneSided,0.99,0p99,test,-1441.3148193359375,1164.2188720703125,-1437.0,1160.0,6.034612655639648,14.472251892089844,0.23420333862304688,14.70645523071289,1.0
CQR-OneSided,0.99,0p99,test,-1433.9542236328125,1161.2410888671875,-1437.0,1155.0,6.944633960723877,20.4387149810791,0.23420333862304688,20.67291831970215,1.0
CQR-OneSided,0.99,0p99,test,-1426.163818359375,1151.9842529296875,-1437.0,1160.0,13.47868824005127,29.04302215576172,0.23420333862304688,29.277225494384766,1.0
CQR-OneSided,0.99,0p99,test,-1433.600830078125,1160.9630126953125,-1437.0,1165.0,5.277463912963867,20.52333641052246,0.23420333862304688,20.757539749145508,1.0
CQR-OneSided,0.99,0p99,test,-1412.7999267578125,1141.1942138671875,-1437.0,1160.0,30.648019790649414,39.55803298950195,0.23420333862304688,39.792236328125,1.0
CQR-OneSided,0.99,0p99,test,-1434.79150390625,1158.9493408203125,-1437.0,1160.0,2.4456777572631836,14.944367408752441,0.23420333862304688,15.178570747375488,1.0
CQR-OneSided,0.99,0p99,test,-1424.9561767578125,1154.0093994140625,-1437.0,1165.0,16.3048152923584,21.160993576049805,0.23420333862304688,21.39519691467285,1.0
CQR-OneSided,0.99,0p99,test,-1430.6551513671875,1158.6243896484375,-1437.0,1170.0,13.025422096252441,21.257179260253906,0.23420333862304688,21.491382598876953,1.0
CQR-OneSided,0.99,0p99,test,-1430.3753662109375,1158.3443603515625,-1437.0,1155.0,7.4209513664245605,20.410791397094727,0.23420333862304688,20.644994735717773,1.0
CQR-OneSided,0.99,0p99,test,-1428.0660400390625,1156.47216796875,-1437.0,1155.0,9.054442405700684,20.343000411987305,0.23420333862304688,20.57720375061035,1.0
CQR-OneSided,0.99,0p99,test,-1430.40673828125,1158.35546875,-1437.0,1155.0,7.397991180419922,20.206392288208008,0.23420333862304688,20.440595626831055,1.0
CQR-OneSided,0.99,0p99,test,-1459.115234375,1178.587646484375,-1437.0,1160.0,28.889171600341797,42.6313362121582,0.23420333862304688,42.86553955078125,1.0
CQR-OneSided,0.99,0p99,test,-1438.507568359375,1164.9171142578125,-1437.0,1165.0,1.5098451375961304,20.335351943969727,0.23420333862304688,20.569555282592773,1.0
CQR-OneSided,0.99,0p99,test,-1431.02587890625,1158.8494873046875,-1437.0,1155.0,7.106945991516113,20.119138717651367,0.23420333862304688,20.353342056274414,1.0
CQR-OneSided,0.99,0p99,test,-1457.56201171875,1177.333251953125,-1437.0,1160.0,26.893083572387695,43.52345657348633,0.23420333862304688,43.757659912109375,1.0
CQR-OneSided,0.99,0p99,test,-1437.7320556640625,1164.3328857421875,-1437.0,1165.0,0.9904276132583618,20.981435775756836,0.23420333862304688,21.215639114379883,1.0
CQR-OneSided,0.99,0p99,test,-1437.949951171875,1164.4957275390625,-1437.0,1165.0,1.0754989385604858,20.769472122192383,0.23420333862304688,21.00367546081543,1.0
CQR-OneSided,0.99,0p99,test,-1436.92041015625,1160.6710205078125,-1437.0,1160.0,0.6757240891456604,15.557148933410645,0.23420333862304688,15.791352272033691,1.0
CQR-OneSided,0.99,0p99,test,-1442.765869140625,1168.378662109375,-1437.0,1165.0,6.682858943939209,20.56922149658203,0.23420333862304688,20.803424835205078,1.0
CQR-OneSided,0.99,0p99,test,-1438.0457763671875,1164.6082763671875,-1437.0,1170.0,5.492206573486328,21.320363998413086,0.23420333862304688,21.554567337036133,1.0
CQR-OneSided,0.99,0p99,test,-1436.3099365234375,1163.1375732421875,-1437.0,1165.0,1.9861572980880737,20.3067626953125,0.23420333862304688,20.540966033935547,1.0
CQR-OneSided,0.99,0p99,test,-1424.218994140625,1153.3472900390625,-1437.0,1155.0,12.887418746948242,20.15565299987793,0.23420333862304688,20.389856338500977,1.0
CQR-OneSided,0.99,0p99,test,-1429.40283203125,1154.5986328125,-1437.0,1160.0,9.321573257446289,18.431354522705078,0.23420333862304688,18.665557861328125,1.0
CQR-OneSided,0.99,0p99,test,-1434.2076416015625,1161.5142822265625,-1437.0,1170.0,8.933345794677734,21.492094039916992,0.23420333862304688,21.72629737854004,1.0
CQR-OneSided,0.99,0p99,test,-1442.970947265625,1168.6278076171875,-1437.0,1170.0,6.126591205596924,21.843618392944336,0.23420333862304688,22.077821731567383,1.0
CQR-OneSided,0.99,0p99,test,-1438.171875,1161.6817626953125,-1437.0,1160.0,2.0497846603393555,22.51596450805664,0.23420333862304688,22.750167846679688,1.0
CQR-OneSided,0.99,0p99,test,-1426.1646728515625,1154.9207763671875,-1437.0,1155.0,10.835617065429688,20.15431022644043,0.23420333862304688,20.388513565063477,1.0
CQR-OneSided,0.99,0p99,test,-1430.501220703125,1158.4278564453125,-1437.0,1155.0,7.347403049468994,20.15838050842285,0.23420333862304688,20.3925838470459,1.0
CQR-OneSided,0.99,0p99,test,-1467.221435546875,1185.1343994140625,-1437.0,1160.0,39.30741882324219,45.32091522216797,0.23420333862304688,45.555118560791016,1.0
CQR-OneSided,0.99,0p99,test,-1439.217041015625,1162.5242919921875,-1437.0,1160.0,3.3596608638763428,18.435375213623047,0.23420333862304688,18.669578552246094,1.0
CQR-OneSided,0.99,0p99,test,-1436.63427734375,1163.4022216796875,-1437.0,1165.0,1.6390999555587769,20.32576560974121,0.23420333862304688,20.559968948364258,1.0
CQR-OneSided,0.99,0p99,test,-1432.97265625,1160.47509765625,-1437.0,1170.0,10.341337203979492,20.8626766204834,0.23420333862304688,21.096879959106445,1.0
CQR-OneSided,0.99,0p99,test,-1439.099609375,1165.405517578125,-1437.0,1165.0,2.138411521911621,20.447736740112305,0.23420333862304688,20.68194007873535,1.0
CQR-OneSided,0.99,0p99,test,-1438.0052490234375,1164.577880859375,-1437.0,1170.0,5.514517307281494,21.356027603149414,0.23420333862304688,21.59023094177246,1.0
CQR-OneSided,0.99,0p99,test,-1439.6689453125,1165.9219970703125,-1437.0,1165.0,2.823711633682251,21.257112503051758,0.23420333862304688,21.491315841674805,1.0
CQR-OneSided,0.99,0p99,test,-1437.0440673828125,1163.785888671875,-1437.0,1170.0,6.214267730712891,21.148645401000977,0.23420333862304688,21.382848739624023,1.0
CQR-OneSided,0.99,0p99,test,-1437.4700927734375,1164.0987548828125,-1437.0,1165.0,1.0164791345596313,20.615983963012695,0.23420333862304688,20.850187301635742,1.0
CQR-OneSided,0.99,0p99,test,-1395.57373046875,1127.282470703125,-1437.0,1160.0,52.78799819946289,58.93057632446289,0.23420333862304688,59.16477966308594,1.0
CQR-OneSided,0.99,0p99,test,-1419.849609375,1146.8841552734375,-1437.0,1160.0,21.59076690673828,32.22441482543945,0.23420333862304688,32.4586181640625,1.0
CQR-OneSided,0.99,0p99,test,-1433.76318359375,1161.1474609375,-1437.0,1170.0,9.425732612609863,21.370624542236328,0.23420333862304688,21.604827880859375,1.0
CQR-OneSided,0.99,0p99,test,-1420.1695556640625,1147.1429443359375,-1437.0,1160.0,21.179418563842773,30.342622756958008,0.23420333862304688,30.576826095581055,1.0
CQR-OneSided,0.99,0p99,test,-1433.1240234375,1157.6033935546875,-1437.0,1160.0,4.55707311630249,19.67003631591797,0.23420333862304688,19.904239654541016,1.0
CQR-OneSided,0.99,0p99,test,-1432.1259765625,1159.7423095703125,-1437.0,1165.0,7.169338703155518,20.15488624572754,0.23420333862304688,20.389089584350586,1.0
CQR-OneSided,0.99,0p99,test,-1438.6649169921875,1165.0885009765625,-1437.0,1170.0,5.18601655960083,21.022310256958008,0.23420333862304688,21.256513595581055,1.0
CQR-OneSided,0.99,0p99,test,-1443.7080078125,1169.132568359375,-1437.0,1165.0,7.878799915313721,20.43390464782715,0.23420333862304688,20.668107986450195,1.0
CQR-OneSided,0.99,0p99,test,-1425.95751953125,1154.7498779296875,-1437.0,1155.0,11.045312881469727,20.10642433166504,0.23420333862304688,20.340627670288086,1.0
CQR-OneSided,0.99,0p99,test,-1431.358642578125,1159.1173095703125,-1437.0,1155.0,6.984064102172852,20.104883193969727,0.23420333862304688,20.339086532592773,1.0
CQR-OneSided,0.99,0p99,test,-1446.367431640625,1168.2972412109375,-1437.0,1160.0,12.513711929321289,18.042835235595703,0.23420333862304688,18.27703857421875,1.0
CQR-OneSided,0.99,0p99,test,-1393.2261962890625,1125.3896484375,-1437.0,1160.0,55.803428649902344,65.5462875366211,0.23420333862304688,65.78048706054688,1.0
CQR-OneSided,0.99,0p99,test,-1403.193603515625,1133.43896484375,-1437.0,1160.0,42.99256896972656,58.9177360534668,0.23420333862304688,59.151939392089844,1.0
CQR-OneSided,0.99,0p99,test,-1447.5489501953125,1169.253173828125,-1437.0,1160.0,14.0321626663208,17.235740661621094,0.23420333862304688,17.46994400024414,1.0
CQR-OneSided,0.99,0p99,test,-1438.5494384765625,1161.9847412109375,-1437.0,1160.0,2.5179271697998047,15.357293128967285,0.23420333862304688,15.591496467590332,1.0
CQR-OneSided,0.99,0p99,test,-1441.33203125,1167.233154296875,-1437.0,1165.0,4.873753547668457,20.80466079711914,0.23420333862304688,21.038864135742188,1.0
CQR-OneSided,0.99,0p99,test,-1437.1085205078125,1163.8243408203125,-1437.0,1165.0,1.180657148361206,20.86063575744629,0.23420333862304688,21.094839096069336,1.0
CQR-OneSided,0.99,0p99,test,-1407.23779296875,1136.7021484375,-1437.0,1160.0,37.796546936035156,50.42344284057617,0.23420333862304688,50.65764617919922,1.0
CQR-OneSided,0.99,0p99,test,-1430.6793212890625,1158.6243896484375,-1437.0,1170.0,13.013666152954102,20.960161209106445,0.23420333862304688,21.194364547729492,1.0
CQR-OneSided,0.99,0p99,test,-1432.767822265625,1160.2757568359375,-1437.0,1155.0,6.763500690460205,20.347204208374023,0.23420333862304688,20.58140754699707,1.0
CQR-OneSided,0.99,0p99,test,-1465.455810546875,1183.7120361328125,-1437.0,1160.0,37.040435791015625,42.958621978759766,0.23420333862304688,43.19282531738281,1.0
CQR-OneSided,0.99,0p99,test,-1433.1390380859375,1160.6348876953125,-1437.0,1170.0,10.129776000976562,21.25892448425293,0.23420333862304688,21.493127822875977,1.0
CQR-OneSided,0.99,0p99,test,-1425.9727783203125,1154.8052978515625,-1437.0,1170.0,18.774412155151367,20.769390106201172,0.23420333862304688,21.00359344482422,1.0
CQR-OneSided,0.99,0p99,test,-1438.14111328125,1164.6480712890625,-1437.0,1165.0,1.1941496133804321,20.73615837097168,0.23420333862304688,20.970361709594727,1.0
CQR-OneSided,0.99,0p99,test,-1427.8746337890625,1156.304931640625,-1437.0,1155.0,9.218196868896484,20.17011070251465,0.23420333862304688,20.404314041137695,1.0
CQR-OneSided,0.99,0p99,test,-1410.886962890625,1139.6497802734375,-1437.0,1160.0,33.106224060058594,47.53145217895508,0.23420333862304688,47.765655517578125,1.0
CQR-OneSided,0.99,0p99,test,-1440.3134765625,1166.3797607421875,-1437.0,1165.0,3.589271068572998,20.353113174438477,0.23420333862304688,20.587316513061523,1.0
CQR-OneSided,0.99,0p99,test,-1437.7451171875,1164.2828369140625,-1437.0,1165.0,1.0341771841049194,20.110658645629883,0.23420333862304688,20.34486198425293,1.0
CQR-OneSided,0.99,0p99,test,-1436.522705078125,1163.3023681640625,-1437.0,1155.0,8.316076278686523,20.207441329956055,0.23420333862304688,20.4416446685791,1.0
CQR-OneSided,0.99,0p99,test,-1435.201171875,1162.265380859375,-1437.0,1165.0,3.2732131481170654,20.648948669433594,0.23420333862304688,20.88315200805664,1.0
CQR-OneSided,0.99,0p99,test,-1459.8968505859375,1179.2216796875,-1437.0,1160.0,29.895463943481445,38.47686767578125,0.23420333862304688,38.7110710144043,1.0
CQR-OneSided,0.99,0p99,test,-1435.5167236328125,1162.5311279296875,-1437.0,1165.0,2.8801801204681396,20.793460845947266,0.23420333862304688,21.027664184570312,1.0
CQR-OneSided,0.99,0p99,test,-1440.273193359375,1166.4381103515625,-1437.0,1170.0,4.837442874908447,21.730010986328125,0.23420333862304688,21.964214324951172,1.0
CQR-OneSided,0.99,0p99,test,-1425.990234375,1154.7396240234375,-1437.0,1160.0,12.201905250549316,19.597951889038086,0.23420333862304688,19.832155227661133,1.0
CQR-OneSided,0.99,0p99,test,-1432.515625,1160.0762939453125,-1437.0,1155.0,6.77335786819458,20.419628143310547,0.23420333862304688,20.653831481933594,1.0
CQR-OneSided,0.99,0p99,test,-1432.442626953125,1160.0577392578125,-1437.0,1170.0,10.937010765075684,21.054248809814453,0.23420333862304688,21.2884521484375,1.0
CQR-OneSided,0.99,0p99,test,-1436.8699951171875,1163.6610107421875,-1437.0,1170.0,6.340322494506836,21.36484718322754,0.23420333862304688,21.599050521850586,1.0
CQR-OneSided,0.99,0p99,test,-1431.786376953125,1159.477294921875,-1437.0,1155.0,6.872265815734863,20.28447151184082,0.23420333862304688,20.518674850463867,1.0
CQR-OneSided,0.99,0p99,test,-1436.67236328125,1163.412353515625,-1437.0,1165.0,1.6211005449295044,20.057451248168945,0.23420333862304688,20.291654586791992,1.0
CQR-OneSided,0.99,0p99,test,-1434.46630859375,1161.64404296875,-1437.0,1165.0,4.2050018310546875,20.266502380371094,0.23420333862304688,20.50070571899414,1.0
CQR-OneSided,0.99,0p99,test,-1444.286865234375,1166.61865234375,-1437.0,1160.0,9.844032287597656,14.56346321105957,0.23420333862304688,14.797666549682617,1.0
CQR-OneSided,0.99,0p99,test,-1439.9072265625,1166.0648193359375,-1437.0,1165.0,3.096095323562622,20.558012008666992,0.23420333862304688,20.79221534729004,1.0
CQR-OneSided,0.99,0p99,test,-1428.7445068359375,1157.0469970703125,-1437.0,1170.0,15.360125541687012,20.769535064697266,0.23420333862304688,21.003738403320312,1.0
CQR-OneSided,0.99,0p99,test,-1434.776123046875,1161.905517578125,-1437.0,1165.0,3.810702085494995,20.43095588684082,0.23420333862304688,20.665159225463867,1.0
CQR-OneSided,0.99,0p99,test,-1440.579833984375,1166.6075439453125,-1437.0,1165.0,3.924207925796509,20.540956497192383,0.23420333862304688,20.77515983581543,1.0
CQR-OneSided,0.99,0p99,test,-1483.6590576171875,1198.3995361328125,-1437.0,1160.0,60.42840576171875,82.78876495361328,0.23420333862304688,83.02296447753906,1.0
CQR-OneSided,0.99,0p99,test,-1438.970703125,1165.362060546875,-1437.0,1170.0,5.039261341094971,21.399572372436523,0.23420333862304688,21.63377571105957,1.0
CQR-OneSided,0.99,0p99,test,-1442.9912109375,1168.564697265625,-1437.0,1165.0,6.971489906311035,20.618886947631836,0.23420333862304688,20.853090286254883,1.0
CQR-OneSided,0.99,0p99,test,-1435.556640625,1162.5452880859375,-1437.0,1165.0,2.8476123809814453,20.541645050048828,0.23420333862304688,20.775848388671875,1.0
CQR-OneSided,0.99,0p99,test,-1418.678466796875,1145.9385986328125,-1437.0,1160.0,23.095489501953125,35.84990310668945,0.23420333862304688,36.0841064453125,1.0
CQR-OneSided,0.99,0p99,test,-1428.573974609375,1156.8348388671875,-1437.0,1155.0,8.62348747253418,19.6843318939209,0.23420333862304688,19.918535232543945,1.0
CQR-OneSided,0.99,0p99,test,-1436.5625,1163.341552734375,-1437.0,1155.0,8.353017807006836,20.30824089050293,0.23420333862304688,20.542444229125977,1.0
CQR-OneSided,0.99,0p99,test,-1446.033447265625,1168.0267333984375,-1437.0,1160.0,12.084354400634766,22.834495544433594,0.23420333862304688,23.06869888305664,1.0
CQR-OneSided,0.99,0p99,test,-1429.2255859375,1157.4588623046875,-1437.0,1170.0,14.755393981933594,21.12778663635254,0.23420333862304688,21.361989974975586,1.0
CQR-OneSided,0.99,0p99,test,-1430.359619140625,1158.3436279296875,-1437.0,1165.0,9.402231216430664,20.6098575592041,0.23420333862304688,20.84406089782715,1.0
CQR-OneSided,0.99,0p99,test,-1428.01708984375,1156.4791259765625,-1437.0,1170.0,16.23288917541504,21.07891273498535,0.23420333862304688,21.3131160736084,1.0
CQR-OneSided,0.99,0p99,test,-1430.5855712890625,1158.5120849609375,-1437.0,1155.0,7.312977313995361,20.386720657348633,0.23420333862304688,20.62092399597168,1.0
CQR-OneSided,0.99,0p99,test,-1422.9071044921875,1149.3538818359375,-1437.0,1160.0,17.662092208862305,28.530168533325195,0.23420333862304688,28.764371871948242,1.0
CQR-OneSided,0.99,0p99,test,-1440.401611328125,1166.45751953125,-1437.0,1165.0,3.7007193565368652,20.444278717041016,0.23420333862304688,20.678482055664062,1.0
CQR-OneSided,0.99,0p99,test,-1434.5516357421875,1161.7120361328125,-1437.0,1165.0,4.099413871765137,20.25243377685547,0.23420333862304688,20.486637115478516,1.0
CQR-OneSided,0.99,0p99,test,-1430.90625,1158.7362060546875,-1437.0,1165.0,8.738930702209473,19.87325096130371,0.23420333862304688,20.107454299926758,1.0
CQR-OneSided,0.99,0p99,test,-1438.202880859375,1164.67431640625,-1437.0,1165.0,1.2461910247802734,20.367273330688477,0.23420333862304688,20.601476669311523,1.0
CQR-OneSided,0.99,0p99,test,-1426.836181640625,1155.4578857421875,-1437.0,1155.0,10.174127578735352,20.074010848999023,0.23420333862304688,20.30821418762207,1.0
CQR-OneSided,0.99,0p99,test,-1435.13427734375,1162.28369140625,-1437.0,1165.0,3.2953381538391113,21.70215606689453,0.23420333862304688,21.936359405517578,1.0
CQR-OneSided,0.99,0p99,test,-1441.501708984375,1167.343017578125,-1437.0,1165.0,5.074949741363525,20.376455307006836,0.23420333862304688,20.610658645629883,1.0
CQR-OneSided,0.99,0p99,test,-1432.746337890625,1157.298583984375,-1437.0,1160.0,5.038977146148682,17.297657012939453,0.23420333862304688,17.5318603515625,1.0
CQR-OneSided,0.99,0p99,test,-1431.735595703125,1156.4813232421875,-1437.0,1160.0,6.332064151763916,20.614688873291016,0.23420333862304688,20.848892211914062,1.0
CQR-OneSided,0.99,0p99,test,-1439.59814453125,1162.8311767578125,-1437.0,1160.0,3.842644453048706,15.177854537963867,0.23420333862304688,15.412057876586914,1.0
CQR-OneSided,0.99,0p99,test,-1426.36767578125,1155.1500244140625,-1437.0,1165.0,14.493734359741211,21.1564884185791,0.23420333862304688,21.39069175720215,1.0
CQR-OneSided,0.99,0p99,test,-1425.1485595703125,1154.1578369140625,-1437.0,1170.0,19.784610748291016,21.046079635620117,0.23420333862304688,21.280282974243164,1.0
CQR-OneSided,0.99,0p99,test,-1441.767578125,1167.5955810546875,-1437.0,1165.0,5.428337097167969,20.939611434936523,0.23420333862304688,21.17381477355957,1.0
CQR-OneSided,0.99,0p99,test,-1429.718505859375,1157.7969970703125,-1437.0,1155.0,7.800214767456055,20.17085075378418,0.23420333862304688,20.405054092407227,1.0
CQR-OneSided,0.99,0p99,test,-1428.1817626953125,1156.557373046875,-1437.0,1155.0,8.954703330993652,20.2255916595459,0.23420333862304688,20.459794998168945,1.0
CQR-OneSided,0.99,0p99,test,-1426.820556640625,1155.4637451171875,-1437.0,1155.0,10.190001487731934,20.342269897460938,0.23420333862304688,20.576473236083984,1.0
CQR-OneSided,0.99,0p99,test,-1439.642578125,1165.8720703125,-1437.0,1165.0,2.782755136489868,20.866456985473633,0.23420333862304688,21.10066032409668,1.0
CQR-OneSided,0.99,0p99,test,-1426.9140625,1155.5887451171875,-1437.0,1170.0,17.590065002441406,21.10085105895996,0.23420333862304688,21.335054397583008,1.0
CQR-OneSided,0.99,0p99,test,-1434.217041015625,1161.4393310546875,-1437.0,1165.0,4.5192060470581055,20.2186336517334,0.23420333862304688,20.452836990356445,1.0
CQR-OneSided,0.99,0p99,test,-1397.280029296875,1131.8436279296875,-1437.0,1160.0,48.68734359741211,67.71084594726562,0.23420333862304688,67.94505310058594,1.0
CQR-OneSided,0.99,0p99,test,-1438.46923828125,1164.9249267578125,-1437.0,1170.0,5.283467769622803,20.94544792175293,0.23420333862304688,21.179651260375977,1.0
CQR-OneSided,0.99,0p99,test,-1455.433349609375,1175.6168212890625,-1437.0,1160.0,24.159334182739258,37.07146072387695,0.23420333862304688,37.3056640625,1.0
CQR-OneSided,0.99,0p99,test,-1437.19091796875,1163.8837890625,-1437.0,1165.0,1.1324206590652466,20.763906478881836,0.23420333862304688,20.998109817504883,1.0
CQR-OneSided,0.99,0p99,test,-1426.2728271484375,1155.0723876953125,-1437.0,1170.0,18.38221549987793,21.136362075805664,0.23420333862304688,21.37056541442871,1.0
CQR-OneSided,0.99,0p99,test,-1432.135986328125,1159.75634765625,-1437.0,1165.0,7.152238845825195,20.224912643432617,0.23420333862304688,20.459115982055664,1.0
CQR-OneSided,0.99,0p99,test,-1432.3592529296875,1159.9412841796875,-1437.0,1155.0,6.77885103225708,20.29631996154785,0.23420333862304688,20.5305233001709,1.0
CQR-OneSided,0.99,0p99,test,-1433.350830078125,1160.742919921875,-1437.0,1165.0,5.607064247131348,20.275102615356445,0.23420333862304688,20.509305953979492,1.0
CQR-OneSided,0.99,0p99,test,-1398.8631591796875,1129.9405517578125,-1437.0,1160.0,48.55912780761719,60.154327392578125,0.23420333862304688,60.38853073120117,1.0
CQR-OneSided,0.99,0p99,test,-1431.678955078125,1159.4168701171875,-1437.0,1165.0,7.712642669677734,20.652196884155273,0.23420333862304688,20.88640022277832,1.0
CQR-OneSided,0.99,0p99,test,-1427.934326171875,1156.4217529296875,-1437.0,1170.0,16.326519012451172,21.22736358642578,0.23420333862304688,21.461566925048828,1.0
CQR-OneSided,0.99,0p99,test,-1340.8896484375,1083.1397705078125,-1437.0,1160.0,123.06378173828125,155.64044189453125,0.23420333862304688,155.87464904785156,1.0
CQR-OneSided,0.99,0p99,test,-1441.778564453125,1164.59033203125,-1437.0,1160.0,6.626147270202637,16.477645874023438,0.23420333862304688,16.711849212646484,1.0
CQR-OneSided,0.99,0p99,test,-1425.5819091796875,1151.5133056640625,-1437.0,1160.0,14.226622581481934,23.801898956298828,0.23420333862304688,24.036102294921875,1.0
CQR-OneSided,0.99,0p99,test,-1422.893310546875,1149.3431396484375,-1437.0,1160.0,17.679574966430664,33.091434478759766,0.23420333862304688,33.32563781738281,1.0
CQR-OneSided,0.99,0p99,test,-1435.060546875,1162.117919921875,-1437.0,1165.0,3.4738831520080566,20.170124053955078,0.23420333862304688,20.404327392578125,1.0
CQR-OneSided,0.99,0p99,test,-1434.478759765625,1161.6988525390625,-1437.0,1170.0,8.675580978393555,20.967500686645508,0.23420333862304688,21.201704025268555,1.0
CQR-OneSided,0.99,0p99,test,-1433.2958984375,1160.7642822265625,-1437.0,1170.0,9.950821876525879,21.31220245361328,0.23420333862304688,21.546405792236328,1.0
CQR-OneSided,0.99,0p99,test,-1433.5760498046875,1160.9493408203125,-1437.0,1155.0,6.864262104034424,20.634546279907227,0.23420333862304688,20.868749618530273,1.0
CQR-OneSided,0.99,0p99,test,-1437.7745361328125,1164.4007568359375,-1437.0,1170.0,5.652559757232666,21.489187240600586,0.23420333862304688,21.723390579223633,1.0
CQR-OneSided,0.99,0p99,test,-1437.35498046875,1164.0045166015625,-1437.0,1165.0,1.0568814277648926,20.606983184814453,0.23420333862304688,20.8411865234375,1.0
CQR-OneSided,0.99,0p99,test,-1443.2164306640625,1168.8060302734375,-1437.0,1170.0,6.330053329467773,21.54532241821289,0.23420333862304688,21.779525756835938,1.0
CQR-OneSided,0.99,0p99,test,-1429.845458984375,1157.97900390625,-1437.0,1170.0,13.988988876342773,21.376728057861328,0.23420333862304688,21.610931396484375,1.0
CQR-OneSided,0.99,0p99,test,-1354.220703125,1093.8997802734375,-1437.0,1160.0,105.93229675292969,135.3777313232422,0.23420333862304688,135.6119384765625,1.0
CQR-OneSided,0.99,0p99,test,-1427.7703857421875,1156.2235107421875,-1437.0,1155.0,9.310357093811035,20.2137508392334,0.23420333862304688,20.447954177856445,1.0
CQR-OneSided,0.99,0p99,test,-1338.697265625,1084.72119140625,-1437.0,1165.0,126.9177474975586,185.26112365722656,0.23420333862304688,185.49533081054688,1.0
CQR-OneSided,0.99,0p99,test,-1433.0845947265625,1160.503173828125,-1437.0,1155.0,6.75391149520874,19.95322608947754,0.23420333862304688,20.187429428100586,1.0
CQR-OneSided,0.99,0p99,test,-1422.493408203125,1151.9263916015625,-1437.0,1155.0,14.828630447387695,19.813627243041992,0.23420333862304688,20.04783058166504,1.0
CQR-OneSided,0.99,0p99,test,-1443.228759765625,1168.8294677734375,-1437.0,1170.0,6.337790489196777,21.728713989257812,0.23420333862304688,21.96291732788086,1.0
CQR-OneSided,0.99,0p99,test,-1433.1103515625,1160.603271484375,-1437.0,1170.0,10.169949531555176,21.142648696899414,0.23420333862304688,21.37685203552246,1.0
CQR-OneSided,0.99,0p99,test,-1390.8211669921875,1123.4442138671875,-1437.0,1160.0,58.8966064453125,63.254669189453125,0.23420333862304688,63.48887252807617,1.0
CQR-OneSided,0.99,0p99,test,-1424.5023193359375,1153.5489501953125,-1437.0,1155.0,12.581635475158691,19.794038772583008,0.23420333862304688,20.028242111206055,1.0
CQR-OneSided,0.99,0p99,test,-1442.4365234375,1168.1759033203125,-1437.0,1170.0,5.734379768371582,21.55489158630371,0.23420333862304688,21.789094924926758,1.0
CQR-OneSided,0.99,0p99,test,-1430.2115478515625,1158.191162109375,-1437.0,1155.0,7.5011067390441895,20.122495651245117,0.23420333862304688,20.356698989868164,1.0
CQR-OneSided,0.99,0p99,test,-1429.7021484375,1157.8421630859375,-1437.0,1170.0,14.179973602294922,21.078725814819336,0.23420333862304688,21.312929153442383,1.0
CQR-OneSided,0.99,0p99,test,-1428.6719970703125,1154.0089111328125,-1437.0,1160.0,10.259082794189453,24.547672271728516,0.23420333862304688,24.781875610351562,1.0
CQR-OneSided,0.99,0p99,test,-1430.5020751953125,1158.4517822265625,-1437.0,1165.0,9.22508430480957,20.4727725982666,0.23420333862304688,20.70697593688965,1.0
CQR-OneSided,0.99,0p99,test,-1437.268310546875,1160.9493408203125,-1437.0,1160.0,0.9865285158157349,15.713356971740723,0.23420333862304688,15.94756031036377,1.0
CQR-OneSided,0.99,0p99,test,-1437.608642578125,1164.1953125,-1437.0,1165.0,1.008943796157837,20.434282302856445,0.23420333862304688,20.668485641479492,1.0
CQR-OneSided,0.99,0p99,test,-1430.9833984375,1158.8685302734375,-1437.0,1170.0,12.653422355651855,20.918962478637695,0.23420333862304688,21.153165817260742,1.0
CQR-OneSided,0.99,0p99,test,-1399.88134765625,1130.763427734375,-1437.0,1160.0,47.25009536743164,60.925594329833984,0.23420333862304688,61.15979766845703,1.0
CQR-OneSided,0.99,0p99,test,-1418.441650390625,1145.7498779296875,-1437.0,1160.0,23.39825439453125,39.46893310546875,0.23420333862304688,39.7031364440918,1.0
CQR-OneSided,0.99,0p99,test,-1435.87890625,1162.7679443359375,-1437.0,1165.0,2.497783660888672,20.007823944091797,0.23420333862304688,20.242027282714844,1.0
CQR-OneSided,0.99,0p99,test,-1433.805908203125,1161.1229248046875,-1437.0,1165.0,5.02333927154541,20.47027015686035,0.23420333862304688,20.7044734954834,1.0
CQR-OneSided,0.99,0p99,test,-1427.7552490234375,1153.2703857421875,-1437.0,1160.0,11.434733390808105,35.166744232177734,0.23420333862304688,35.40094757080078,1.0
CQR-OneSided,0.99,0p99,test,-1431.4168701171875,1159.179443359375,-1437.0,1155.0,6.974172592163086,20.3062801361084,0.23420333862304688,20.540483474731445,1.0
CQR-OneSided,0.99,0p99,test,-1437.1376953125,1163.8179931640625,-1437.0,1165.0,1.190000057220459,20.453828811645508,0.23420333862304688,20.688032150268555,1.0
CQR-OneSided,0.99,0p99,test,-1429.189208984375,1157.4329833984375,-1437.0,1170.0,14.796566009521484,21.157930374145508,0.23420333862304688,21.392133712768555,1.0
CQR-OneSided,0.99,0p99,test,-1372.41650390625,1108.5853271484375,-1437.0,1160.0,82.54996490478516,84.61678314208984,0.23420333862304688,84.85098266601562,1.0
CQR-OneSided,0.99,0p99,test,-1430.98583984375,1158.893310546875,-1437.0,1170.0,12.63046646118164,21.265213012695312,0.23420333862304688,21.49941635131836,1.0
CQR-OneSided,0.99,0p99,test,-1435.415771484375,1162.4212646484375,-1437.0,1165.0,3.0264923572540283,20.399446487426758,0.23420333862304688,20.633649826049805,1.0
CQR-OneSided,0.99,0p99,test,-1439.0118408203125,1165.38427734375,-1437.0,1165.0,2.0482120513916016,21.200916290283203,0.23420333862304688,21.43511962890625,1.0
CQR-OneSided,0.99,0p99,test,-1435.24755859375,1162.3043212890625,-1437.0,1165.0,3.2152347564697266,20.690322875976562,0.23420333862304688,20.92452621459961,1.0
CQR-OneSided,0.99,0p99,test,-1423.9229736328125,1153.101806640625,-1437.0,1155.0,13.21407413482666,20.079126358032227,0.23420333862304688,20.313329696655273,1.0
CQR-OneSided,0.99,0p99,test,-1434.1722412109375,1161.4600830078125,-1437.0,1170.0,8.99591064453125,21.09429359436035,0.23420333862304688,21.3284969329834,1.0
CQR-OneSided,0.99,0p99,test,-1429.79052734375,1157.85107421875,-1437.0,1155.0,7.752749443054199,20.131629943847656,0.23420333862304688,20.365833282470703,1.0
CQR-OneSided,0.99,0p99,test,-1448.8505859375,1170.302001953125,-1437.0,1160.0,15.702471733093262,24.206470489501953,0.23420333862304688,24.440673828125,1.0
CQR-OneSided,0.99,0p99,test,-1433.1275634765625,1160.552001953125,-1437.0,1165.0,5.897495269775391,20.14154815673828,0.23420333862304688,20.375751495361328,1.0
CQR-OneSided,0.99,0p99,test,-1440.1378173828125,1166.299560546875,-1437.0,1170.0,4.851716041564941,21.285776138305664,0.23420333862304688,21.51997947692871,1.0
CQR-OneSided,0.99,0p99,test,-1422.788818359375,1149.2591552734375,-1437.0,1160.0,17.813573837280273,28.658023834228516,0.23420333862304688,28.892227172851562,1.0
CQR-OneSided,0.99,0p99,test,-1428.449951171875,1156.7698974609375,-1437.0,1155.0,8.731315612792969,20.16438865661621,0.23420333862304688,20.398591995239258,1.0
CQR-OneSided,0.99,0p99,test,-1443.606201171875,1169.1143798828125,-1437.0,1170.0,6.665299892425537,21.40791893005371,0.23420333862304688,21.642122268676758,1.0
CQR-OneSided,0.99,0p99,test,-1436.70166015625,1163.5255126953125,-1437.0,1170.0,6.481357574462891,21.389070510864258,0.23420333862304688,21.623273849487305,1.0
CQR-OneSided,0.99,0p99,test,-1442.9833984375,1168.5780029296875,-1437.0,1165.0,6.971596717834473,20.90029525756836,0.23420333862304688,21.134498596191406,1.0
